{"stats":{"minecraft:used":{"minecraft:jack_o_lantern":1,"minecraft:shield":37,"minecraft:iron_sword":53,"minecraft:iron_chestplate":1,"minecraft:nether_bricks":2,"wom:agony":629,"born_in_chaos_v1:smoked_flesh":2,"wom:emerald_earrings":1,"minecraft:birch_sapling":1,"born_in_chaos_v1:mint_candy":1,"born_in_chaos_v1:gnawed_bones":3,"minecraft:item_frame":1,"minecraft:brown_carpet":1,"minecraft:oak_sapling":2,"minecraft:egg":8,"epicfight:skillbook":7,"minecraft:ender_pearl":1,"minecraft:leather_chestplate":2,"minecraft:chainmail_helmet":1,"minecraft:golden_apple":1,"minecraft:dripstone_block":14,"jojohe:jack_the_ripper_knife":8,"minecraft:bread":73,"minecraft:string":2,"born_in_chaos_v1:staffof_magic_arrows":4,"born_in_chaos_v1:black_argillite_brick_wall":2,"minecraft:golden_helmet":1,"minecraft:diamond_sword":100,"minecraft:chainmail_boots":1,"minecraft:oak_fence":2,"minecraft:rose_bush":1,"minecraft:iron_bars":12,"minecraft:torch":109,"minecraft:dirt":6,"minecraft:spruce_stairs":1,"minecraft:nether_brick_stairs":5,"minecraft:iron_axe":133,"minecraft:pitcher_plant":2,"minecraft:stone_pressure_plate":1,"minecraft:cooked_beef":18,"minecraft:acacia_planks":3,"minecraft:enchanted_golden_apple":1,"minecraft:cooked_mutton":4,"minecraft:birch_planks":36,"wom:ruine":72,"minecraft:leather_boots":1,"minecraft:mossy_cobblestone":1,"minecraft:crafting_table":2,"minecraft:flower_pot":2,"jojohe:red_wine":3,"minecraft:apple":1,"minecraft:oxeye_daisy":1,"minecraft:iron_pickaxe":152,"minecraft:leather_helmet":1,"minecraft:golden_leggings":2,"minecraft:cobblestone":7,"minecraft:potion":6,"minecraft:cooked_porkchop":2,"epicfight:uchigatana":89,"minecraft:splash_potion":1},"minecraft:picked_up":{"minecraft:iron_chestplate":1,"minecraft:wheat":4,"minecraft:flower_pot":4,"born_in_chaos_v1:black_argillite_brick_wall":2,"minecraft:potion":1,"minecraft:stone_brick_stairs":2,"born_in_chaos_v1:bloody_gadfly_eye":1,"minecraft:string":33,"minecraft:raw_copper":6,"minecraft:experience_bottle":1,"minecraft:beetroot":1,"minecraft:gold_nugget":7,"minecraft:bucket":1,"jojohe:pink_cloth":1,"minecraft:rose_bush":1,"minecraft:iron_pickaxe":1,"minecraft:tipped_arrow":5,"minecraft:stick":1,"born_in_chaos_v1:shattered_skull":9,"minecraft:oak_fence":2,"born_in_chaos_v1:phantom_powder":2,"minecraft:torch":95,"minecraft:acacia_log":7,"minecraft:spruce_stairs":1,"epicfight:skillbook":4,"minecraft:pointed_dripstone":5,"minecraft:brown_carpet":1,"minecraft:rotten_flesh":80,"jojohe:red_cloth":1,"minecraft:iron_block":4,"epicfight:stray_robe":1,"minecraft:iron_bars":23,"minecraft:cobblestone":17,"minecraft:birch_log":14,"born_in_chaos_v1:staffof_magic_arrows":1,"minecraft:leather_chestplate":2,"minecraft:cooked_beef":4,"born_in_chaos_v1:spiritual_dust":6,"minecraft:golden_leggings":2,"minecraft:potato":1,"paraglider:spirit_orb":122,"minecraft:dirt":55,"born_in_chaos_v1:monster_skin":3,"born_in_chaos_v1:marigolds":7,"minecraft:bone":66,"minecraft:bow":4,"minecraft:wheat_seeds":36,"minecraft:mossy_stone_bricks":2,"minecraft:diamond_helmet":1,"minecraft:cooked_porkchop":7,"minecraft:nether_brick_stairs":14,"minecraft:mossy_cobblestone":1,"born_in_chaos_v1:fire_dust":1,"minecraft:diamond":8,"jojohe:brown_cloth":1,"minecraft:chainmail_helmet":1,"minecraft:oak_sapling":11,"minecraft:jack_o_lantern":1,"born_in_chaos_v1:rotten_fish":6,"minecraft:crimson_roots":1,"undergarden:veil_mushroom":2,"minecraft:crafting_table":1,"born_in_chaos_v1:diamond_termite_shard":4,"minecraft:azure_bluet":2,"born_in_chaos_v1:seedof_chaos":5,"minecraft:leather_leggings":3,"jojohe:light_gray_cloth":1,"minecraft:shield":1,"minecraft:fire_coral":1,"epicfight:stray_hat":2,"minecraft:item_frame":1,"minecraft:cracked_stone_bricks":2,"minecraft:beef":5,"born_in_chaos_v1:gnawed_bones":3,"minecraft:chest":1,"minecraft:birch_sapling":1,"minecraft:raw_iron":1,"sophisticatedbackpacks:backpack":1,"jojohe:jack_the_ripper_knife":1,"jojowos:coffee_gum":1,"minecraft:carrot":1,"born_in_chaos_v1:pieceofdarkmetal":9,"jojohe:lime_cloth":1,"minecraft:stone_pressure_plate":1,"minecraft:arrow":20,"minecraft:nether_bricks":2,"minecraft:diamond_boots":1,"minecraft:hay_block":18,"born_in_chaos_v1:spiny_shell":5,"minecraft:mutton":1,"minecraft:oxeye_daisy":1,"born_in_chaos_v1:fused_bone":2,"born_in_chaos_v1:corpse_maggot":18,"born_in_chaos_v1:monster_flesh":1,"minecraft:glow_ink_sac":5,"minecraft:salmon":1,"minecraft:leather":22,"minecraft:torchflower":1,"minecraft:oak_log":2,"minecraft:gunpowder":13,"minecraft:stone_bricks":1,"minecraft:kelp":3,"minecraft:iron_ingot":4,"minecraft:cobweb":2,"minecraft:glass_bottle":2,"jojohe:red_wine":3,"minecraft:iron_sword":1,"minecraft:pitcher_plant":2,"born_in_chaos_v1:orbofthe_summoner":2,"born_in_chaos_v1:ethereal_spirit":4,"minecraft:dripstone_block":14,"jojohe:light_blue_cloth":1,"minecraft:gravel":6,"jojohe:silent_horizon":1,"minecraft:dark_oak_fence_gate":1,"minecraft:spider_eye":10,"jojohe:friendship":1,"minecraft:iron_helmet":1,"minecraft:coal":1,"minecraft:ender_pearl":1},"minecraft:killed_by":{"minecraft:creeper":1,"jojowos:iggy":2,"born_in_chaos_v1:baby_skeleton":2,"born_in_chaos_v1:bone_imp_minion":1,"minecraft:cave_spider":1,"minecraft:zombie":4,"born_in_chaos_v1:supreme_bonescaller_stage_2":2,"born_in_chaos_v1:bonescaller_not_despawn":2,"minecraft:vex":3,"minecraft:player":1,"minecraft:stray":2,"minecraft:spider":1,"jojowos:dio_awakened":1,"minecraft:skeleton":4,"born_in_chaos_v1:skeleton_thrasher_not_despawn":2},"minecraft:killed":{"minecraft:cave_spider":12,"born_in_chaos_v1:zombie_lumberjack":1,"born_in_chaos_v1:restless_spirit":2,"minecraft:spider":17,"born_in_chaos_v1:siamese_skeletonsright":1,"born_in_chaos_v1:baby_skeleton_minion":7,"minecraft:skeleton":20,"jojohe:hooded_vampire_3":1,"born_in_chaos_v1:skeleton_thrasher":1,"born_in_chaos_v1:supreme_bonescaller_stage_2":2,"born_in_chaos_v1:firelight_not_despawn":1,"minecraft:pig":2,"born_in_chaos_v1:diamond_termite":4,"minecraft:zombie_villager":2,"minecraft:salmon":1,"minecraft:creeper":14,"minecraft:sheep":3,"minecraft:zombie":51,"born_in_chaos_v1:dread_hound":3,"born_in_chaos_v1:corpse_fly":6,"minecraft:stray":8,"jojohe:jack_the_ripper":1,"born_in_chaos_v1:door_knight":1,"born_in_chaos_v1:siamese_skeletonsleft":1,"minecraft:cow":3,"born_in_chaos_v1:skeleton_thrasher_not_despawn":2,"born_in_chaos_v1:thornshell_crab":1,"born_in_chaos_v1:zombie_bruiser":1,"born_in_chaos_v1:maggot":9,"jojowos:dio":1,"jojowos:iggy":1,"born_in_chaos_v1:corpse_fish":6,"born_in_chaos_v1:barrel_zombie":3,"jojohe:straizo":1,"born_in_chaos_v1:bone_imp_minion":7,"born_in_chaos_v1:baby_skeleton":17,"born_in_chaos_v1:swarmer":1,"born_in_chaos_v1:spirit_guide_assistant":1,"born_in_chaos_v1:decrepit_skeleton":13,"born_in_chaos_v1:bloody_gadfly":2,"born_in_chaos_v1:bonescaller_not_despawn":4,"minecraft:wither_skeleton":1,"minecraft:enderman":2},"minecraft:crafted":{"born_in_chaos_v1:dark_metal_ingot":5,"minecraft:chest":1,"born_in_chaos_v1:pileof_dark_metal":2,"sophisticatedbackpacks:backpack":1,"minecraft:crafting_table":1,"born_in_chaos_v1:spiny_shell_trap":2,"minecraft:birch_planks":56,"minecraft:shield":1,"minecraft:stick":4,"minecraft:iron_ingot":27,"minecraft:iron_axe":1,"sophisticatedbackpacks:iron_backpack":1,"minecraft:wheat":189,"sophisticatedbackpacks:gold_backpack":1,"minecraft:bread":64,"minecraft:air":0,"minecraft:acacia_planks":28},"minecraft:broken":{"minecraft:golden_helmet":1,"minecraft:chainmail_boots":1,"minecraft:golden_leggings":1,"minecraft:chainmail_helmet":1,"minecraft:leather_chestplate":1,"minecraft:leather_boots":1},"minecraft:mined":{"minecraft:potted_crimson_roots":1,"minecraft:grass_block":10,"minecraft:oxeye_daisy":1,"minecraft:spawner":60,"minecraft:nether_brick_stairs":10,"minecraft:pointed_dripstone":4,"minecraft:iron_bars":22,"minecraft:iron_block":4,"minecraft:torch":1,"minecraft:cobblestone":6,"minecraft:oak_planks":2,"minecraft:wall_torch":7,"minecraft:birch_log":2,"minecraft:wheat":3,"minecraft:pitcher_plant":1,"minecraft:grass":7,"minecraft:dirt":8,"minecraft:oak_leaves":7,"minecraft:mossy_cobblestone":1,"minecraft:jack_o_lantern":1,"born_in_chaos_v1:infected_diamond_ore":3,"minecraft:nether_bricks":3,"born_in_chaos_v1:black_argillite_brick_wall":2,"minecraft:hay_block":18,"minecraft:dark_oak_fence_gate":1,"treechop:chopped_log":2,"minecraft:vine":3,"minecraft:stone":5,"minecraft:glass_pane":2,"minecraft:brown_carpet":1,"minecraft:crafting_table":1,"minecraft:oak_fence":2,"minecraft:rose_bush":1,"undergarden:potted_veil_mushroom":2,"minecraft:tall_grass":11,"minecraft:copper_ore":1,"minecraft:spruce_stairs":1,"minecraft:torchflower":1,"minecraft:birch_leaves":3,"minecraft:pitcher_crop":1,"minecraft:flower_pot":1,"minecraft:gravel":1,"minecraft:dripstone_block":14,"minecraft:cobweb":11,"minecraft:cracked_stone_bricks":1,"minecraft:stone_bricks":1,"minecraft:mossy_stone_bricks":2},"minecraft:dropped":{"minecraft:nether_brick_stairs":9,"jojohe:lime_cloth":1,"minecraft:cooked_beef":7,"minecraft:oak_log":2,"minecraft:glow_ink_sac":5,"minecraft:glass_bottle":5,"minecraft:cracked_stone_bricks":2,"epicfight:stray_hat":2,"minecraft:leather_helmet":1,"minecraft:dirt":22,"born_in_chaos_v1:monster_skin":1,"minecraft:mutton":1,"minecraft:gold_nugget":7,"epicfight:stray_robe":1,"minecraft:bone":3,"minecraft:gravel":6,"born_in_chaos_v1:fire_dust":1,"minecraft:wheat":1,"minecraft:pointed_dripstone":5,"minecraft:beetroot":1,"minecraft:rotten_flesh":63,"jojohe:jack_the_ripper_knife":1,"minecraft:azure_bluet":2,"minecraft:salmon":1,"minecraft:carrot":1,"minecraft:tipped_arrow":4,"minecraft:gunpowder":5,"born_in_chaos_v1:corpse_maggot":16,"minecraft:leather_leggings":3,"minecraft:iron_bars":7,"minecraft:arrow":3,"minecraft:beef":5,"jojohe:pink_cloth":1,"minecraft:stone_brick_stairs":2,"born_in_chaos_v1:marigolds":7,"minecraft:egg":20,"minecraft:torchflower":1,"minecraft:bread":3,"minecraft:wheat_seeds":36,"minecraft:golden_helmet":1,"minecraft:iron_helmet":1,"minecraft:cobblestone":10,"minecraft:copper_ingot":2,"jojohe:light_blue_cloth":1,"minecraft:chainmail_helmet":2,"minecraft:cobweb":2,"jojohe:red_cloth":1,"minecraft:torch":50,"minecraft:diamond_helmet":1,"minecraft:potion":3,"minecraft:iron_leggings":1,"minecraft:string":1,"minecraft:bucket":1,"minecraft:kelp":3,"minecraft:raw_copper":5,"minecraft:raw_iron":1,"born_in_chaos_v1:rotten_fish":6,"minecraft:potato":1,"minecraft:shield":1,"jojohe:light_gray_cloth":1,"jojohe:brown_cloth":1,"minecraft:iron_chestplate":1,"born_in_chaos_v1:spiny_shell":1,"minecraft:mossy_stone_bricks":2,"minecraft:fire_coral":1,"minecraft:golden_leggings":3,"minecraft:oak_sapling":9,"minecraft:stone_bricks":1,"minecraft:spider_eye":7,"minecraft:diamond_boots":1,"minecraft:bow":4},"minecraft:custom":{"minecraft:interact_with_crafting_table":15,"minecraft:open_barrel":23,"minecraft:bell_ring":5,"minecraft:eat_cake_slice":13,"minecraft:leave_game":9,"minecraft:time_since_death":21582,"minecraft:damage_resisted":182,"minecraft:sprint_one_cm":1279612,"minecraft:damage_blocked_by_shield":1770,"minecraft:drop":169,"minecraft:play_time":171087,"minecraft:deaths":30,"minecraft:jump":2121,"minecraft:interact_with_brewingstand":1,"minecraft:walk_on_water_one_cm":41018,"minecraft:interact_with_furnace":5,"minecraft:damage_dealt":48446,"minecraft:crouch_one_cm":32764,"minecraft:mob_kills":245,"minecraft:damage_dealt_resisted":4902,"minecraft:climb_one_cm":24969,"minecraft:walk_one_cm":969400,"minecraft:damage_dealt_absorbed":220,"minecraft:sneak_time":6223,"minecraft:walk_under_water_one_cm":24174,"minecraft:interact_with_blast_furnace":7,"minecraft:total_world_time":171087,"minecraft:pot_flower":1,"minecraft:time_since_rest":21604,"minecraft:damage_taken":14400,"minecraft:damage_absorbed":160,"minecraft:swim_one_cm":68610,"minecraft:fly_one_cm":779088,"minecraft:open_chest":169,"minecraft:fall_one_cm":105091}},"DataVersion":3465}