{"stats":{"minecraft:used":{"minecraft:oak_fence":2,"epicfight:skillbook":1,"minecraft:rose_bush":1,"minecraft:birch_planks":5,"minecraft:shield":37,"minecraft:iron_sword":49,"minecraft:leather_boots":1,"minecraft:dirt":1,"minecraft:crafting_table":1,"minecraft:oxeye_daisy":1,"minecraft:bread":27,"minecraft:iron_axe":86,"minecraft:birch_sapling":1,"minecraft:iron_pickaxe":11,"born_in_chaos_v1:black_argillite_brick_wall":1,"minecraft:golden_helmet":1,"minecraft:golden_leggings":1,"minecraft:item_frame":1,"minecraft:diamond_sword":88,"minecraft:brown_carpet":1,"minecraft:cobblestone":2,"minecraft:oak_sapling":2},"minecraft:picked_up":{"minecraft:birch_log":14,"born_in_chaos_v1:staffof_magic_arrows":1,"born_in_chaos_v1:corpse_maggot":2,"minecraft:crafting_table":1,"minecraft:wheat":4,"born_in_chaos_v1:spiritual_dust":3,"born_in_chaos_v1:seedof_chaos":3,"born_in_chaos_v1:black_argillite_brick_wall":1,"paraglider:spirit_orb":14,"minecraft:gunpowder":2,"minecraft:string":14,"minecraft:dirt":28,"minecraft:item_frame":1,"minecraft:experience_bottle":1,"minecraft:bone":26,"minecraft:bow":1,"minecraft:wheat_seeds":9,"minecraft:beef":1,"minecraft:iron_ingot":2,"minecraft:rose_bush":1,"minecraft:iron_pickaxe":1,"minecraft:birch_sapling":1,"minecraft:iron_sword":1,"minecraft:tipped_arrow":1,"born_in_chaos_v1:shattered_skull":5,"minecraft:oak_fence":2,"born_in_chaos_v1:orbofthe_summoner":1,"epicfight:skillbook":1,"minecraft:carrot":1,"born_in_chaos_v1:pieceofdarkmetal":2,"minecraft:dark_oak_fence_gate":1,"minecraft:spider_eye":5,"minecraft:brown_carpet":1,"minecraft:arrow":4,"minecraft:rotten_flesh":20,"minecraft:diamond":8,"minecraft:hay_block":18,"minecraft:iron_block":2,"minecraft:oak_sapling":2,"born_in_chaos_v1:rotten_fish":2,"minecraft:cobblestone":12,"minecraft:oxeye_daisy":1},"minecraft:killed_by":{"minecraft:cave_spider":1,"minecraft:stray":1,"minecraft:creeper":1,"minecraft:zombie":1,"born_in_chaos_v1:skeleton_thrasher_not_despawn":1,"born_in_chaos_v1:supreme_bonescaller_stage_2":2,"born_in_chaos_v1:baby_skeleton":2,"born_in_chaos_v1:bone_imp_minion":1,"born_in_chaos_v1:bonescaller_not_despawn":2,"minecraft:vex":2},"minecraft:killed":{"minecraft:cave_spider":5,"born_in_chaos_v1:bone_imp_minion":1,"born_in_chaos_v1:baby_skeleton":14,"minecraft:spider":3,"born_in_chaos_v1:skeleton_thrasher_not_despawn":1,"minecraft:creeper":1,"born_in_chaos_v1:baby_skeleton_minion":3,"born_in_chaos_v1:decrepit_skeleton":10,"minecraft:sheep":1,"minecraft:skeleton":1,"minecraft:zombie":17,"born_in_chaos_v1:bonescaller_not_despawn":2,"minecraft:stray":1,"born_in_chaos_v1:corpse_fish":2,"born_in_chaos_v1:supreme_bonescaller_stage_2":1,"minecraft:cow":1},"minecraft:crafted":{"minecraft:crafting_table":1,"minecraft:birch_planks":32,"minecraft:bread":64,"minecraft:shield":1,"minecraft:iron_axe":1,"minecraft:stick":4,"minecraft:iron_ingot":9,"minecraft:wheat":189},"minecraft:broken":{"minecraft:golden_helmet":1,"minecraft:leather_boots":1,"minecraft:golden_leggings":1},"minecraft:mined":{"minecraft:glass_pane":2,"minecraft:brown_carpet":1,"minecraft:oak_fence":2,"minecraft:crafting_table":1,"born_in_chaos_v1:black_argillite_brick_wall":1,"minecraft:grass_block":2,"minecraft:rose_bush":1,"minecraft:tall_grass":9,"minecraft:oxeye_daisy":1,"minecraft:spawner":7,"minecraft:hay_block":18,"minecraft:birch_log":2,"minecraft:wheat":3,"minecraft:dark_oak_fence_gate":1,"treechop:chopped_log":1,"minecraft:grass":3,"minecraft:iron_bars":1,"minecraft:cobweb":11,"minecraft:iron_block":2,"minecraft:oak_leaves":3},"minecraft:dropped":{"minecraft:bread":1,"minecraft:wheat_seeds":9,"minecraft:golden_helmet":1,"minecraft:wheat":1,"minecraft:cobblestone":10,"minecraft:rotten_flesh":3,"minecraft:tipped_arrow":1,"minecraft:gunpowder":3,"minecraft:spider_eye":3,"minecraft:arrow":2,"minecraft:bow":1,"minecraft:beef":1},"minecraft:custom":{"minecraft:interact_with_furnace":1,"minecraft:mob_kills":66,"minecraft:interact_with_crafting_table":11,"minecraft:open_barrel":19,"minecraft:bell_ring":5,"minecraft:damage_dealt_resisted":1866,"minecraft:leave_game":9,"minecraft:time_since_death":4686,"minecraft:climb_one_cm":4521,"minecraft:time_since_rest":4712,"minecraft:sprint_one_cm":289220,"minecraft:damage_taken":5436,"minecraft:walk_one_cm":271575,"minecraft:damage_blocked_by_shield":1770,"minecraft:drop":21,"minecraft:damage_dealt":12971,"minecraft:damage_dealt_absorbed":120,"minecraft:swim_one_cm":15610,"minecraft:fly_one_cm":227598,"minecraft:open_chest":38,"minecraft:crouch_one_cm":10717,"minecraft:play_time":45087,"minecraft:deaths":15,"minecraft:sneak_time":2047,"minecraft:walk_under_water_one_cm":6302,"minecraft:interact_with_brewingstand":1,"minecraft:jump":706,"minecraft:walk_on_water_one_cm":9337,"minecraft:total_world_time":45087,"minecraft:fall_one_cm":24242}},"DataVersion":3465}