{"stats":{"minecraft:used":{"minecraft:jack_o_lantern":1,"minecraft:shield":37,"minecraft:iron_sword":70,"minecraft:iron_chestplate":1,"born_in_chaos_v1:spiny_shell_trap":2,"minecraft:nether_bricks":2,"wom:agony":1015,"born_in_chaos_v1:smoked_flesh":2,"wom:emerald_earrings":10,"minecraft:birch_sapling":1,"born_in_chaos_v1:mint_candy":1,"born_in_chaos_v1:gnawed_bones":3,"minecraft:item_frame":1,"minecraft:brown_carpet":1,"born_in_chaos_v1:fel_lamp":9,"minecraft:oak_sapling":2,"minecraft:egg":8,"epicfight:skillbook":7,"minecraft:ender_pearl":2,"minecraft:leather_chestplate":2,"minecraft:chainmail_helmet":1,"minecraft:diamond_axe":52,"minecraft:golden_apple":7,"minecraft:sand":1,"born_in_chaos_v1:holiday_candy":3,"minecraft:dripstone_block":14,"jojohe:jack_the_ripper_knife":8,"minecraft:bread":90,"minecraft:string":2,"born_in_chaos_v1:staffof_magic_arrows":4,"born_in_chaos_v1:black_argillite_brick_wall":2,"minecraft:golden_helmet":1,"minecraft:diamond_sword":100,"minecraft:chainmail_boots":1,"minecraft:oak_fence":2,"minecraft:rose_bush":1,"minecraft:iron_bars":12,"minecraft:torch":136,"minecraft:dirt":7,"minecraft:spruce_stairs":1,"minecraft:nether_brick_stairs":5,"minecraft:iron_axe":139,"minecraft:pitcher_plant":2,"minecraft:stone_pressure_plate":1,"minecraft:cooked_beef":27,"minecraft:acacia_planks":17,"minecraft:enchanted_golden_apple":1,"minecraft:cooked_mutton":6,"minecraft:birch_planks":36,"minecraft:glass_bottle":1,"wom:ruine":72,"minecraft:leather_boots":1,"minecraft:mossy_cobblestone":1,"minecraft:crafting_table":3,"minecraft:flower_pot":2,"jojohe:red_wine":3,"minecraft:apple":10,"minecraft:oxeye_daisy":1,"minecraft:chicken":1,"minecraft:iron_pickaxe":176,"minecraft:leather_helmet":1,"minecraft:golden_leggings":2,"minecraft:cobblestone":7,"minecraft:potion":8,"minecraft:cooked_porkchop":21,"epicfight:uchigatana":89,"minecraft:splash_potion":1},"minecraft:picked_up":{"minecraft:iron_chestplate":1,"minecraft:wheat":4,"minecraft:flower_pot":4,"born_in_chaos_v1:black_argillite_brick_wall":2,"minecraft:potion":1,"minecraft:stone_brick_stairs":2,"born_in_chaos_v1:bloody_gadfly_eye":1,"minecraft:string":48,"minecraft:raw_copper":6,"minecraft:experience_bottle":1,"minecraft:beetroot":3,"minecraft:gold_nugget":7,"minecraft:bucket":1,"jojohe:pink_cloth":1,"minecraft:rose_bush":1,"minecraft:iron_pickaxe":1,"minecraft:tipped_arrow":5,"minecraft:stick":1,"born_in_chaos_v1:shattered_skull":11,"minecraft:oak_fence":2,"born_in_chaos_v1:phantom_powder":6,"minecraft:torch":98,"minecraft:acacia_log":7,"minecraft:spruce_stairs":1,"epicfight:skillbook":5,"minecraft:cherry_log":1,"minecraft:pointed_dripstone":5,"minecraft:brown_carpet":1,"minecraft:rotten_flesh":127,"jojohe:red_cloth":1,"minecraft:iron_block":4,"epicfight:stray_robe":1,"minecraft:iron_bars":23,"minecraft:cobblestone":17,"minecraft:birch_log":16,"born_in_chaos_v1:staffof_magic_arrows":1,"minecraft:leather_chestplate":2,"minecraft:feather":1,"minecraft:cooked_beef":13,"born_in_chaos_v1:spiritual_dust":6,"minecraft:golden_leggings":2,"minecraft:potato":1,"paraglider:spirit_orb":150,"minecraft:dirt":56,"born_in_chaos_v1:monster_skin":3,"born_in_chaos_v1:marigolds":7,"minecraft:bone":95,"minecraft:acacia_planks":8,"minecraft:bow":4,"minecraft:wheat_seeds":38,"minecraft:mossy_stone_bricks":2,"minecraft:diamond_helmet":1,"minecraft:cooked_porkchop":16,"minecraft:sand":1,"minecraft:nether_brick_stairs":14,"minecraft:mossy_cobblestone":1,"born_in_chaos_v1:fire_dust":1,"minecraft:diamond":8,"jojohe:brown_cloth":1,"minecraft:chainmail_helmet":1,"jojowos:stand_arrow":1,"minecraft:oak_sapling":11,"minecraft:jack_o_lantern":1,"born_in_chaos_v1:rotten_fish":6,"minecraft:crimson_roots":1,"undergarden:veil_mushroom":2,"sophisticatedbackpacks:gold_backpack":1,"minecraft:crafting_table":1,"born_in_chaos_v1:diamond_termite_shard":4,"minecraft:azure_bluet":2,"minecraft:chicken":1,"born_in_chaos_v1:river_mint":1,"born_in_chaos_v1:seedof_chaos":5,"minecraft:leather_leggings":3,"jojohe:light_gray_cloth":1,"wom:emerald_earrings":9,"minecraft:shield":2,"minecraft:fire_coral":1,"epicfight:stray_hat":2,"minecraft:item_frame":1,"minecraft:cracked_stone_bricks":2,"minecraft:candle":9,"minecraft:beef":5,"born_in_chaos_v1:gnawed_bones":3,"minecraft:chest":1,"minecraft:birch_sapling":1,"minecraft:raw_iron":1,"minecraft:spruce_fence":1,"sophisticatedbackpacks:backpack":1,"jojohe:jack_the_ripper_knife":1,"jojowos:coffee_gum":1,"minecraft:carrot":1,"born_in_chaos_v1:pieceofdarkmetal":19,"jojohe:lime_cloth":1,"minecraft:stone_pressure_plate":1,"minecraft:arrow":34,"minecraft:nether_bricks":2,"minecraft:diamond_boots":1,"minecraft:hay_block":18,"born_in_chaos_v1:spiny_shell":5,"minecraft:mutton":1,"minecraft:white_wool":1,"minecraft:oxeye_daisy":1,"born_in_chaos_v1:fused_bone":2,"born_in_chaos_v1:corpse_maggot":22,"born_in_chaos_v1:pumpkin_staff":1,"born_in_chaos_v1:monster_flesh":1,"minecraft:glow_ink_sac":7,"minecraft:salmon":1,"minecraft:leather":29,"minecraft:torchflower":1,"minecraft:oak_log":2,"minecraft:gunpowder":21,"minecraft:cooked_mutton":2,"born_in_chaos_v1:soul_cutlass":1,"minecraft:stone_bricks":1,"minecraft:kelp":6,"minecraft:iron_ingot":5,"born_in_chaos_v1:chipped_black_argillite_brick":1,"minecraft:cobweb":2,"born_in_chaos_v1:fel_lamp":1,"minecraft:glass_bottle":4,"jojohe:red_wine":3,"minecraft:iron_sword":1,"minecraft:pitcher_plant":2,"born_in_chaos_v1:orbofthe_summoner":2,"born_in_chaos_v1:ethereal_spirit":8,"minecraft:dripstone_block":14,"jojohe:light_blue_cloth":1,"minecraft:gravel":6,"jojohe:silent_horizon":1,"born_in_chaos_v1:dark_rod":3,"minecraft:spruce_sapling":1,"minecraft:dark_oak_fence_gate":1,"minecraft:spider_eye":11,"minecraft:pumpkin_seeds":25,"jojohe:friendship":1,"minecraft:iron_helmet":1,"minecraft:coal":1,"minecraft:ender_pearl":1},"minecraft:killed_by":{"minecraft:creeper":1,"jojowos:iggy":2,"born_in_chaos_v1:baby_skeleton":2,"born_in_chaos_v1:bone_imp_minion":1,"minecraft:cave_spider":1,"born_in_chaos_v1:pumpkinhead":1,"minecraft:zombie":4,"born_in_chaos_v1:supreme_bonescaller_stage_2":2,"born_in_chaos_v1:bonescaller_not_despawn":2,"minecraft:vex":3,"minecraft:player":1,"minecraft:stray":2,"minecraft:spider":1,"jojowos:dio_awakened":1,"minecraft:skeleton":4,"born_in_chaos_v1:skeleton_thrasher_not_despawn":2},"minecraft:killed":{"minecraft:cave_spider":12,"born_in_chaos_v1:mr_pumpkin":12,"minecraft:witch":1,"born_in_chaos_v1:zombie_lumberjack":2,"born_in_chaos_v1:restless_spirit":3,"born_in_chaos_v1:door_knight_not_despawn":1,"born_in_chaos_v1:sir_the_headless":1,"minecraft:spider":22,"born_in_chaos_v1:siamese_skeletonsright":1,"born_in_chaos_v1:baby_skeleton_minion":7,"minecraft:skeleton":29,"jojohe:hooded_vampire_3":1,"born_in_chaos_v1:skeleton_thrasher":2,"born_in_chaos_v1:supreme_bonescaller_stage_2":2,"born_in_chaos_v1:firelight_not_despawn":1,"minecraft:pig":4,"born_in_chaos_v1:diamond_termite":4,"minecraft:zombie_villager":2,"minecraft:salmon":1,"minecraft:creeper":15,"minecraft:sheep":4,"minecraft:zombie":84,"born_in_chaos_v1:dread_hound":3,"born_in_chaos_v1:corpse_fly":6,"minecraft:stray":8,"jojohe:jack_the_ripper":1,"born_in_chaos_v1:door_knight":1,"born_in_chaos_v1:siamese_skeletonsleft":1,"minecraft:cow":5,"born_in_chaos_v1:skeleton_thrasher_not_despawn":3,"born_in_chaos_v1:thornshell_crab":1,"born_in_chaos_v1:zombie_bruiser":1,"born_in_chaos_v1:maggot":14,"born_in_chaos_v1:pumpkinhead":1,"jojowos:dio":1,"jojowos:iggy":1,"minecraft:drowned":5,"born_in_chaos_v1:corpse_fish":7,"born_in_chaos_v1:barrel_zombie":4,"born_in_chaos_v1:felsteed":1,"jojohe:straizo":1,"born_in_chaos_v1:bone_imp_minion":7,"born_in_chaos_v1:baby_skeleton":21,"born_in_chaos_v1:swarmer":1,"born_in_chaos_v1:spirit_guide_assistant":1,"born_in_chaos_v1:decrepit_skeleton":17,"born_in_chaos_v1:phantom_creeper_copy":2,"born_in_chaos_v1:bloody_gadfly":3,"jojowos:dio_caped":1,"born_in_chaos_v1:dark_vortex":2,"born_in_chaos_v1:bonescaller_not_despawn":4,"minecraft:wither_skeleton":1,"minecraft:enderman":2},"minecraft:crafted":{"born_in_chaos_v1:dark_metal_ingot":5,"minecraft:chest":1,"born_in_chaos_v1:pileof_dark_metal":2,"sophisticatedbackpacks:backpack":1,"minecraft:diamond_axe":1,"minecraft:crafting_table":2,"born_in_chaos_v1:spiny_shell_trap":2,"minecraft:birch_planks":56,"minecraft:shield":1,"minecraft:stick":4,"minecraft:iron_ingot":27,"minecraft:iron_axe":1,"sophisticatedbackpacks:iron_backpack":1,"minecraft:wheat":189,"sophisticatedbackpacks:gold_backpack":1,"minecraft:bread":64,"minecraft:air":0,"minecraft:acacia_planks":28},"minecraft:broken":{"minecraft:golden_helmet":1,"minecraft:iron_chestplate":1,"minecraft:chainmail_boots":1,"minecraft:golden_leggings":1,"minecraft:chainmail_leggings":1,"minecraft:chainmail_helmet":1,"minecraft:leather_chestplate":1,"minecraft:iron_axe":1,"minecraft:leather_boots":1},"minecraft:mined":{"minecraft:potted_crimson_roots":1,"born_in_chaos_v1:dark_metal_deposit":1,"minecraft:grass_block":11,"minecraft:oxeye_daisy":1,"minecraft:spawner":75,"minecraft:tall_seagrass":1,"minecraft:nether_brick_stairs":10,"minecraft:pointed_dripstone":4,"minecraft:iron_bars":22,"minecraft:iron_block":4,"minecraft:torch":1,"minecraft:cobblestone":6,"minecraft:oak_planks":2,"minecraft:wall_torch":7,"minecraft:birch_log":2,"minecraft:wheat":3,"minecraft:pitcher_plant":1,"minecraft:yellow_stained_glass_pane":2,"minecraft:grass":11,"minecraft:dirt":8,"born_in_chaos_v1:infernal_evil_pumpkin_s":1,"minecraft:oak_leaves":7,"minecraft:mossy_cobblestone":1,"minecraft:jack_o_lantern":1,"born_in_chaos_v1:infected_diamond_ore":3,"minecraft:nether_bricks":3,"minecraft:spruce_fence":1,"born_in_chaos_v1:black_argillite_brick_wall":2,"minecraft:hay_block":18,"minecraft:dark_oak_fence_gate":1,"treechop:chopped_log":2,"minecraft:vine":3,"minecraft:stone":5,"minecraft:glass_pane":2,"minecraft:brown_carpet":1,"minecraft:crafting_table":1,"minecraft:oak_fence":2,"minecraft:rose_bush":1,"undergarden:potted_veil_mushroom":2,"minecraft:tall_grass":11,"minecraft:copper_ore":1,"born_in_chaos_v1:chipped_black_argillite_brick":1,"minecraft:spruce_stairs":1,"minecraft:torchflower":1,"minecraft:birch_leaves":3,"minecraft:pitcher_crop":1,"minecraft:flower_pot":1,"minecraft:gravel":1,"minecraft:dripstone_block":14,"minecraft:cobweb":11,"minecraft:cracked_stone_bricks":1,"minecraft:acacia_planks":8,"minecraft:stone_bricks":1,"minecraft:mossy_stone_bricks":2},"minecraft:dropped":{"minecraft:nether_brick_stairs":9,"jojohe:lime_cloth":1,"minecraft:candle":6,"minecraft:cooked_beef":7,"minecraft:oak_log":2,"minecraft:glow_ink_sac":7,"minecraft:glass_bottle":10,"minecraft:leather":7,"minecraft:cracked_stone_bricks":2,"born_in_chaos_v1:pieceofdarkmetal":6,"epicfight:stray_hat":2,"minecraft:leather_helmet":1,"minecraft:dirt":22,"born_in_chaos_v1:monster_skin":1,"minecraft:mutton":1,"minecraft:gold_nugget":7,"minecraft:white_wool":1,"minecraft:birch_log":2,"epicfight:stray_robe":1,"minecraft:bone":19,"minecraft:gravel":6,"born_in_chaos_v1:fire_dust":1,"minecraft:wheat":1,"born_in_chaos_v1:ethereal_spirit":2,"minecraft:pointed_dripstone":5,"minecraft:beetroot":3,"minecraft:rotten_flesh":102,"jojohe:jack_the_ripper_knife":1,"minecraft:azure_bluet":2,"minecraft:salmon":1,"minecraft:carrot":1,"minecraft:tipped_arrow":5,"minecraft:gunpowder":13,"born_in_chaos_v1:chipped_black_argillite_brick":1,"born_in_chaos_v1:corpse_maggot":20,"minecraft:leather_leggings":3,"minecraft:iron_bars":7,"minecraft:arrow":3,"minecraft:beef":5,"jojohe:pink_cloth":1,"minecraft:stone_brick_stairs":2,"born_in_chaos_v1:marigolds":7,"minecraft:egg":20,"minecraft:torchflower":1,"minecraft:bread":3,"born_in_chaos_v1:shattered_skull":3,"minecraft:wheat_seeds":38,"minecraft:golden_helmet":1,"minecraft:cherry_log":1,"minecraft:feather":1,"minecraft:iron_helmet":1,"minecraft:cobblestone":10,"jojohe:friendship":1,"minecraft:copper_ingot":2,"jojohe:light_blue_cloth":1,"minecraft:chainmail_helmet":2,"minecraft:cobweb":2,"jojohe:red_cloth":1,"born_in_chaos_v1:river_mint":1,"jojohe:dawn":1,"minecraft:torch":50,"minecraft:diamond_helmet":1,"minecraft:potion":4,"minecraft:iron_leggings":1,"born_in_chaos_v1:staffof_magic_arrows":1,"minecraft:string":16,"minecraft:bucket":1,"minecraft:spruce_sapling":1,"minecraft:redstone":1,"minecraft:kelp":6,"minecraft:raw_copper":6,"minecraft:raw_iron":1,"born_in_chaos_v1:rotten_fish":6,"minecraft:spruce_fence":1,"minecraft:pumpkin_seeds":25,"minecraft:potato":1,"minecraft:shield":2,"jojohe:light_gray_cloth":1,"jojohe:brown_cloth":1,"minecraft:iron_chestplate":1,"born_in_chaos_v1:spiny_shell":1,"minecraft:mossy_stone_bricks":2,"minecraft:fire_coral":1,"minecraft:golden_leggings":3,"minecraft:oak_sapling":9,"minecraft:stone_bricks":1,"minecraft:spider_eye":7,"minecraft:diamond_boots":1,"minecraft:bow":4,"epicfight:skillbook":1},"minecraft:custom":{"minecraft:interact_with_crafting_table":17,"minecraft:open_barrel":28,"minecraft:bell_ring":5,"minecraft:eat_cake_slice":13,"minecraft:leave_game":9,"minecraft:time_since_death":31949,"minecraft:damage_resisted":260,"minecraft:sprint_one_cm":1639908,"minecraft:damage_blocked_by_shield":1770,"minecraft:drop":229,"minecraft:play_time":231087,"minecraft:deaths":31,"minecraft:jump":2846,"minecraft:interact_with_brewingstand":1,"minecraft:walk_on_water_one_cm":64174,"minecraft:interact_with_furnace":5,"minecraft:damage_dealt":71565,"minecraft:crouch_one_cm":40809,"minecraft:mob_kills":350,"minecraft:damage_dealt_resisted":6311,"minecraft:climb_one_cm":25920,"minecraft:walk_one_cm":1313486,"minecraft:damage_dealt_absorbed":340,"minecraft:sneak_time":8610,"minecraft:walk_under_water_one_cm":39041,"minecraft:interact_with_blast_furnace":7,"minecraft:total_world_time":231087,"minecraft:pot_flower":1,"minecraft:time_since_rest":31974,"minecraft:damage_taken":20097,"minecraft:damage_absorbed":400,"minecraft:swim_one_cm":97130,"minecraft:fly_one_cm":1045249,"minecraft:open_chest":204,"minecraft:fall_one_cm":147879}},"DataVersion":3465}