{"stats":{"minecraft:picked_up":{"minecraft:crafting_table":1,"minecraft:wheat":4,"born_in_chaos_v1:seedof_chaos":3,"minecraft:leather_leggings":1,"born_in_chaos_v1:black_argillite_brick_wall":1,"minecraft:string":16,"epicfight:stray_hat":1,"minecraft:item_frame":1,"minecraft:experience_bottle":1,"minecraft:beef":5,"minecraft:rose_bush":1,"minecraft:iron_pickaxe":1,"minecraft:birch_sapling":1,"minecraft:tipped_arrow":2,"born_in_chaos_v1:shattered_skull":5,"minecraft:oak_fence":2,"minecraft:torch":1,"epicfight:skillbook":1,"jojowos:coffee_gum":1,"born_in_chaos_v1:pieceofdarkmetal":2,"minecraft:carrot":1,"minecraft:brown_carpet":1,"minecraft:arrow":5,"minecraft:rotten_flesh":30,"minecraft:hay_block":18,"minecraft:iron_block":2,"born_in_chaos_v1:spiny_shell":5,"minecraft:iron_bars":4,"minecraft:cobblestone":12,"minecraft:oxeye_daisy":1,"minecraft:birch_log":14,"born_in_chaos_v1:corpse_maggot":2,"born_in_chaos_v1:staffof_magic_arrows":1,"minecraft:leather_chestplate":1,"born_in_chaos_v1:monster_flesh":1,"born_in_chaos_v1:spiritual_dust":3,"minecraft:leather":3,"minecraft:golden_leggings":1,"paraglider:spirit_orb":26,"minecraft:gunpowder":2,"minecraft:dirt":28,"born_in_chaos_v1:monster_skin":1,"minecraft:bone":28,"minecraft:bow":1,"minecraft:wheat_seeds":10,"minecraft:iron_ingot":2,"minecraft:iron_sword":1,"born_in_chaos_v1:orbofthe_summoner":1,"minecraft:dark_oak_fence_gate":1,"minecraft:spider_eye":6,"minecraft:diamond":8,"born_in_chaos_v1:rotten_fish":2,"minecraft:jack_o_lantern":1,"minecraft:oak_sapling":2},"minecraft:used":{"minecraft:oak_fence":2,"minecraft:jack_o_lantern":1,"minecraft:rose_bush":1,"minecraft:iron_bars":2,"minecraft:shield":37,"minecraft:iron_sword":49,"minecraft:torch":4,"minecraft:dirt":1,"born_in_chaos_v1:smoked_flesh":1,"minecraft:iron_axe":111,"minecraft:birch_sapling":1,"minecraft:item_frame":1,"minecraft:brown_carpet":1,"minecraft:oak_sapling":2,"epicfight:skillbook":5,"minecraft:birch_planks":5,"minecraft:leather_chestplate":1,"minecraft:chainmail_helmet":1,"minecraft:leather_boots":1,"minecraft:crafting_table":2,"minecraft:oxeye_daisy":1,"minecraft:bread":34,"minecraft:iron_pickaxe":22,"born_in_chaos_v1:staffof_magic_arrows":4,"minecraft:leather_helmet":1,"born_in_chaos_v1:black_argillite_brick_wall":1,"minecraft:golden_leggings":2,"minecraft:golden_helmet":1,"minecraft:diamond_sword":100,"minecraft:cobblestone":2,"minecraft:splash_potion":1,"epicfight:uchigatana":30},"minecraft:killed_by":{"minecraft:stray":2,"minecraft:creeper":1,"jojowos:iggy":2,"minecraft:spider":1,"born_in_chaos_v1:baby_skeleton":2,"born_in_chaos_v1:bone_imp_minion":1,"minecraft:cave_spider":1,"minecraft:zombie":3,"born_in_chaos_v1:skeleton_thrasher_not_despawn":1,"born_in_chaos_v1:supreme_bonescaller_stage_2":2,"born_in_chaos_v1:bonescaller_not_despawn":2,"minecraft:vex":2},"minecraft:killed":{"minecraft:cave_spider":5,"minecraft:spider":5,"born_in_chaos_v1:skeleton_thrasher_not_despawn":1,"born_in_chaos_v1:thornshell_crab":1,"born_in_chaos_v1:baby_skeleton_minion":3,"born_in_chaos_v1:maggot":3,"minecraft:skeleton":2,"jojowos:iggy":1,"born_in_chaos_v1:corpse_fish":2,"born_in_chaos_v1:supreme_bonescaller_stage_2":1,"born_in_chaos_v1:bone_imp_minion":1,"born_in_chaos_v1:baby_skeleton":14,"minecraft:creeper":1,"born_in_chaos_v1:decrepit_skeleton":10,"minecraft:sheep":1,"minecraft:zombie":28,"born_in_chaos_v1:bonescaller_not_despawn":2,"minecraft:stray":2,"minecraft:cow":3},"minecraft:crafted":{"minecraft:iron_axe":1,"minecraft:chest":1,"minecraft:wheat":189,"sophisticatedbackpacks:iron_backpack":1,"sophisticatedbackpacks:backpack":1,"minecraft:crafting_table":1,"sophisticatedbackpacks:gold_backpack":1,"minecraft:birch_planks":56,"born_in_chaos_v1:spiny_shell_trap":2,"minecraft:bread":64,"minecraft:shield":1,"minecraft:stick":4,"minecraft:iron_ingot":9},"minecraft:mined":{"minecraft:jack_o_lantern":1,"minecraft:grass_block":2,"born_in_chaos_v1:black_argillite_brick_wall":1,"minecraft:oxeye_daisy":1,"minecraft:spawner":13,"minecraft:hay_block":18,"minecraft:dark_oak_fence_gate":1,"treechop:chopped_log":1,"minecraft:iron_bars":5,"minecraft:iron_block":2,"minecraft:glass_pane":2,"minecraft:brown_carpet":1,"minecraft:oak_fence":2,"minecraft:crafting_table":1,"minecraft:rose_bush":1,"minecraft:tall_grass":9,"minecraft:birch_log":2,"minecraft:wheat":3,"minecraft:birch_leaves":3,"minecraft:grass":7,"minecraft:cobweb":11,"minecraft:oak_leaves":7},"minecraft:broken":{"minecraft:golden_helmet":1,"minecraft:golden_leggings":1,"minecraft:leather_boots":1},"minecraft:dropped":{"minecraft:bread":1,"minecraft:wheat_seeds":10,"minecraft:golden_helmet":1,"minecraft:cobblestone":10,"minecraft:copper_ingot":2,"minecraft:leather_helmet":1,"minecraft:wheat":1,"born_in_chaos_v1:rotten_fish":2,"minecraft:rotten_flesh":7,"minecraft:carrot":1,"minecraft:tipped_arrow":1,"minecraft:gunpowder":3,"born_in_chaos_v1:spiny_shell":1,"minecraft:golden_leggings":1,"minecraft:leather_leggings":1,"minecraft:spider_eye":3,"minecraft:arrow":3,"minecraft:bow":1,"minecraft:beef":5},"minecraft:custom":{"minecraft:mob_kills":88,"minecraft:interact_with_crafting_table":14,"minecraft:open_barrel":19,"minecraft:bell_ring":5,"minecraft:damage_dealt_resisted":1943,"minecraft:eat_cake_slice":6,"minecraft:leave_game":9,"minecraft:time_since_death":2565,"minecraft:climb_one_cm":10891,"minecraft:sprint_one_cm":460448,"minecraft:walk_one_cm":363295,"minecraft:damage_blocked_by_shield":1770,"minecraft:drop":34,"minecraft:damage_dealt_absorbed":120,"minecraft:play_time":69087,"minecraft:deaths":21,"minecraft:sneak_time":2328,"minecraft:walk_under_water_one_cm":7690,"minecraft:jump":919,"minecraft:interact_with_brewingstand":1,"minecraft:walk_on_water_one_cm":10956,"minecraft:total_world_time":69087,"minecraft:interact_with_furnace":3,"minecraft:time_since_rest":2589,"minecraft:damage_taken":7259,"minecraft:damage_dealt":17116,"minecraft:fly_one_cm":297650,"minecraft:swim_one_cm":26474,"minecraft:open_chest":62,"minecraft:crouch_one_cm":12556,"minecraft:fall_one_cm":26601}},"DataVersion":3465}