{"stats":{"minecraft:crafted":{"minecraft:red_stained_glass_pane":40,"minecraft:jungle_button":8,"minecraft:smooth_stone":98,"create_sa:copper_chestplate":1,"minecraft:blue_stained_glass_pane":16,"minecraft:diamond_shovel":1,"minecraft:bookshelf":2,"minecraft:cooked_mutton":4,"minecraft:quartz_block":18,"minecraft:glass":105,"minecraft:diamond_leggings":1,"minecraft:melon_seeds":2,"farmersdelight:kelp_roll":2,"minecraft:blue_stained_glass":8,"minecraft:glass_bottle":18,"create_sa:copper_leggings":1,"minecraft:wooden_shovel":1,"minecraft:emerald":77,"minecraft:cooked_porkchop":4,"minecraft:diamond_axe":2,"create:red_seat":3,"minecraft:fletching_table":1,"epicfight:iron_longsword":2,"minecraft:campfire":2,"farmersdelight:apple_cider":1,"minecraft:painting":2,"farmersdelight:beef_patty":2,"farmersdelight:bacon_and_eggs":2,"minecraft:lectern":1,"comforts:rope_and_nail":2,"minecraft:iron_pickaxe":1,"minecraft:gold_ingot":135,"minecraft:light_gray_dye":1,"minecraft:jungle_sign":3,"farmersdelight:mutton_wrap":4,"minecraft:smooth_stone_slab":6,"minecraft:jukebox":1,"minecraft:iron_nugget":9,"comforts:sleeping_bag_white":1,"minecraft:bone_meal":120,"create_sa:copper_helmet":1,"minecraft:white_carpet":3,"minecraft:stone_stairs":14,"minecraft:ladder":6,"minecraft:stone_pickaxe":1,"minecraft:jungle_fence":21,"minecraft:wheat":54,"farmersdelight:hamburger":4,"wom:golden_chrono":1,"farmersdelight:cooking_pot":1,"minecraft:red_carpet":18,"minecraft:enchanted_book":2,"create_sa:copper_boots":1,"minecraft:wooden_axe":1,"minecraft:armor_stand":4,"minecraft:white_bed":2,"farmersdelight:diamond_knife":1,"farmersdelight:oak_cabinet":2,"minecraft:brick":80,"minecraft:oak_planks":480,"minecraft:lightning_rod":1,"minecraft:cobblestone_stairs":4,"minecraft:stone":122,"comforts:hammock_white":1,"minecraft:bow":1,"minecraft:chest":14,"comforts:hammock_red":1,"minecraft:oak_button":6,"minecraft:bricks":14,"minecraft:oak_fence":63,"farmersdelight:stove":2,"farmersdelight:tomato_seeds":8,"minecraft:item_frame":3,"minecraft:oak_slab":24,"minecraft:crafting_table":10,"farmersdelight:chocolate_pie":1,"minecraft:wooden_pickaxe":1,"minecraft:red_wool":15,"chipped:carpenters_table":1,"farmersdelight:skillet":1,"minecraft:white_stained_glass_pane":16,"farmersdelight:cutting_board":1,"minecraft:book":3,"minecraft:paper":9,"minecraft:diamond_pickaxe":2,"minecraft:yellow_dye":3,"minecraft:stick":2624,"create:white_seat":2,"minecraft:iron_ingot":69,"minecraft:shears":2,"farmersdelight:milk_bottle":4,"minecraft:oak_door":6,"createdeco:corner_red_bricks":4,"minecraft:furnace":9,"minecraft:blast_furnace":4,"minecraft:jungle_trapdoor":2,"farmersdelight:pie_crust":1,"epicfight:glove":4,"minecraft:glass_pane":96,"minecraft:oak_trapdoor":10,"minecraft:iron_axe":1,"epicfight:iron_greatsword":1,"minecraft:netherite_scrap":3,"minecraft:cooked_beef":12,"minecraft:sugar":49,"minecraft:red_dye":44,"minecraft:iron_sword":2,"minecraft:bowl":36,"epicfight:iron_dagger":1,"minecraft:bucket":2,"minecraft:stone_axe":1,"minecraft:bread":8,"minecraft:air":0,"minecraft:jungle_planks":2216,"minecraft:blue_dye":4,"minecraft:oak_boat":1,"minecraft:jungle_door":9,"minecraft:white_dye":2,"minecraft:stonecutter":1,"minecraft:torch":64,"chipped:glassblower":2},"minecraft:used":{"minecraft:chiseled_deepslate":1,"minecraft:ladder":12,"farmersdelight:cabbage_seeds":26,"chipped:square_leaded_glass_pane":25,"minecraft:chest":17,"minecraft:stone":2,"minecraft:quartz_stairs":32,"minecraft:rotten_flesh":14,"minecraft:cocoa_beans":24,"minecraft:allium":1,"minecraft:jungle_sapling":21,"minecraft:lava_bucket":2,"minecraft:villager_spawn_egg":5,"createdeco:corner_red_bricks":4,"minecraft:bow":8,"minecraft:furnace":7,"minecraft:oak_sapling":72,"minecraft:egg":4,"minecraft:potato":21,"farmersdelight:beef_stew":1,"farmersdelight:hamburger":1,"minecraft:damaged_anvil":1,"minecraft:spruce_door":3,"minecraft:blackstone":6,"chipped:reinforced_oak_log":54,"minecraft:wooden_pickaxe":32,"farmersdelight:cabbage_leaf":3,"minecraft:glow_berries":21,"chipped:crated_jungle_planks":97,"minecraft:blast_furnace":2,"chipped:paper_jungle_door":7,"chipped:overgrown_jungle_log":66,"minecraft:lightning_rod":1,"chipped:glow_torch":30,"minecraft:lectern":43,"minecraft:lilac":1,"minecraft:diamond_sword":67,"minecraft:oak_boat":1,"chipped:carpenters_table":8,"minecraft:oak_trapdoor":2,"minecraft:armor_stand":4,"minecraft:netherrack":50,"minecraft:torch":68,"minecraft:anvil":1,"minecraft:stone_stairs":14,"minecraft:jungle_trapdoor":4,"farmersdelight:beef_patty":4,"farmersdelight:oak_cabinet":2,"epicfight:iron_greatsword":264,"minecraft:iron_axe":78,"minecraft:jungle_log":61,"minecraft:melon_seeds":2,"minecraft:basalt":14,"farmersdelight:chocolate_pie_slice":5,"farmersdelight:cooking_pot":2,"chipped:tile_windowed_oak_door":3,"comforts:sleeping_bag_white":1,"farmersdelight:tomato_seeds":10,"minecraft:cobbled_deepslate":124,"minecraft:wheat_seeds":1,"farmersdelight:mutton_wrap":2,"minecraft:water_bucket":18,"comforts:hammock_red":1,"chipped:small_blue_stained_glass_pane":16,"minecraft:fletching_table":10,"minecraft:deepslate_bricks":1,"minecraft:polished_blackstone_bricks":17,"minecraft:crafting_table":9,"minecraft:white_bed":4,"minecraft:music_disc_strad":4,"minecraft:oak_log":49,"minecraft:diamond_pickaxe":1343,"minecraft:diamond_shovel":1215,"chipped:paper_oak_door":3,"minecraft:iron_pickaxe":251,"minecraft:spruce_sapling":3,"chipped:fine_jungle_planks":717,"farmersdelight:cooked_bacon":2,"minecraft:cobblestone":262,"minecraft:cooked_porkchop":2,"minecraft:dandelion":1,"minecraft:jukebox":3,"farmersdelight:stove":4,"minecraft:iron_sword":78,"minecraft:jungle_planks":258,"minecraft:carrot":23,"minecraft:tuff":4,"minecraft:music_disc_13":2,"minecraft:glass":1,"chipped:slanted_oak_planks":339,"farmersdelight:tomato":3,"minecraft:bricks":5,"farmersdelight:wild_cabbages":5,"minecraft:iron_helmet":1,"minecraft:item_frame":5,"minecraft:red_carpet":15,"farmersdelight:cutting_board":7,"chipped:large_diamond_red_stained_glass_pane":34,"epicfight:skillbook":6,"minecraft:stone_pickaxe":131,"minecraft:jungle_fence":14,"minecraft:oak_planks":164,"minecraft:diamond_axe":1538,"minecraft:sugar_cane":31,"minecraft:white_wool":2,"minecraft:crossbow":17,"minecraft:shears":59,"minecraft:firework_rocket":116,"minecraft:music_disc_mall":6,"minecraft:bread":9,"minecraft:string":15,"minecraft:gravel":26,"create:white_seat":4,"minecraft:jungle_sign":3,"minecraft:andesite":10,"minecraft:chain":3,"minecraft:bone_meal":61,"minecraft:experience_bottle":1,"minecraft:oak_fence":69,"farmersdelight:kelp_roll_slice":4,"minecraft:rose_bush":1,"farmersdelight:diamond_knife":11,"minecraft:oak_door":2,"minecraft:dirt":518,"minecraft:white_carpet":3,"minecraft:cobblestone_wall":28,"minecraft:bookshelf":1,"chipped:glassblower":5,"epicfight:glove":16,"minecraft:polished_blackstone_brick_stairs":1,"minecraft:iron_boots":1,"chipped:iron_barred_oak_trapdoor":8,"minecraft:golden_carrot":15,"chipped:brick_bond_jungle_planks":41,"minecraft:wolf_spawn_egg":1,"minecraft:cooked_beef":20,"chipped:large_diamond_leaded_glass":11,"minecraft:iron_leggings":1,"minecraft:cooked_mutton":3,"minecraft:cobblestone_stairs":255,"farmersdelight:skillet":3,"chipped:windowed_spruce_door":2,"create:red_seat":10,"minecraft:stonecutter":2,"chipped:large_diamond_white_stained_glass_pane":9,"chipped:pressed_jungle_door":4,"farmersdelight:onion":16,"minecraft:music_disc_cat":1,"minecraft:painting":12,"minecraft:smoker":1,"minecraft:apple":10,"farmersdelight:apple_cider":1,"chipped:bundled_jungle_log":6,"minecraft:cracked_polished_blackstone_bricks":12,"minecraft:stone_axe":9,"comforts:rope_and_nail":2,"minecraft:white_banner":1,"farmersdelight:bone_broth":3,"minecraft:bucket":20,"minecraft:smooth_stone":70},"minecraft:dropped":{"farmersdelight:hamburger":1,"chipped:reinforced_oak_log":6,"minecraft:cooked_beef":45,"minecraft:glass_bottle":1,"minecraft:diamond":10,"minecraft:crafting_table":1,"minecraft:cooked_porkchop":2,"create:incomplete_precision_mechanism":1,"farmersdelight:beef_patty":2,"minecraft:dirt":388,"minecraft:grass":6,"minecraft:jungle_sapling":20,"minecraft:gold_nugget":1,"minecraft:sand":18,"minecraft:white_wool":5,"minecraft:bone":4,"minecraft:stone_axe":2,"minecraft:compass":1,"minecraft:sugar_cane":11,"minecraft:cobbled_deepslate":138,"minecraft:rotten_flesh":14,"minecraft:enchanted_golden_apple":1,"minecraft:oak_planks":3,"minecraft:azure_bluet":3,"minecraft:echo_shard":3,"minecraft:jungle_log":96,"epicfight:glove":2,"minecraft:beef":25,"minecraft:enchanted_book":3,"farmersdelight:tomato_seeds":1,"minecraft:iron_ingot":22,"minecraft:wheat_seeds":37,"minecraft:feather":2,"minecraft:cobblestone":4,"minecraft:book":9,"minecraft:apple":15,"epicfight:stone_spear":2,"minecraft:golden_apple":2,"minecraft:oxeye_daisy":1,"minecraft:gray_wool":6,"minecraft:potion":1,"minecraft:string":39,"create:raw_zinc":6,"minecraft:furnace":1,"minecraft:chicken":1,"farmersdelight:beef_stew":1,"farmersdelight:straw":1,"minecraft:name_tag":2,"minecraft:lightning_rod":1,"minecraft:potato":31,"minecraft:stone":2,"minecraft:allium":25,"minecraft:diamond_pickaxe":4,"farmersdelight:chicken_soup":3,"minecraft:spider_eye":6,"minecraft:bow":1,"farmersdelight:apple_cider":4,"epicfight:skillbook":2,"minecraft:oak_log":1,"minecraft:netherite_upgrade_smithing_template":1,"minecraft:leather":41,"minecraft:music_disc_13":2,"minecraft:cracked_polished_blackstone_bricks":4,"minecraft:jungle_button":8,"minecraft:amethyst_shard":3,"minecraft:polished_blackstone_bricks":4,"minecraft:gold_ingot":77,"minecraft:blackstone":7,"bountiful:bounty":1,"minecraft:cooked_mutton":3,"minecraft:poppy":2,"minecraft:gunpowder":10,"chipped:pressed_jungle_door":1,"create:wheat_flour":6,"minecraft:basalt":78,"minecraft:arrow":18,"minecraft:oak_leaves":14,"minecraft:netherrack":44,"minecraft:firework_rocket":24,"minecraft:mossy_cobblestone":2,"minecraft:poisonous_potato":1,"minecraft:golden_axe":2,"minecraft:copper_ingot":12,"chipped:paper_jungle_door":1,"minecraft:stick":2,"epicfight:iron_longsword":2,"minecraft:sculk_catalyst":1,"epicfight:stone_greatsword":1,"minecraft:music_disc_cat":2,"minecraft:dandelion":13,"minecraft:redstone":14,"minecraft:raw_copper":141,"minecraft:tuff":3,"minecraft:raw_iron":1,"farmersdelight:cabbage_seeds":11,"minecraft:oak_button":6,"wom:antitheus":4,"minecraft:oak_sapling":75,"chipped:glow_torch":11,"minecraft:wooden_pickaxe":1},"minecraft:picked_up":{"minecraft:anvil":1,"minecraft:lead":12,"minecraft:enchanted_book":4,"farmersdelight:cutting_board":6,"minecraft:music_disc_cat":3,"minecraft:polished_blackstone_brick_stairs":1,"minecraft:string":57,"wom:antitheus":3,"minecraft:gold_nugget":40,"minecraft:cobbled_deepslate":300,"chipped:iron_barred_oak_trapdoor":4,"minecraft:netherite_upgrade_smithing_template":1,"minecraft:melon_slice":12,"minecraft:jukebox":2,"minecraft:golden_axe":2,"farmersdelight:chicken_cuts":4,"chipped:tile_windowed_oak_door":6,"farmersdelight:onion":36,"chipped:small_blue_stained_glass_pane":10,"minecraft:feather":2,"minecraft:cooked_beef":51,"minecraft:jungle_log":1085,"minecraft:smoker":1,"farmersdelight:bacon":6,"minecraft:flint":2,"farmersdelight:cooked_bacon":6,"farmersdelight:tomato":25,"farmersdelight:mutton_chops":14,"minecraft:stonecutter":2,"chipped:glow_torch":13,"minecraft:diamond_helmet":1,"chipped:slanted_oak_planks":121,"minecraft:granite":2,"minecraft:bricks":5,"minecraft:diamond_pickaxe":4,"minecraft:spruce_leaves":43,"minecraft:crafting_table":5,"minecraft:clay_ball":80,"minecraft:cornflower":4,"minecraft:jungle_trapdoor":2,"farmersdelight:beef_patty":8,"minecraft:beef":86,"chipped:fine_jungle_planks":114,"create:white_seat":2,"minecraft:jungle_sapling":60,"minecraft:poppy":12,"minecraft:quartz_stairs":24,"minecraft:chest":4,"minecraft:egg":14,"minecraft:oak_door":2,"farmersdelight:minced_beef":14,"farmersdelight:tomato_seeds":5,"minecraft:carrot":116,"minecraft:redstone":14,"minecraft:diamond_chestplate":1,"minecraft:hay_block":6,"minecraft:glow_berries":2,"minecraft:mutton":15,"minecraft:white_wool":39,"minecraft:oxeye_daisy":2,"minecraft:jungle_fence":1,"minecraft:oak_log":220,"minecraft:ancient_debris":2,"farmersdelight:skillet":2,"minecraft:white_banner":1,"minecraft:apple":27,"farmersdelight:cooking_pot":1,"minecraft:kelp":13,"minecraft:glass_bottle":1,"epicfight:stone_greatsword":1,"minecraft:gravel":21,"minecraft:spruce_sapling":3,"farmersdelight:cabbage_leaf":28,"minecraft:stone_axe":1,"chipped:large_diamond_leaded_glass":10,"minecraft:painting":11,"minecraft:gray_wool":6,"minecraft:chiseled_deepslate":1,"minecraft:wheat":1,"minecraft:music_disc_strad":5,"minecraft:raw_copper":141,"minecraft:experience_bottle":1,"farmersdelight:cabbage":14,"minecraft:bucket":1,"minecraft:rose_bush":19,"chipped:glassblower":3,"farmersdelight:cabbage_seeds":45,"minecraft:furnace":5,"minecraft:stick":130,"minecraft:oak_fence":10,"minecraft:torch":24,"epicfight:skillbook":4,"minecraft:porkchop":11,"minecraft:dried_kelp":13,"createdeco:corner_red_bricks":1,"chipped:paper_jungle_door":4,"farmersdelight:fried_egg":8,"minecraft:rotten_flesh":41,"create:red_seat":7,"minecraft:obsidian":4,"minecraft:cobblestone":1115,"minecraft:pink_petals":20,"chipped:overgrown_jungle_log":65,"epicfight:stone_spear":2,"minecraft:lilac":1,"minecraft:andesite":10,"minecraft:potato":104,"minecraft:tuff":26,"create:raw_zinc":6,"minecraft:dirt":1254,"minecraft:name_tag":2,"minecraft:bone":20,"minecraft:wheat_seeds":50,"chipped:crated_jungle_planks":2,"minecraft:fletching_table":8,"minecraft:oak_planks":174,"minecraft:music_disc_13":4,"minecraft:jungle_planks":316,"minecraft:poisonous_potato":1,"chipped:pressed_jungle_door":2,"minecraft:sand":123,"farmersdelight:cooked_mutton_chops":4,"minecraft:mossy_cobblestone":2,"chipped:carpenters_table":7,"minecraft:diamond":27,"minecraft:cracked_polished_blackstone_bricks":16,"minecraft:grass":6,"minecraft:bone_meal":12,"minecraft:golden_apple":2,"minecraft:oak_sapling":168,"minecraft:netherrack":102,"chipped:reinforced_oak_log":18,"minecraft:oak_leaves":23,"minecraft:cocoa_beans":28,"minecraft:azure_bluet":3,"minecraft:allium":26,"minecraft:ladder":7,"minecraft:chicken":3,"minecraft:brown_mushroom":41,"minecraft:gold_block":15,"minecraft:chain":3,"minecraft:brick":4,"minecraft:iron_axe":1,"minecraft:item_frame":2,"farmersdelight:chocolate_pie_slice":4,"minecraft:blackstone":13,"farmersdelight:straw":1,"minecraft:lectern":40,"minecraft:sugar_cane":125,"minecraft:spruce_trapdoor":1,"farmersdelight:kelp_roll_slice":6,"minecraft:raw_iron":53,"minecraft:copper_ingot":12,"minecraft:bowl":1,"minecraft:polished_blackstone_bricks":21,"minecraft:iron_horse_armor":1,"minecraft:arrow":22,"minecraft:saddle":1,"minecraft:basalt":92,"minecraft:leather":53,"minecraft:gunpowder":17,"minecraft:cobblestone_wall":1,"minecraft:cobblestone_stairs":23,"minecraft:cooked_mutton":2,"minecraft:red_carpet":2,"minecraft:book":12,"minecraft:sculk_catalyst":1,"minecraft:pumpkin":5,"chipped:brick_bond_jungle_planks":5,"minecraft:dandelion":17,"chipped:paper_oak_door":1,"minecraft:white_bed":2,"minecraft:spider_eye":7,"minecraft:spruce_door":5,"create:wheat_flour":4,"minecraft:stripped_jungle_log":3,"minecraft:music_disc_mall":7,"chipped:bundled_jungle_log":6,"minecraft:damaged_anvil":2,"farmersdelight:stove":2,"minecraft:coal":191},"minecraft:broken":{"minecraft:iron_boots":1,"epicfight:iron_greatsword":1,"minecraft:iron_pickaxe":1,"minecraft:stone_pickaxe":1,"minecraft:diamond_axe":1},"minecraft:killed":{"minecraft:cave_spider":3,"minecraft:skeleton":23,"minecraft:chicken":3,"minecraft:magma_cube":22,"minecraft:pillager":8,"minecraft:zombie":48,"minecraft:cow":13,"minecraft:wandering_trader":1,"minecraft:spider":23,"minecraft:piglin_brute":9,"minecraft:wolf":1,"minecraft:piglin":10,"minecraft:pig":5,"minecraft:zombie_villager":2,"minecraft:creeper":8,"minecraft:sheep":8,"minecraft:trader_llama":2,"minecraft:mooshroom":36,"minecraft:bat":1},"minecraft:killed_by":{"minecraft:piglin_brute":3,"minecraft:pillager":1,"minecraft:zombie":1,"minecraft:warden":2,"minecraft:creeper":2,"minecraft:player":5,"minecraft:spider":1,"minecraft:skeleton":2},"minecraft:custom":{"minecraft:interact_with_crafting_table":179,"minecraft:open_barrel":7,"minecraft:bell_ring":1,"minecraft:leave_game":19,"minecraft:time_since_death":9055,"minecraft:play_time":822776,"minecraft:deaths":65,"minecraft:jump":10240,"minecraft:interact_with_furnace":139,"minecraft:play_record":13,"minecraft:traded_with_villager":80,"minecraft:sleep_in_bed":4,"minecraft:damage_dealt":40391,"minecraft:interact_with_smoker":4,"minecraft:inspect_dispenser":3,"minecraft:interact_with_anvil":4,"minecraft:damage_dealt_absorbed":80,"minecraft:target_hit":1,"minecraft:sneak_time":22357,"minecraft:interact_with_blast_furnace":10,"minecraft:total_world_time":822776,"minecraft:interact_with_stonecutter":14,"minecraft:time_since_rest":9114,"minecraft:swim_one_cm":172058,"minecraft:fly_one_cm":3561850,"minecraft:open_chest":432,"minecraft:fall_one_cm":301158,"lootr:looted_stat":20,"minecraft:animals_bred":8,"minecraft:sprint_one_cm":3672429,"minecraft:drop":268,"minecraft:talked_to_villager":144,"minecraft:walk_on_water_one_cm":58856,"minecraft:player_kills":7,"minecraft:crouch_one_cm":164661,"minecraft:mob_kills":233,"minecraft:climb_one_cm":48477,"minecraft:walk_one_cm":4879672,"minecraft:walk_under_water_one_cm":96207,"minecraft:boat_one_cm":122586,"minecraft:damage_taken":15302,"minecraft:damage_absorbed":40},"minecraft:mined":{"minecraft:white_bed":2,"minecraft:jungle_leaves":1,"chipped:glow_wall_torch":9,"minecraft:granite":2,"minecraft:jungle_log":49,"chipped:glassblower":3,"minecraft:oxeye_daisy":2,"minecraft:spawner":2,"minecraft:polished_blackstone_bricks":39,"minecraft:cobbled_deepslate":5,"minecraft:fire":26,"minecraft:pumpkin":5,"minecraft:deepslate_lapis_ore":1,"minecraft:fletching_table":8,"minecraft:sculk_shrieker":5,"chipped:overgrown_jungle_log":66,"chipped:fine_jungle_planks":125,"create:red_seat":7,"create:limestone":1,"minecraft:tripwire":3,"minecraft:jungle_trapdoor":2,"minecraft:brown_mushroom":5,"minecraft:kelp_plant":3,"minecraft:smoker":1,"minecraft:torch":8,"minecraft:melon":3,"create:scoria":1,"farmersdelight:cabbages":17,"minecraft:glass":1,"minecraft:sugar_cane":69,"minecraft:damaged_anvil":2,"minecraft:bricks":5,"minecraft:chain":3,"minecraft:wheat":1,"minecraft:lilac":1,"minecraft:jukebox":2,"minecraft:grass":246,"minecraft:stonecutter":2,"minecraft:deepslate":260,"create:zinc_ore":4,"chipped:bundled_jungle_log":6,"minecraft:mossy_cobblestone":2,"createdeco:corner_red_bricks":1,"farmersdelight:wild_carrots":7,"chipped:brick_bond_jungle_planks":5,"minecraft:allium":1,"minecraft:jungle_planks":258,"chipped:glow_torch":1,"farmersdelight:wild_cabbages":5,"minecraft:moss_block":3,"minecraft:kelp":2,"farmersdelight:wild_onions":15,"minecraft:andesite":10,"minecraft:potatoes":29,"minecraft:vine":11,"chipped:paper_jungle_door":1,"minecraft:white_wool":2,"diagonalwindows:chipped/large_diamond_white_stained_glass_pane":1,"create:white_seat":2,"minecraft:dandelion":6,"minecraft:cornflower":4,"chipped:carpenters_table":7,"minecraft:tall_grass":54,"minecraft:copper_ore":21,"minecraft:diorite":25,"farmersdelight:skillet":2,"minecraft:birch_leaves":1,"diagonalwindows:chipped/square_leaded_glass_pane":13,"minecraft:sunflower":1,"minecraft:gravel":22,"minecraft:fern":4,"chipped:large_diamond_leaded_glass":11,"create:deepslate_zinc_ore":2,"chipped:paper_oak_door":1,"minecraft:cobblestone_stairs":23,"minecraft:spruce_trapdoor":1,"minecraft:grass_block":753,"minecraft:cracked_polished_blackstone_bricks":30,"diagonalwalls:minecraft/cobblestone_wall":1,"chipped:reinforced_oak_log":18,"minecraft:iron_ore":28,"minecraft:anvil":1,"minecraft:azure_bluet":1,"minecraft:deepslate_redstone_ore":3,"chipped:tile_windowed_oak_door":3,"minecraft:blackstone":16,"minecraft:clay":20,"diagonalfences:minecraft/oak_fence":10,"minecraft:poppy":9,"minecraft:chest":4,"farmersdelight:brown_mushroom_colony":9,"minecraft:cobblestone":112,"chipped:iron_barred_oak_trapdoor":4,"diagonalfences:minecraft/jungle_fence":1,"minecraft:oak_planks":180,"minecraft:wall_torch":16,"farmersdelight:cutting_board":5,"minecraft:oak_log":1,"minecraft:sand":105,"minecraft:dirt":299,"minecraft:netherrack":107,"minecraft:ancient_debris":2,"minecraft:oak_leaves":20,"minecraft:nether_gold_ore":10,"minecraft:red_carpet":2,"minecraft:tuff":27,"chipped:small_blue_stained_glass_pane":10,"farmersdelight:onions":8,"minecraft:quartz_stairs":24,"minecraft:deepslate_diamond_ore":3,"minecraft:oak_door":2,"chipped:slanted_oak_planks":121,"minecraft:ladder":7,"farmersdelight:tomatoes":1,"minecraft:spruce_leaves":45,"minecraft:hay_block":6,"minecraft:furnace":5,"minecraft:spruce_sapling":1,"minecraft:carrots":27,"treechop:chopped_log":47,"minecraft:chiseled_deepslate":1,"minecraft:gold_block":15,"minecraft:bookshelf":1,"minecraft:deepslate_iron_ore":16,"minecraft:stripped_jungle_log":3,"chipped:crated_jungle_planks":2,"minecraft:stone":644,"farmersdelight:cooking_pot":1,"minecraft:basalt":92,"minecraft:spruce_door":4,"minecraft:crafting_table":3,"minecraft:rose_bush":19,"minecraft:lectern":40,"minecraft:polished_blackstone_brick_stairs":2,"diagonalwindows:chipped/large_diamond_red_stained_glass_pane":6,"minecraft:coal_ore":152,"minecraft:cocoa":10,"farmersdelight:stove":2}},"DataVersion":3465}