{"stats":{"minecraft:crafted":{"minecraft:oak_door":3,"minecraft:smooth_stone":6,"minecraft:oak_planks":208,"minecraft:furnace":5,"minecraft:blast_furnace":2,"minecraft:stone":6,"minecraft:diamond_shovel":1,"minecraft:glass":2,"minecraft:iron_axe":1,"minecraft:stone_pickaxe":1,"epicfight:iron_greatsword":1,"minecraft:chest":2,"minecraft:oak_button":6,"minecraft:bricks":2,"minecraft:cooked_beef":12,"minecraft:diamond_axe":1,"minecraft:crafting_table":7,"minecraft:wooden_pickaxe":1,"minecraft:iron_sword":1,"chipped:carpenters_table":1,"minecraft:stone_axe":1,"minecraft:jungle_planks":320,"minecraft:air":0,"minecraft:oak_boat":1,"minecraft:jungle_door":3,"minecraft:diamond_pickaxe":1,"minecraft:stick":16,"minecraft:iron_ingot":47,"minecraft:iron_pickaxe":1,"minecraft:wooden_axe":1,"minecraft:torch":44,"chipped:glassblower":2,"minecraft:shears":1},"minecraft:used":{"minecraft:chiseled_deepslate":1,"minecraft:chest":3,"minecraft:iron_sword":78,"minecraft:rotten_flesh":5,"minecraft:torch":28,"minecraft:dirt":350,"minecraft:jungle_planks":233,"minecraft:jungle_sapling":7,"chipped:slanted_oak_planks":216,"epicfight:iron_greatsword":1,"chipped:glassblower":1,"minecraft:iron_axe":78,"minecraft:jungle_log":38,"minecraft:furnace":3,"minecraft:oak_sapling":30,"chipped:tile_windowed_oak_door":3,"minecraft:cooked_beef":7,"minecraft:cobbled_deepslate":124,"epicfight:skillbook":4,"minecraft:stone_pickaxe":131,"minecraft:oak_planks":161,"minecraft:wooden_pickaxe":32,"minecraft:diamond_axe":718,"minecraft:white_wool":1,"minecraft:glow_berries":21,"minecraft:crafting_table":5,"chipped:overgrown_jungle_log":5,"chipped:paper_jungle_door":4,"minecraft:smoker":1,"minecraft:diamond_pickaxe":220,"minecraft:diamond_shovel":1029,"chipped:glow_torch":3,"minecraft:bread":4,"minecraft:iron_pickaxe":251,"minecraft:stone_axe":9,"minecraft:cobblestone":153,"minecraft:andesite":10,"minecraft:oak_boat":1,"chipped:carpenters_table":1},"minecraft:dropped":{"minecraft:wheat_seeds":30,"minecraft:cooked_beef":25,"minecraft:crafting_table":1,"minecraft:apple":1,"minecraft:stick":1,"minecraft:oxeye_daisy":1,"minecraft:dirt":323,"minecraft:potion":1,"minecraft:jungle_sapling":5,"minecraft:amethyst_shard":3,"minecraft:sand":18,"minecraft:string":15,"create:raw_zinc":6,"minecraft:dandelion":10,"minecraft:gold_ingot":1,"minecraft:redstone":14,"minecraft:furnace":1,"minecraft:stone_axe":1,"minecraft:compass":1,"bountiful:bounty":1,"minecraft:sugar_cane":9,"minecraft:cobbled_deepslate":51,"minecraft:raw_copper":141,"minecraft:rotten_flesh":6,"minecraft:oak_planks":3,"minecraft:azure_bluet":1,"minecraft:echo_shard":3,"minecraft:poppy":2,"minecraft:oak_button":6,"minecraft:gunpowder":4,"minecraft:jungle_log":96,"minecraft:oak_sapling":29,"chipped:glow_torch":11,"minecraft:wooden_pickaxe":1,"minecraft:beef":25,"epicfight:skillbook":1},"minecraft:picked_up":{"minecraft:chiseled_deepslate":1,"minecraft:cocoa_beans":3,"minecraft:crafting_table":4,"minecraft:azure_bluet":1,"minecraft:brown_mushroom":41,"minecraft:brick":4,"minecraft:string":20,"minecraft:raw_copper":141,"minecraft:cobbled_deepslate":212,"minecraft:beef":80,"minecraft:jungle_sapling":12,"minecraft:poppy":2,"minecraft:sugar_cane":9,"minecraft:chest":1,"minecraft:furnace":1,"minecraft:raw_iron":39,"minecraft:stick":47,"minecraft:torch":5,"epicfight:skillbook":2,"minecraft:porkchop":4,"minecraft:redstone":14,"chipped:paper_jungle_door":2,"minecraft:diamond_chestplate":1,"minecraft:rotten_flesh":18,"chipped:tile_windowed_oak_door":3,"minecraft:glow_berries":2,"minecraft:mutton":4,"minecraft:white_wool":3,"minecraft:cobblestone":297,"minecraft:oxeye_daisy":1,"chipped:overgrown_jungle_log":1,"minecraft:cooked_beef":44,"minecraft:jungle_log":286,"minecraft:andesite":10,"minecraft:leather":46,"minecraft:smoker":1,"minecraft:oak_log":100,"minecraft:tuff":19,"create:raw_zinc":6,"minecraft:gunpowder":4,"minecraft:dirt":956,"minecraft:bone":3,"minecraft:apple":10,"minecraft:wheat_seeds":30,"chipped:glow_torch":3,"minecraft:oak_planks":168,"chipped:slanted_oak_planks":119,"minecraft:dandelion":10,"minecraft:sand":38,"minecraft:jungle_planks":227,"minecraft:stripped_jungle_log":3,"minecraft:diamond":7,"minecraft:granite":2,"minecraft:oak_sapling":59,"minecraft:coal":78},"minecraft:broken":{"minecraft:stone_pickaxe":1,"minecraft:iron_pickaxe":1},"minecraft:killed":{"minecraft:spider":2,"minecraft:skeleton":2,"minecraft:pig":3,"minecraft:zombie_villager":1,"minecraft:creeper":4,"minecraft:sheep":2,"minecraft:pillager":4,"minecraft:zombie":7,"minecraft:mooshroom":36,"minecraft:cow":8},"minecraft:killed_by":{"minecraft:player":1,"minecraft:creeper":2,"minecraft:pillager":1,"minecraft:zombie":1},"minecraft:custom":{"lootr:looted_stat":8,"minecraft:mob_kills":69,"minecraft:interact_with_crafting_table":28,"minecraft:bell_ring":1,"minecraft:leave_game":4,"minecraft:time_since_death":69201,"minecraft:climb_one_cm":2748,"minecraft:sprint_one_cm":734206,"minecraft:walk_one_cm":1143931,"minecraft:drop":79,"minecraft:play_time":184144,"minecraft:deaths":13,"minecraft:sneak_time":7346,"minecraft:walk_under_water_one_cm":7665,"minecraft:boat_one_cm":122586,"minecraft:jump":2657,"minecraft:walk_on_water_one_cm":21276,"minecraft:total_world_time":184144,"minecraft:interact_with_furnace":18,"minecraft:time_since_rest":69230,"minecraft:damage_taken":3622,"minecraft:damage_dealt":9466,"minecraft:swim_one_cm":56822,"minecraft:fly_one_cm":742680,"minecraft:open_chest":18,"minecraft:crouch_one_cm":72373,"minecraft:interact_with_smoker":4,"minecraft:fall_one_cm":67072},"minecraft:mined":{"create:zinc_ore":4,"create:deepslate_zinc_ore":2,"minecraft:tuff":20,"minecraft:deepslate_diamond_ore":3,"chipped:slanted_oak_planks":119,"minecraft:granite":2,"minecraft:grass_block":686,"minecraft:jungle_planks":233,"minecraft:jungle_log":28,"minecraft:moss_block":3,"minecraft:oxeye_daisy":1,"minecraft:furnace":1,"minecraft:iron_ore":24,"minecraft:cobbled_deepslate":5,"minecraft:andesite":10,"treechop:chopped_log":13,"minecraft:chiseled_deepslate":1,"minecraft:deepslate_lapis_ore":1,"minecraft:sculk_shrieker":5,"chipped:overgrown_jungle_log":1,"minecraft:vine":1,"minecraft:deepslate_iron_ore":15,"minecraft:stripped_jungle_log":3,"minecraft:stone":158,"minecraft:white_wool":1,"create:limestone":1,"minecraft:deepslate_redstone_ore":3,"chipped:tile_windowed_oak_door":3,"minecraft:brown_mushroom":5,"minecraft:smoker":1,"minecraft:dandelion":3,"minecraft:crafting_table":2,"minecraft:torch":2,"minecraft:chest":1,"farmersdelight:brown_mushroom_colony":9,"minecraft:tall_grass":23,"minecraft:copper_ore":21,"minecraft:cobblestone":47,"minecraft:oak_planks":174,"minecraft:sugar_cane":4,"minecraft:diorite":25,"minecraft:wall_torch":4,"minecraft:birch_leaves":1,"minecraft:grass":138,"minecraft:coal_ore":47,"minecraft:cocoa":1,"minecraft:sand":20,"minecraft:dirt":278,"minecraft:deepslate":230,"minecraft:fern":4}},"DataVersion":3465}