{"stats":{"minecraft:mined":{"chipped:large_diamond_leaded_glass":11,"create:deepslate_zinc_ore":2,"minecraft:cobblestone_stairs":23,"minecraft:jungle_leaves":1,"chipped:glow_wall_torch":5,"minecraft:granite":2,"minecraft:grass_block":747,"minecraft:jungle_log":44,"diagonalwalls:minecraft/cobblestone_wall":1,"chipped:glassblower":3,"minecraft:oxeye_daisy":2,"chipped:reinforced_oak_log":18,"minecraft:iron_ore":24,"minecraft:cobbled_deepslate":5,"minecraft:deepslate_lapis_ore":1,"minecraft:sculk_shrieker":5,"chipped:overgrown_jungle_log":66,"chipped:fine_jungle_planks":125,"create:limestone":1,"minecraft:deepslate_redstone_ore":3,"chipped:tile_windowed_oak_door":3,"minecraft:brown_mushroom":5,"minecraft:smoker":1,"minecraft:torch":2,"minecraft:poppy":7,"minecraft:chest":4,"farmersdelight:brown_mushroom_colony":9,"minecraft:cobblestone":103,"minecraft:sugar_cane":7,"minecraft:oak_planks":174,"minecraft:wall_torch":5,"minecraft:grass":155,"minecraft:oak_log":1,"minecraft:sand":60,"minecraft:dirt":280,"minecraft:stonecutter":2,"minecraft:oak_leaves":12,"minecraft:deepslate":230,"create:zinc_ore":4,"minecraft:tuff":20,"chipped:bundled_jungle_log":6,"chipped:small_blue_stained_glass_pane":10,"minecraft:deepslate_diamond_ore":3,"chipped:brick_bond_jungle_planks":5,"chipped:slanted_oak_planks":121,"minecraft:ladder":7,"minecraft:jungle_planks":258,"chipped:glow_torch":1,"minecraft:spruce_leaves":45,"minecraft:moss_block":3,"minecraft:hay_block":6,"minecraft:spruce_sapling":1,"minecraft:furnace":5,"minecraft:andesite":10,"treechop:chopped_log":29,"minecraft:chiseled_deepslate":1,"minecraft:deepslate_iron_ore":15,"minecraft:vine":4,"minecraft:stripped_jungle_log":3,"chipped:crated_jungle_planks":2,"minecraft:stone":200,"chipped:paper_jungle_door":1,"minecraft:white_wool":1,"diagonalwindows:chipped/large_diamond_white_stained_glass_pane":1,"minecraft:dandelion":6,"minecraft:crafting_table":3,"minecraft:cornflower":4,"chipped:carpenters_table":7,"minecraft:tall_grass":29,"minecraft:copper_ore":21,"minecraft:diorite":25,"diagonalwindows:chipped/large_diamond_red_stained_glass_pane":6,"minecraft:birch_leaves":1,"minecraft:coal_ore":52,"diagonalwindows:chipped/square_leaded_glass_pane":13,"minecraft:cocoa":2,"minecraft:sunflower":1,"minecraft:fern":4},"minecraft:custom":{"lootr:looted_stat":8,"minecraft:interact_with_crafting_table":88,"minecraft:open_barrel":1,"minecraft:bell_ring":1,"minecraft:leave_game":8,"minecraft:time_since_death":10641,"minecraft:sprint_one_cm":1512694,"minecraft:drop":113,"minecraft:talked_to_villager":3,"minecraft:play_time":397905,"minecraft:deaths":26,"minecraft:jump":4626,"minecraft:walk_on_water_one_cm":29688,"minecraft:interact_with_furnace":103,"minecraft:traded_with_villager":2,"minecraft:damage_dealt":12103,"minecraft:player_kills":1,"minecraft:crouch_one_cm":127518,"minecraft:interact_with_smoker":4,"minecraft:mob_kills":84,"minecraft:climb_one_cm":28863,"minecraft:walk_one_cm":2415147,"minecraft:sneak_time":15191,"minecraft:walk_under_water_one_cm":17736,"minecraft:boat_one_cm":122586,"minecraft:interact_with_blast_furnace":2,"minecraft:total_world_time":397905,"minecraft:interact_with_stonecutter":8,"minecraft:time_since_rest":10705,"minecraft:damage_taken":6254,"minecraft:swim_one_cm":73160,"minecraft:fly_one_cm":1292555,"minecraft:open_chest":185,"minecraft:fall_one_cm":131836},"minecraft:killed_by":{"minecraft:creeper":2,"minecraft:pillager":1,"minecraft:zombie":1,"minecraft:player":2,"minecraft:spider":1},"minecraft:crafted":{"minecraft:red_stained_glass_pane":40,"minecraft:smooth_stone":79,"minecraft:oak_planks":284,"minecraft:blue_stained_glass_pane":16,"minecraft:stone":103,"minecraft:cobblestone_stairs":4,"minecraft:diamond_shovel":1,"comforts:hammock_white":1,"minecraft:cooked_mutton":4,"minecraft:glass":60,"minecraft:chest":12,"comforts:hammock_red":1,"minecraft:oak_button":6,"minecraft:bricks":2,"minecraft:blue_stained_glass":8,"minecraft:item_frame":3,"minecraft:emerald":2,"minecraft:cooked_porkchop":4,"minecraft:diamond_axe":1,"minecraft:crafting_table":8,"minecraft:wooden_pickaxe":1,"epicfight:iron_longsword":2,"chipped:carpenters_table":1,"minecraft:white_stained_glass_pane":16,"minecraft:diamond_pickaxe":1,"minecraft:yellow_dye":3,"minecraft:stick":88,"comforts:rope_and_nail":2,"minecraft:iron_ingot":56,"minecraft:iron_pickaxe":1,"minecraft:light_gray_dye":1,"minecraft:shears":2,"minecraft:jungle_sign":3,"minecraft:oak_door":3,"comforts:sleeping_bag_white":1,"minecraft:furnace":9,"minecraft:blast_furnace":3,"minecraft:bone_meal":12,"minecraft:glass_pane":96,"minecraft:stone_stairs":14,"minecraft:iron_axe":1,"minecraft:ladder":6,"minecraft:stone_pickaxe":1,"epicfight:iron_greatsword":1,"minecraft:jungle_fence":21,"minecraft:wheat":54,"minecraft:cooked_beef":12,"minecraft:red_dye":6,"minecraft:iron_sword":2,"epicfight:iron_dagger":1,"minecraft:bucket":1,"minecraft:stone_axe":1,"minecraft:air":0,"minecraft:jungle_planks":952,"minecraft:blue_dye":4,"minecraft:oak_boat":1,"minecraft:jungle_door":9,"minecraft:white_dye":2,"minecraft:wooden_axe":1,"minecraft:stonecutter":1,"minecraft:torch":56,"chipped:glassblower":2},"minecraft:picked_up":{"minecraft:chiseled_deepslate":1,"minecraft:lead":2,"minecraft:enchanted_book":2,"minecraft:string":38,"minecraft:raw_copper":141,"minecraft:cobbled_deepslate":212,"minecraft:bucket":1,"chipped:glassblower":3,"minecraft:furnace":5,"minecraft:stick":70,"minecraft:torch":6,"epicfight:skillbook":2,"minecraft:porkchop":8,"chipped:paper_jungle_door":4,"minecraft:rotten_flesh":18,"chipped:tile_windowed_oak_door":6,"chipped:small_blue_stained_glass_pane":10,"minecraft:obsidian":4,"minecraft:cobblestone":667,"chipped:overgrown_jungle_log":65,"minecraft:pink_petals":20,"minecraft:cooked_beef":51,"minecraft:andesite":10,"minecraft:jungle_log":463,"minecraft:smoker":1,"minecraft:tuff":19,"create:raw_zinc":6,"minecraft:dirt":1229,"minecraft:name_tag":2,"minecraft:bone":3,"minecraft:stonecutter":2,"minecraft:wheat_seeds":36,"chipped:glow_torch":9,"chipped:crated_jungle_planks":2,"minecraft:oak_planks":168,"chipped:slanted_oak_planks":121,"minecraft:music_disc_13":1,"minecraft:jungle_planks":316,"chipped:pressed_jungle_door":2,"minecraft:sand":78,"chipped:carpenters_table":7,"minecraft:diamond":7,"minecraft:granite":2,"minecraft:bone_meal":10,"minecraft:golden_apple":2,"minecraft:oak_sapling":102,"minecraft:oak_leaves":21,"chipped:reinforced_oak_log":18,"minecraft:spruce_leaves":43,"minecraft:cocoa_beans":4,"minecraft:crafting_table":5,"minecraft:azure_bluet":2,"minecraft:ladder":7,"minecraft:brown_mushroom":41,"minecraft:brick":4,"minecraft:cornflower":4,"minecraft:iron_axe":1,"minecraft:item_frame":2,"minecraft:beef":81,"chipped:fine_jungle_planks":114,"minecraft:jungle_sapling":15,"minecraft:poppy":10,"minecraft:sugar_cane":11,"minecraft:chest":4,"minecraft:raw_iron":48,"farmersdelight:tomato_seeds":3,"minecraft:redstone":14,"minecraft:iron_horse_armor":1,"minecraft:diamond_chestplate":1,"minecraft:hay_block":6,"minecraft:saddle":1,"minecraft:glow_berries":2,"minecraft:mutton":8,"minecraft:white_wool":8,"minecraft:oxeye_daisy":2,"minecraft:leather":49,"minecraft:oak_log":170,"minecraft:cobblestone_wall":1,"minecraft:gunpowder":4,"minecraft:cobblestone_stairs":23,"minecraft:apple":25,"minecraft:book":9,"chipped:brick_bond_jungle_planks":5,"minecraft:dandelion":16,"minecraft:spruce_sapling":3,"minecraft:spider_eye":1,"minecraft:stripped_jungle_log":3,"chipped:large_diamond_leaded_glass":10,"chipped:bundled_jungle_log":6,"minecraft:coal":93},"minecraft:dropped":{"minecraft:cooked_beef":45,"chipped:reinforced_oak_log":6,"minecraft:crafting_table":1,"minecraft:cooked_porkchop":2,"minecraft:leather":41,"minecraft:dirt":387,"minecraft:jungle_sapling":7,"minecraft:amethyst_shard":3,"minecraft:sand":18,"minecraft:gold_ingot":1,"minecraft:bone":3,"bountiful:bounty":1,"minecraft:stone_axe":1,"minecraft:compass":1,"minecraft:sugar_cane":11,"minecraft:cobbled_deepslate":51,"minecraft:rotten_flesh":6,"minecraft:oak_planks":3,"minecraft:enchanted_golden_apple":1,"minecraft:cooked_mutton":3,"minecraft:azure_bluet":2,"minecraft:echo_shard":3,"minecraft:poppy":2,"minecraft:gunpowder":4,"minecraft:jungle_log":96,"chipped:pressed_jungle_door":1,"minecraft:beef":25,"minecraft:oak_leaves":14,"minecraft:wheat_seeds":30,"minecraft:apple":15,"chipped:paper_jungle_door":1,"minecraft:golden_apple":2,"minecraft:stick":1,"epicfight:iron_longsword":2,"minecraft:oxeye_daisy":1,"minecraft:potion":1,"minecraft:string":18,"create:raw_zinc":6,"minecraft:dandelion":13,"minecraft:redstone":14,"minecraft:furnace":1,"minecraft:raw_copper":141,"minecraft:stone":1,"minecraft:oak_button":6,"minecraft:oak_sapling":29,"chipped:glow_torch":11,"minecraft:wooden_pickaxe":1,"epicfight:skillbook":1},"minecraft:killed":{"minecraft:cave_spider":3,"minecraft:spider":6,"minecraft:skeleton":2,"minecraft:wolf":1,"minecraft:pig":3,"minecraft:zombie_villager":1,"minecraft:creeper":5,"minecraft:sheep":2,"minecraft:trader_llama":2,"minecraft:pillager":4,"minecraft:zombie":8,"minecraft:mooshroom":36,"minecraft:cow":9,"minecraft:wandering_trader":1},"minecraft:used":{"minecraft:chiseled_deepslate":1,"minecraft:ladder":12,"chipped:square_leaded_glass_pane":25,"minecraft:chest":16,"minecraft:iron_sword":78,"minecraft:rotten_flesh":5,"minecraft:jungle_planks":258,"minecraft:jungle_sapling":8,"chipped:slanted_oak_planks":339,"minecraft:iron_helmet":1,"minecraft:item_frame":5,"minecraft:furnace":7,"minecraft:oak_sapling":55,"chipped:large_diamond_red_stained_glass_pane":34,"epicfight:skillbook":4,"minecraft:oak_planks":161,"minecraft:stone_pickaxe":131,"minecraft:jungle_fence":12,"chipped:reinforced_oak_log":54,"minecraft:wooden_pickaxe":32,"minecraft:diamond_axe":1143,"minecraft:white_wool":1,"minecraft:glow_berries":21,"chipped:crated_jungle_planks":97,"minecraft:blast_furnace":1,"minecraft:shears":54,"chipped:overgrown_jungle_log":66,"chipped:paper_jungle_door":7,"chipped:glow_torch":20,"minecraft:bread":7,"minecraft:jungle_sign":3,"minecraft:andesite":10,"minecraft:oak_boat":1,"chipped:carpenters_table":8,"minecraft:bone_meal":2,"minecraft:torch":34,"minecraft:dirt":430,"minecraft:cobblestone_wall":28,"minecraft:stone_stairs":14,"epicfight:iron_greatsword":26,"chipped:glassblower":5,"minecraft:iron_axe":78,"minecraft:jungle_log":58,"minecraft:iron_boots":1,"chipped:brick_bond_jungle_planks":41,"minecraft:wolf_spawn_egg":1,"chipped:tile_windowed_oak_door":3,"minecraft:cooked_beef":20,"minecraft:cobbled_deepslate":124,"chipped:large_diamond_leaded_glass":11,"minecraft:iron_leggings":1,"minecraft:cooked_mutton":1,"minecraft:water_bucket":17,"minecraft:cobblestone_stairs":255,"comforts:hammock_red":1,"chipped:small_blue_stained_glass_pane":16,"minecraft:stonecutter":2,"chipped:large_diamond_white_stained_glass_pane":9,"chipped:pressed_jungle_door":4,"minecraft:crafting_table":7,"minecraft:smoker":1,"minecraft:oak_log":49,"minecraft:diamond_pickaxe":356,"chipped:bundled_jungle_log":6,"minecraft:diamond_shovel":1136,"minecraft:iron_pickaxe":251,"minecraft:spruce_sapling":3,"minecraft:stone_axe":9,"comforts:rope_and_nail":2,"chipped:fine_jungle_planks":717,"minecraft:cobblestone":213,"minecraft:cooked_porkchop":2,"minecraft:bucket":18,"minecraft:smooth_stone":70},"minecraft:broken":{"minecraft:stone_pickaxe":1,"minecraft:iron_pickaxe":1}},"DataVersion":3465}