{"stats":{"minecraft:mined":{"minecraft:white_bed":4,"minecraft:jungle_leaves":1,"chipped:glow_wall_torch":9,"minecraft:granite":2,"minecraft:jungle_log":49,"chipped:glassblower":3,"minecraft:nether_wart":19,"minecraft:oxeye_daisy":2,"minecraft:spawner":2,"minecraft:polished_blackstone_bricks":39,"minecraft:cobbled_deepslate":5,"minecraft:fire":30,"minecraft:pumpkin":5,"minecraft:fletching_table":12,"minecraft:deepslate_lapis_ore":1,"minecraft:sculk_shrieker":5,"chipped:overgrown_jungle_log":66,"chipped:fine_jungle_planks":125,"create:red_seat":7,"minecraft:iron_block":1,"create:limestone":1,"minecraft:tripwire":3,"minecraft:jungle_trapdoor":2,"minecraft:brown_mushroom":5,"minecraft:kelp_plant":3,"minecraft:smoker":1,"minecraft:soul_fire":2,"minecraft:torch":9,"minecraft:melon":3,"create:scoria":1,"farmersdelight:cabbages":17,"minecraft:glass":1,"minecraft:sugar_cane":69,"minecraft:damaged_anvil":2,"minecraft:bricks":5,"minecraft:chain":3,"minecraft:wheat":1,"minecraft:lilac":1,"minecraft:jukebox":2,"minecraft:grass":249,"minecraft:stonecutter":2,"minecraft:deepslate":260,"create:zinc_ore":4,"chipped:bundled_jungle_log":6,"minecraft:mossy_cobblestone":2,"createdeco:corner_red_bricks":1,"farmersdelight:wild_carrots":7,"chipped:brick_bond_jungle_planks":5,"minecraft:nether_bricks":15,"minecraft:allium":1,"minecraft:jungle_planks":258,"chipped:glow_torch":1,"farmersdelight:wild_cabbages":5,"minecraft:moss_block":3,"minecraft:kelp":2,"farmersdelight:wild_onions":15,"minecraft:jungle_sapling":4,"minecraft:andesite":10,"minecraft:potatoes":29,"minecraft:vine":14,"chipped:paper_jungle_door":1,"minecraft:white_wool":2,"diagonalwindows:chipped/large_diamond_white_stained_glass_pane":1,"create:white_seat":2,"minecraft:dandelion":6,"minecraft:cornflower":4,"chipped:carpenters_table":7,"minecraft:tall_grass":56,"minecraft:copper_ore":21,"minecraft:diorite":25,"farmersdelight:skillet":2,"minecraft:birch_leaves":1,"diagonalwindows:chipped/square_leaded_glass_pane":13,"minecraft:sunflower":1,"minecraft:gravel":22,"minecraft:cobweb":23,"minecraft:stone_bricks":1,"minecraft:fern":4,"chipped:large_diamond_leaded_glass":11,"create:deepslate_zinc_ore":2,"chipped:paper_oak_door":1,"minecraft:cobblestone_stairs":23,"minecraft:brewing_stand":2,"minecraft:spruce_trapdoor":1,"minecraft:grass_block":754,"minecraft:cracked_polished_blackstone_bricks":30,"diagonalwalls:minecraft/cobblestone_wall":1,"chipped:reinforced_oak_log":18,"minecraft:iron_ore":28,"minecraft:anvil":1,"minecraft:azure_bluet":1,"minecraft:deepslate_redstone_ore":3,"chipped:tile_windowed_oak_door":3,"minecraft:blackstone":16,"minecraft:clay":20,"diagonalfences:minecraft/oak_fence":10,"minecraft:poppy":9,"minecraft:chest":4,"farmersdelight:brown_mushroom_colony":9,"minecraft:cobblestone":113,"chipped:iron_barred_oak_trapdoor":4,"diagonalfences:minecraft/jungle_fence":1,"minecraft:oak_planks":191,"minecraft:wall_torch":16,"farmersdelight:cutting_board":5,"minecraft:tnt":5,"minecraft:oak_log":5,"minecraft:sand":105,"minecraft:dirt":299,"minecraft:netherrack":196,"minecraft:ancient_debris":2,"minecraft:oak_leaves":20,"minecraft:nether_gold_ore":10,"minecraft:red_carpet":2,"minecraft:tuff":27,"chipped:small_blue_stained_glass_pane":10,"farmersdelight:onions":8,"minecraft:quartz_stairs":24,"minecraft:deepslate_diamond_ore":3,"minecraft:oak_door":2,"chipped:slanted_oak_planks":121,"minecraft:ladder":7,"farmersdelight:tomatoes":1,"minecraft:spruce_leaves":45,"minecraft:hay_block":18,"minecraft:spruce_sapling":1,"minecraft:furnace":5,"minecraft:carrots":27,"treechop:chopped_log":50,"minecraft:chiseled_deepslate":1,"minecraft:gold_block":15,"minecraft:nether_brick_fence":1,"minecraft:bookshelf":53,"minecraft:deepslate_iron_ore":16,"minecraft:stripped_jungle_log":3,"chipped:crated_jungle_planks":2,"minecraft:stone":644,"farmersdelight:cooking_pot":1,"minecraft:basalt":92,"minecraft:spruce_door":4,"minecraft:crafting_table":3,"minecraft:rose_bush":20,"minecraft:lectern":105,"minecraft:polished_blackstone_brick_stairs":2,"diagonalwindows:chipped/large_diamond_red_stained_glass_pane":6,"minecraft:yellow_bed":2,"minecraft:coal_ore":152,"minecraft:cocoa":10,"farmersdelight:stove":2},"minecraft:crafted":{"minecraft:red_stained_glass_pane":40,"minecraft:jungle_button":10,"minecraft:smooth_stone":98,"create_sa:copper_chestplate":1,"minecraft:blaze_powder":4,"minecraft:blue_stained_glass_pane":16,"minecraft:diamond_shovel":1,"minecraft:bookshelf":3,"minecraft:cooked_mutton":4,"minecraft:quartz_block":18,"minecraft:glass":105,"minecraft:diamond_leggings":1,"minecraft:melon_seeds":2,"farmersdelight:kelp_roll":2,"minecraft:glass_bottle":18,"create_sa:copper_leggings":1,"minecraft:blue_stained_glass":8,"minecraft:wooden_shovel":1,"minecraft:emerald":352,"minecraft:cooked_porkchop":4,"minecraft:diamond_axe":2,"minecraft:jungle_boat":5,"create:red_seat":3,"minecraft:fletching_table":1,"epicfight:iron_longsword":2,"minecraft:campfire":2,"farmersdelight:apple_cider":1,"minecraft:painting":2,"farmersdelight:beef_patty":2,"farmersdelight:bacon_and_eggs":2,"minecraft:lectern":1,"comforts:rope_and_nail":2,"minecraft:iron_pickaxe":1,"minecraft:gold_ingot":135,"minecraft:light_gray_dye":1,"minecraft:jungle_sign":3,"farmersdelight:mutton_wrap":4,"minecraft:smooth_stone_slab":6,"minecraft:jukebox":1,"minecraft:iron_nugget":9,"comforts:sleeping_bag_white":1,"minecraft:bone_meal":120,"create_sa:copper_helmet":1,"minecraft:white_carpet":3,"minecraft:stone_stairs":14,"minecraft:ladder":6,"minecraft:stone_pickaxe":1,"minecraft:jungle_fence":21,"minecraft:wheat":162,"farmersdelight:hamburger":4,"minecraft:netherite_pickaxe":1,"wom:golden_chrono":1,"farmersdelight:cooking_pot":1,"minecraft:red_carpet":18,"minecraft:enchanted_book":11,"create_sa:copper_boots":1,"minecraft:golden_apple":7,"minecraft:fermented_spider_eye":2,"minecraft:wooden_axe":1,"minecraft:armor_stand":4,"minecraft:white_bed":2,"farmersdelight:diamond_knife":1,"farmersdelight:oak_cabinet":2,"minecraft:brick":80,"minecraft:oak_planks":496,"minecraft:lightning_rod":1,"minecraft:cobblestone_stairs":4,"minecraft:stone":122,"comforts:hammock_white":1,"minecraft:bow":1,"minecraft:chest":15,"comforts:hammock_red":1,"minecraft:oak_button":7,"minecraft:bricks":14,"minecraft:oak_fence":63,"farmersdelight:stove":2,"farmersdelight:tomato_seeds":8,"minecraft:oak_slab":24,"minecraft:item_frame":3,"minecraft:crafting_table":11,"farmersdelight:chocolate_pie":1,"minecraft:spruce_planks":2816,"minecraft:wooden_pickaxe":1,"minecraft:red_wool":15,"chipped:carpenters_table":1,"farmersdelight:skillet":1,"minecraft:white_stained_glass_pane":16,"farmersdelight:cutting_board":1,"minecraft:paper":9,"minecraft:book":3,"minecraft:diamond_pickaxe":2,"minecraft:yellow_dye":3,"minecraft:stick":12492,"create:white_seat":2,"minecraft:iron_ingot":78,"minecraft:shears":2,"farmersdelight:milk_bottle":4,"minecraft:oak_door":6,"createdeco:corner_red_bricks":4,"minecraft:furnace":9,"minecraft:blast_furnace":4,"minecraft:jungle_trapdoor":2,"farmersdelight:pie_crust":1,"epicfight:glove":4,"minecraft:glass_pane":96,"minecraft:oak_trapdoor":10,"minecraft:iron_axe":1,"epicfight:iron_greatsword":1,"minecraft:netherite_scrap":3,"minecraft:cooked_beef":12,"minecraft:sugar":49,"minecraft:red_dye":44,"minecraft:iron_sword":2,"minecraft:bowl":36,"epicfight:iron_dagger":1,"minecraft:bucket":2,"minecraft:stone_axe":1,"minecraft:bread":44,"minecraft:air":0,"minecraft:jungle_planks":4332,"minecraft:blue_dye":4,"minecraft:oak_boat":1,"minecraft:jungle_door":9,"minecraft:white_dye":2,"minecraft:stonecutter":1,"minecraft:torch":64,"chipped:glassblower":2},"minecraft:picked_up":{"minecraft:anvil":1,"minecraft:lead":12,"minecraft:enchanted_book":4,"minecraft:brewing_stand":2,"farmersdelight:cutting_board":6,"minecraft:music_disc_cat":3,"minecraft:polished_blackstone_brick_stairs":1,"minecraft:string":80,"wom:antitheus":3,"minecraft:gold_nugget":40,"minecraft:cobbled_deepslate":300,"chipped:iron_barred_oak_trapdoor":4,"minecraft:netherite_upgrade_smithing_template":2,"minecraft:melon_slice":12,"minecraft:jukebox":2,"minecraft:golden_axe":2,"farmersdelight:chicken_cuts":4,"minecraft:stone_sword":1,"chipped:tile_windowed_oak_door":6,"farmersdelight:onion":36,"minecraft:iron_block":1,"chipped:small_blue_stained_glass_pane":10,"minecraft:blaze_rod":5,"minecraft:feather":2,"minecraft:cooked_beef":51,"minecraft:jungle_log":1310,"minecraft:smoker":1,"farmersdelight:bacon":6,"minecraft:flint":2,"farmersdelight:cooked_bacon":6,"farmersdelight:tomato":25,"farmersdelight:mutton_chops":14,"minecraft:stonecutter":2,"chipped:glow_torch":13,"minecraft:diamond_helmet":1,"chipped:slanted_oak_planks":121,"minecraft:dark_oak_log":2,"minecraft:granite":2,"minecraft:bricks":5,"minecraft:diamond_pickaxe":7,"minecraft:spruce_leaves":43,"minecraft:crafting_table":5,"minecraft:nether_wart":19,"minecraft:clay_ball":80,"minecraft:cornflower":4,"minecraft:jungle_trapdoor":2,"farmersdelight:beef_patty":8,"minecraft:beef":86,"chipped:fine_jungle_planks":114,"create:white_seat":2,"minecraft:jungle_sapling":80,"minecraft:poppy":12,"minecraft:quartz_stairs":24,"minecraft:chest":4,"minecraft:egg":15,"minecraft:oak_door":2,"farmersdelight:minced_beef":14,"farmersdelight:tomato_seeds":5,"minecraft:carrot":116,"minecraft:redstone":14,"minecraft:netherite_pickaxe":1,"minecraft:tnt":5,"minecraft:diamond_chestplate":1,"minecraft:hay_block":18,"minecraft:glow_berries":2,"minecraft:mutton":15,"minecraft:white_wool":39,"minecraft:oxeye_daisy":2,"minecraft:jungle_fence":1,"minecraft:filled_map":1,"minecraft:oak_log":224,"minecraft:ancient_debris":2,"farmersdelight:skillet":2,"minecraft:white_banner":1,"minecraft:apple":27,"minecraft:stone_bricks":1,"farmersdelight:cooking_pot":1,"minecraft:kelp":13,"minecraft:glass_bottle":1,"minecraft:iron_sword":1,"epicfight:stone_greatsword":1,"minecraft:gravel":21,"minecraft:spruce_sapling":3,"farmersdelight:cabbage_leaf":28,"minecraft:stone_axe":1,"chipped:large_diamond_leaded_glass":10,"minecraft:painting":11,"minecraft:gray_wool":6,"minecraft:chiseled_deepslate":1,"minecraft:wheat":1,"minecraft:music_disc_strad":5,"minecraft:nether_brick_fence":1,"minecraft:potion":5,"minecraft:raw_copper":141,"minecraft:netherite_ingot":3,"minecraft:experience_bottle":2,"farmersdelight:cabbage":14,"minecraft:bucket":1,"minecraft:rose_bush":21,"chipped:glassblower":3,"farmersdelight:cabbage_seeds":45,"minecraft:furnace":5,"minecraft:stick":153,"minecraft:oak_fence":10,"minecraft:torch":25,"epicfight:skillbook":5,"minecraft:porkchop":11,"minecraft:dried_kelp":13,"createdeco:corner_red_bricks":1,"chipped:paper_jungle_door":4,"farmersdelight:fried_egg":8,"minecraft:rotten_flesh":47,"create:red_seat":7,"minecraft:obsidian":4,"minecraft:cobblestone":1116,"chipped:overgrown_jungle_log":65,"minecraft:pink_petals":20,"epicfight:stone_spear":2,"minecraft:lilac":1,"minecraft:andesite":10,"minecraft:potato":104,"minecraft:tuff":26,"create:raw_zinc":6,"minecraft:dirt":1255,"minecraft:name_tag":2,"minecraft:bone":29,"minecraft:wheat_seeds":50,"chipped:crated_jungle_planks":2,"minecraft:fletching_table":12,"minecraft:oak_planks":185,"minecraft:music_disc_13":4,"minecraft:jungle_planks":316,"minecraft:poisonous_potato":1,"chipped:pressed_jungle_door":2,"minecraft:sand":123,"farmersdelight:cooked_mutton_chops":4,"minecraft:mossy_cobblestone":2,"chipped:carpenters_table":7,"minecraft:diamond":29,"minecraft:cracked_polished_blackstone_bricks":16,"minecraft:grass":6,"minecraft:bone_meal":12,"minecraft:golden_apple":2,"minecraft:emerald":1,"minecraft:oak_sapling":168,"minecraft:netherrack":179,"chipped:reinforced_oak_log":18,"minecraft:oak_leaves":23,"minecraft:cocoa_beans":28,"minecraft:allium":26,"minecraft:azure_bluet":3,"minecraft:ladder":7,"minecraft:chicken":3,"minecraft:brown_mushroom":41,"minecraft:gold_block":15,"minecraft:chain":3,"minecraft:brick":4,"minecraft:shield":1,"minecraft:iron_axe":1,"minecraft:item_frame":2,"farmersdelight:chocolate_pie_slice":4,"minecraft:blackstone":13,"farmersdelight:straw":1,"minecraft:lectern":105,"minecraft:sugar_cane":125,"minecraft:spruce_trapdoor":1,"farmersdelight:kelp_roll_slice":6,"minecraft:raw_iron":53,"minecraft:copper_ingot":12,"minecraft:bowl":1,"minecraft:polished_blackstone_bricks":21,"minecraft:iron_horse_armor":1,"minecraft:arrow":23,"minecraft:nether_bricks":17,"minecraft:saddle":1,"minecraft:jungle_boat":1,"minecraft:basalt":92,"minecraft:leather":53,"minecraft:yellow_bed":3,"minecraft:gunpowder":20,"minecraft:cobblestone_wall":1,"minecraft:cobblestone_stairs":23,"minecraft:cooked_mutton":2,"minecraft:red_carpet":2,"minecraft:iron_ingot":5,"minecraft:book":168,"minecraft:sculk_catalyst":1,"minecraft:pumpkin":5,"chipped:brick_bond_jungle_planks":5,"minecraft:dandelion":17,"chipped:paper_oak_door":1,"minecraft:white_bed":4,"minecraft:spruce_door":5,"minecraft:spider_eye":7,"create:wheat_flour":4,"minecraft:stripped_jungle_log":3,"minecraft:music_disc_mall":7,"chipped:bundled_jungle_log":6,"minecraft:damaged_anvil":2,"farmersdelight:stove":2,"minecraft:coal":194},"minecraft:broken":{"minecraft:iron_boots":1,"epicfight:iron_greatsword":1,"minecraft:iron_pickaxe":1,"minecraft:stone_pickaxe":1,"minecraft:diamond_axe":1},"minecraft:custom":{"minecraft:interact_with_crafting_table":186,"minecraft:open_barrel":11,"minecraft:bell_ring":6,"minecraft:leave_game":21,"minecraft:time_since_death":568,"minecraft:play_time":945599,"minecraft:deaths":72,"minecraft:jump":11561,"minecraft:interact_with_furnace":140,"minecraft:play_record":13,"minecraft:traded_with_villager":365,"minecraft:sleep_in_bed":7,"minecraft:damage_dealt":52793,"minecraft:interact_with_smoker":4,"minecraft:inspect_dispenser":3,"minecraft:interact_with_smithing_table":5,"minecraft:interact_with_anvil":12,"minecraft:damage_dealt_absorbed":80,"minecraft:target_hit":1,"minecraft:sneak_time":22962,"minecraft:interact_with_blast_furnace":10,"minecraft:total_world_time":945599,"minecraft:interact_with_stonecutter":14,"minecraft:time_since_rest":597,"minecraft:swim_one_cm":172058,"minecraft:fly_one_cm":4001952,"minecraft:open_chest":486,"minecraft:fall_one_cm":331164,"lootr:looted_stat":24,"minecraft:animals_bred":8,"minecraft:sprint_one_cm":4181126,"minecraft:drop":300,"minecraft:talked_to_villager":353,"minecraft:interact_with_brewingstand":8,"minecraft:walk_on_water_one_cm":69747,"minecraft:player_kills":7,"minecraft:crouch_one_cm":167450,"minecraft:mob_kills":299,"minecraft:climb_one_cm":51943,"minecraft:walk_one_cm":5622805,"minecraft:walk_under_water_one_cm":115213,"minecraft:boat_one_cm":123148,"minecraft:damage_taken":17899,"minecraft:damage_absorbed":40},"minecraft:used":{"minecraft:chiseled_deepslate":1,"farmersdelight:cabbage_seeds":26,"minecraft:ladder":12,"chipped:square_leaded_glass_pane":25,"minecraft:chest":18,"minecraft:stone":2,"minecraft:quartz_stairs":32,"minecraft:rotten_flesh":18,"minecraft:cocoa_beans":24,"minecraft:allium":1,"minecraft:jungle_sapling":37,"minecraft:lava_bucket":4,"minecraft:villager_spawn_egg":9,"createdeco:corner_red_bricks":4,"minecraft:bow":8,"minecraft:furnace":7,"minecraft:oak_sapling":72,"minecraft:egg":5,"minecraft:potato":21,"farmersdelight:beef_stew":1,"farmersdelight:hamburger":3,"minecraft:damaged_anvil":1,"minecraft:spruce_door":3,"minecraft:blackstone":6,"chipped:reinforced_oak_log":54,"minecraft:wooden_pickaxe":32,"minecraft:jungle_boat":6,"farmersdelight:cabbage_leaf":3,"minecraft:glow_berries":21,"chipped:crated_jungle_planks":97,"minecraft:blast_furnace":2,"chipped:paper_jungle_door":7,"chipped:overgrown_jungle_log":66,"minecraft:lightning_rod":1,"chipped:glow_torch":30,"minecraft:lectern":109,"minecraft:lilac":1,"minecraft:diamond_sword":247,"minecraft:oak_boat":1,"chipped:carpenters_table":8,"minecraft:oak_trapdoor":2,"minecraft:armor_stand":4,"minecraft:netherrack":51,"minecraft:torch":69,"minecraft:brewing_stand":2,"minecraft:anvil":1,"minecraft:stone_stairs":14,"minecraft:jungle_trapdoor":4,"farmersdelight:beef_patty":4,"farmersdelight:oak_cabinet":2,"epicfight:iron_greatsword":264,"minecraft:iron_axe":78,"minecraft:jungle_log":61,"minecraft:melon_seeds":2,"minecraft:basalt":14,"farmersdelight:chocolate_pie_slice":5,"farmersdelight:cooking_pot":2,"chipped:tile_windowed_oak_door":3,"comforts:sleeping_bag_white":1,"farmersdelight:tomato_seeds":10,"minecraft:cobbled_deepslate":124,"minecraft:wheat_seeds":1,"farmersdelight:mutton_wrap":2,"minecraft:water_bucket":18,"comforts:hammock_red":1,"chipped:small_blue_stained_glass_pane":16,"minecraft:fletching_table":14,"minecraft:deepslate_bricks":1,"minecraft:polished_blackstone_bricks":17,"minecraft:crafting_table":10,"minecraft:white_bed":6,"minecraft:music_disc_strad":4,"minecraft:oak_log":49,"minecraft:diamond_pickaxe":1343,"minecraft:diamond_shovel":1215,"chipped:paper_oak_door":3,"minecraft:iron_pickaxe":251,"minecraft:spruce_sapling":3,"chipped:fine_jungle_planks":717,"farmersdelight:cooked_bacon":2,"minecraft:cobblestone":263,"minecraft:cooked_porkchop":2,"minecraft:dandelion":1,"minecraft:jukebox":3,"farmersdelight:stove":4,"minecraft:iron_sword":78,"minecraft:zombie_spawn_egg":5,"minecraft:jungle_planks":258,"minecraft:carrot":23,"minecraft:tuff":4,"minecraft:music_disc_13":2,"minecraft:glass":1,"chipped:slanted_oak_planks":339,"farmersdelight:tomato":3,"minecraft:bricks":5,"farmersdelight:wild_cabbages":5,"minecraft:iron_helmet":1,"minecraft:item_frame":5,"minecraft:red_carpet":15,"farmersdelight:cutting_board":7,"chipped:large_diamond_red_stained_glass_pane":34,"farmersdelight:chicken_soup":1,"epicfight:skillbook":7,"minecraft:stone_pickaxe":131,"minecraft:jungle_fence":14,"minecraft:oak_planks":165,"minecraft:diamond_axe":1787,"minecraft:sugar_cane":31,"minecraft:white_wool":2,"minecraft:crossbow":18,"minecraft:shears":59,"minecraft:firework_rocket":116,"minecraft:music_disc_mall":6,"minecraft:bread":40,"minecraft:string":15,"minecraft:gravel":26,"create:white_seat":4,"minecraft:jungle_sign":3,"minecraft:andesite":10,"minecraft:chain":3,"minecraft:bone_meal":81,"minecraft:experience_bottle":2,"minecraft:oak_fence":69,"farmersdelight:kelp_roll_slice":4,"minecraft:rose_bush":1,"farmersdelight:diamond_knife":11,"minecraft:oak_door":2,"minecraft:dirt":518,"minecraft:white_carpet":3,"minecraft:cobblestone_wall":28,"minecraft:bookshelf":2,"chipped:glassblower":5,"epicfight:glove":16,"minecraft:polished_blackstone_brick_stairs":1,"minecraft:iron_boots":1,"chipped:iron_barred_oak_trapdoor":8,"minecraft:golden_carrot":15,"chipped:brick_bond_jungle_planks":41,"minecraft:wolf_spawn_egg":1,"minecraft:netherite_pickaxe":129,"minecraft:cooked_beef":20,"chipped:large_diamond_leaded_glass":11,"minecraft:iron_leggings":1,"minecraft:cooked_mutton":3,"minecraft:cobblestone_stairs":255,"farmersdelight:skillet":3,"minecraft:glass_bottle":10,"chipped:windowed_spruce_door":2,"create:red_seat":10,"minecraft:stonecutter":2,"chipped:large_diamond_white_stained_glass_pane":9,"chipped:pressed_jungle_door":4,"farmersdelight:onion":16,"minecraft:music_disc_cat":1,"minecraft:painting":12,"minecraft:smoker":1,"minecraft:apple":11,"farmersdelight:apple_cider":1,"chipped:bundled_jungle_log":6,"minecraft:cracked_polished_blackstone_bricks":12,"minecraft:map":1,"minecraft:stone_axe":9,"comforts:rope_and_nail":2,"minecraft:white_banner":1,"farmersdelight:bone_broth":3,"minecraft:bucket":20,"minecraft:yellow_bed":2,"minecraft:smooth_stone":70,"minecraft:splash_potion":3},"minecraft:dropped":{"farmersdelight:hamburger":1,"minecraft:iron_sword":1,"minecraft:cooked_beef":45,"chipped:reinforced_oak_log":6,"minecraft:glass_bottle":1,"minecraft:diamond":10,"minecraft:crafting_table":1,"minecraft:cooked_porkchop":2,"create:incomplete_precision_mechanism":1,"farmersdelight:beef_patty":2,"minecraft:dirt":389,"minecraft:grass":6,"minecraft:jungle_sapling":20,"minecraft:gold_nugget":1,"minecraft:sand":18,"minecraft:white_wool":6,"minecraft:bone":13,"minecraft:stone_axe":2,"minecraft:compass":1,"minecraft:sugar_cane":11,"minecraft:cobbled_deepslate":138,"minecraft:rotten_flesh":15,"minecraft:oak_planks":3,"minecraft:enchanted_golden_apple":1,"minecraft:nether_brick_fence":1,"minecraft:azure_bluet":3,"minecraft:echo_shard":3,"minecraft:jungle_log":96,"epicfight:glove":2,"minecraft:beef":25,"minecraft:enchanted_book":5,"farmersdelight:tomato_seeds":1,"minecraft:iron_ingot":22,"minecraft:netherite_pickaxe":2,"minecraft:wheat_seeds":37,"minecraft:tnt":5,"minecraft:feather":2,"minecraft:cobblestone":4,"minecraft:book":9,"minecraft:apple":15,"epicfight:stone_spear":2,"minecraft:golden_apple":2,"minecraft:oxeye_daisy":1,"minecraft:gray_wool":6,"minecraft:rose_bush":2,"minecraft:potion":1,"minecraft:string":62,"create:raw_zinc":6,"minecraft:furnace":1,"minecraft:stone_sword":1,"minecraft:bowl":1,"minecraft:chicken":1,"farmersdelight:beef_stew":1,"farmersdelight:straw":1,"minecraft:name_tag":2,"minecraft:nether_bricks":17,"minecraft:lightning_rod":1,"minecraft:potato":31,"minecraft:stone":2,"minecraft:allium":25,"minecraft:diamond_pickaxe":6,"minecraft:yellow_bed":1,"farmersdelight:chicken_soup":3,"minecraft:stone_bricks":1,"minecraft:spider_eye":6,"minecraft:bow":1,"farmersdelight:apple_cider":4,"epicfight:skillbook":2,"minecraft:oak_log":1,"minecraft:netherite_upgrade_smithing_template":1,"minecraft:leather":41,"minecraft:music_disc_13":2,"minecraft:flint":1,"minecraft:cracked_polished_blackstone_bricks":4,"minecraft:dark_oak_log":2,"minecraft:jungle_button":8,"minecraft:amethyst_shard":3,"minecraft:polished_blackstone_bricks":4,"minecraft:gold_ingot":77,"bountiful:bounty":1,"minecraft:blackstone":7,"minecraft:cooked_mutton":3,"minecraft:poppy":2,"minecraft:gunpowder":10,"minecraft:chest":1,"chipped:pressed_jungle_door":1,"create:wheat_flour":6,"minecraft:basalt":78,"minecraft:arrow":21,"minecraft:oak_leaves":14,"minecraft:netherrack":120,"minecraft:firework_rocket":24,"minecraft:mossy_cobblestone":2,"minecraft:poisonous_potato":1,"minecraft:golden_axe":2,"minecraft:copper_ingot":12,"chipped:paper_jungle_door":1,"wom:golden_chrono":1,"minecraft:stick":2,"epicfight:iron_longsword":2,"minecraft:sculk_catalyst":1,"epicfight:stone_greatsword":1,"minecraft:music_disc_cat":2,"minecraft:dandelion":13,"minecraft:redstone":14,"minecraft:raw_copper":141,"minecraft:tuff":3,"minecraft:raw_iron":1,"farmersdelight:cabbage_seeds":11,"minecraft:filled_map":2,"minecraft:shield":1,"minecraft:oak_button":7,"wom:antitheus":4,"minecraft:oak_sapling":75,"chipped:glow_torch":11,"minecraft:wooden_pickaxe":1},"minecraft:killed":{"guardvillagers:guard":1,"minecraft:cave_spider":3,"minecraft:skeleton":24,"minecraft:chicken":6,"minecraft:magma_cube":23,"minecraft:iron_golem":1,"minecraft:pillager":8,"minecraft:zombie":58,"minecraft:cow":13,"minecraft:wandering_trader":1,"minecraft:spider":23,"minecraft:piglin_brute":9,"minecraft:wolf":1,"minecraft:piglin":11,"minecraft:pig":5,"minecraft:zombie_villager":2,"minecraft:creeper":10,"minecraft:sheep":8,"minecraft:trader_llama":2,"minecraft:mooshroom":36,"minecraft:ghast":1,"minecraft:blaze":13,"minecraft:bat":1,"minecraft:wither_skeleton":9,"minecraft:villager":23},"minecraft:killed_by":{"minecraft:piglin_brute":3,"minecraft:pillager":1,"minecraft:zombie":1,"minecraft:warden":2,"minecraft:creeper":2,"minecraft:blaze":1,"minecraft:player":6,"minecraft:spider":1,"minecraft:skeleton":2}},"DataVersion":3465}