{"stats":{"minecraft:picked_up":{"jujutsucraft:slaughter_demon":2,"minecraft:splash_potion":3,"minecraft:enchanted_book":2,"minecraft:potion":1,"minecraft:string":4,"minecraft:iron_axe":1,"minecraft:item_frame":1,"minecraft:birch_fence":1,"minecraft:cobbled_deepslate":1,"minecraft:red_sand":3,"minecraft:spruce_planks":2,"minecraft:redstone_torch":1,"minecraft:iron_pickaxe":2,"minecraft:stick":4,"minecraft:stone":2,"minecraft:oak_door":1,"jujutsucraft:sword_okkotsu_yuta":2,"minecraft:porkchop":2,"minecraft:stone_button":3,"minecraft:diorite":1,"minecraft:quartz_block":1,"jujutsucraft:naginata":2,"minecraft:tropical_fish":5,"minecraft:beetroot_seeds":5,"minecraft:iron_block":1,"jujutsucraft:hammer":1,"minecraft:mutton":5,"minecraft:cod":2,"minecraft:skeleton_skull":1,"minecraft:white_wool":1,"minecraft:cobblestone":7,"minecraft:stripped_oak_log":1,"minecraft:salmon":5,"minecraft:leather":2,"minecraft:smoker":2,"minecraft:potato":8,"wom:iron_greataxe":1,"jujutsucraft:sword_kusakabe":1,"jujutsucraft:fester_life_blade":1,"minecraft:lantern":1,"jujutsucraft:uniform_normal_leggings":1,"jujutsucraft:weapon_nanami":1,"minecraft:stone_bricks":2,"minecraft:iron_ingot":5,"minecraft:cobweb":9,"minecraft:tall_grass":1,"minecraft:book":1,"jujutsucraft:dragon_bone":1,"jujutsucraft:nyoi_staff":1,"minecraft:sand":1,"minecraft:ink_sac":4,"minecraft:white_bed":1,"minecraft:spider_eye":3,"minecraft:pumpkin_seeds":4,"minecraft:diamond":12,"minecraft:white_concrete":1,"minecraft:terracotta":2,"minecraft:melon_seeds":3},"minecraft:dropped":{"minecraft:enchanted_book":2,"minecraft:bread":11,"minecraft:porkchop":2,"minecraft:cobblestone":6,"wom:iron_greataxe":1,"jujutsucraft:clothes_hakari_kinji_boots":1,"minecraft:leather":2,"minecraft:saddle":1,"minecraft:tropical_fish":5,"minecraft:cod":2,"minecraft:cobweb":9,"minecraft:diorite":1,"minecraft:ink_sac":4,"minecraft:stone_button":3,"minecraft:mutton":5,"minecraft:white_concrete":1,"minecraft:potion":1,"minecraft:sand":1,"minecraft:iron_pickaxe":1,"minecraft:string":4,"jujutsucraft:dragon_bone":1,"minecraft:white_wool":1,"minecraft:oak_door":1,"jujutsucraft:uniform_normal_leggings":2,"minecraft:cobbled_deepslate":1,"sophisticatedbackpacks:backpack":1,"minecraft:white_bed":1,"minecraft:salmon":5,"minecraft:pumpkin_seeds":4,"jujutsucraft:uniform_normal_chestplate":1,"minecraft:potato":6,"minecraft:stone":2,"minecraft:spruce_planks":2,"minecraft:beetroot_seeds":5,"minecraft:melon_seeds":3,"minecraft:redstone_torch":1,"minecraft:spider_eye":3,"minecraft:red_sand":1,"minecraft:splash_potion":2,"minecraft:terracotta":2},"minecraft:killed":{"jujutsucraft:mimiko":1,"jujutsucraft:cursed_spirit_grade_32":2,"jujutsucraft:cursed_spirit_grade_31":3,"jujutsucraft:cursed_spirit_grade_33":2,"jujutsucraft:cursed_spirit_grade_11":1,"jujutsucraft:cursed_spirit_grade_37":2,"jujutsucraft:cursed_spirit_grade_35":1,"jujutsucraft:yoshino_junpei":1,"jujutsucraft:cursed_spirit_grade_318":7,"jujutsucraft:cursed_spirit_grade_316":1,"jujutsucraft:cursed_spirit_grade_26":1,"jujutsucraft:kumiya_juzo":1,"jujutsucraft:transfigured_human_2":2,"minecraft:horse":2,"jujutsucraft:cursed_spirit_grade_39":3,"jujutsucraft:cursed_spirit_grade_312":4,"jujutsucraft:cursed_spirit_grade_313":2,"jujutsucraft:kechizu":1,"jujutsucraft:cursed_spirit_grade_16":1,"jujutsucraft:rozetsu_shikigami":1,"jujutsucraft:cursed_spirit_grade_317":9,"jujutsucraft:cursed_spirit_grade_38":3,"jujutsucraft:cursed_spirit_grade_34":6,"minecraft:pig":1,"jujutsucraft:kukuru":3,"jujutsucraft:jujutsu_sorcerer":1,"jujutsucraft:cursed_spirit_grade_213":1,"jujutsucraft:awasaka_jiro":1,"jujutsucraft:curse_user_1":1,"jujutsucraft:curse_user":1,"minecraft:squid":1,"jujutsucraft:cursed_spirit_grade_321":1,"minecraft:sheep":2,"jujutsucraft:cursed_spirit_grade_314":6,"jujutsucraft:entity_scissors":2,"jujutsucraft:crow":3,"jujutsucraft:cursed_spirit_grade_310":3,"jujutsucraft:cursed_spirit_grade_36":8,"jujutsucraft:cursed_spirit_grade_315":9,"jujutsucraft:cursed_spirit_grade_319":7,"jujutsucraft:cursed_spirit_grade_322":4},"minecraft:killed_by":{"jujutsucraft:cursed_spirit_grade_214":1,"jujutsucraft:choso":1,"jujutsucraft:cursed_spirit_grade_01":1,"jujutsucraft:cursed_spirit_grade_36":1,"jujutsucraft:cursed_spirit_grade_35":1,"minecraft:player":31,"jujutsucraft:cursed_spirit_grade_14":1,"jujutsucraft:kenjaku":1,"jujutsucraft:cursed_spirit_grade_12":1,"jujutsucraft:cursed_spirit_grade_31":1,"jujutsucraft:cursed_spirit_grade_03":2,"jujutsucraft:kashimo_hajime":1,"jujutsucraft:nue":1,"jujutsucraft:cursed_spirit_grade_22":1,"jujutsucraft:cursed_spirit_grade_28":1,"jujutsucraft:cursed_spirit_grade_211":2,"jujutsucraft:cursed_spirit_grade_09":1,"jujutsucraft:curse_user_1":2,"jujutsucraft:cursed_spirit_grade_08":1,"jujutsucraft:miguel":1,"jujutsucraft:cursed_spirit_grade_19":1,"jujutsucraft:miguel_dancer":1,"jujutsucraft:fushiguro_toji":1,"jujutsucraft:sukuna":1,"jujutsucraft:cursed_spirit_grade_318":1,"jujutsucraft:cursed_spirit_grade_314":1,"jujutsucraft:fushiguro_toji_bug":2,"jujutsucraft:curse_user":4,"jujutsucraft:itadori_yuji_shinjuku":1,"jujutsucraft:cursed_spirit_grade_27":1,"jujutsucraft:dagon_2":1,"jujutsucraft:zenin_maki_culling_game":3,"jujutsucraft:cursed_spirit_grade_23":1,"jujutsucraft:sukuna_fushiguro":1,"jujutsucraft:hazenoki":3,"jujutsucraft:reggie_star":1,"jujutsucraft:rozetsu_shikigami":1,"jujutsucraft:zenin_ogi":1,"jujutsucraft:jogo":1,"jujutsucraft:kamo_noritoshi":1,"jujutsucraft:higuruma_hiromi":1,"jujutsucraft:uraume":5,"jujutsucraft:zenin_naoya":1,"jujutsucraft:yorozu":1,"jujutsucraft:mei_mei":2,"jujutsucraft:miwa_kasumi":1,"jujutsucraft:crow":1,"jujutsucraft:kukuru":1,"jujutsucraft:takaba_fumihiko":1,"jujutsucraft:cursed_spirit_grade_06":1,"jujutsucraft:yaga_masamichi":2,"jujutsucraft:cursed_spirit_grade_02":8},"minecraft:broken":{"minecraft:iron_chestplate":1},"minecraft:custom":{"minecraft:mob_kills":122,"minecraft:interact_with_crafting_table":6,"minecraft:damage_dealt_resisted":42746,"minecraft:time_since_death":3859,"minecraft:climb_one_cm":4300,"minecraft:damage_resisted":41341,"minecraft:sprint_one_cm":1887985,"minecraft:walk_one_cm":1042162,"minecraft:drop":54,"minecraft:damage_dealt_absorbed":2806,"minecraft:talked_to_villager":2,"minecraft:play_time":171926,"minecraft:deaths":111,"minecraft:sneak_time":160,"minecraft:walk_under_water_one_cm":7772,"minecraft:jump":4310,"minecraft:walk_on_water_one_cm":34689,"minecraft:total_world_time":171926,"minecraft:time_since_rest":3893,"minecraft:damage_taken":49440,"minecraft:damage_absorbed":90,"minecraft:damage_dealt":1046,"minecraft:swim_one_cm":7038,"minecraft:fly_one_cm":2675125,"minecraft:open_chest":46,"minecraft:crouch_one_cm":169,"minecraft:fall_one_cm":244106},"minecraft:crafted":{"minecraft:oak_planks":1,"minecraft:iron_axe":1,"wom:iron_greataxe":1,"minecraft:crafting_table":1,"minecraft:iron_sword":1,"minecraft:air":15,"minecraft:iron_chestplate":1,"minecraft:iron_ingot":1,"minecraft:torch":12},"minecraft:mined":{"minecraft:diamond_ore":12,"minecraft:spruce_planks":2,"minecraft:white_concrete":1,"minecraft:fire":8,"minecraft:stripped_oak_log":1,"minecraft:stone":5,"minecraft:iron_block":1,"minecraft:quartz_block":1,"minecraft:smoker":2,"minecraft:grass":7,"minecraft:gravel":1,"minecraft:sand":1,"minecraft:stone_bricks":2,"minecraft:birch_fence":1},"minecraft:used":{"minecraft:red_sand":2,"minecraft:iron_sword":3,"minecraft:torch":1,"jujutsucraft:clothes_hakari_kinji_helmet":1,"wom:iron_greataxe":2,"minecraft:iron_axe":3,"minecraft:item_frame":1,"jujutsucraft:clothes_hakari_kinji_leggings":2,"minecraft:tall_grass":1,"epicfight:skillbook":4,"minecraft:golden_apple":3,"minecraft:crafting_table":1,"jujutsucraft:clothes_hakari_kinji_chestplate":1,"minecraft:birch_fence":1,"minecraft:iron_pickaxe":24,"jujutsucraft:dragon_bone":5,"jujutsucraft:naginata":8,"minecraft:cobblestone":1,"jujutsucraft:uniform_normal_leggings":1,"minecraft:splash_potion":1}},"DataVersion":3465}