{"stats":{"minecraft:dropped":{"minecraft:wheat_seeds":13,"minecraft:feather":1,"minecraft:cobblestone":2,"jujutsucraft:sword_black":1,"minecraft:lantern":4,"minecraft:spruce_door":1,"minecraft:grass_block":1,"jujutsucraft:gavel":1,"minecraft:cod":2,"minecraft:item_frame":1,"minecraft:stick":5,"minecraft:emerald":1,"minecraft:grass":1,"minecraft:mossy_cobblestone_slab":1,"minecraft:torch":1,"minecraft:mutton":6,"minecraft:rose_bush":1,"jujutsucraft:mei_mei_axe":1,"minecraft:white_banner":2,"jujutsucraft:fester_life_blade":1,"minecraft:string":14,"jujutsucraft:dragon_bone":1,"minecraft:white_wool":2,"minecraft:dandelion":1,"minecraft:bone":3,"minecraft:gold_ingot":5,"jujutsucraft:sword_of_extermination":1,"minecraft:gravel":2,"minecraft:sugar_cane":2,"jujutsucraft:sword_miwa_kasumi":1,"jujutsucraft:item_master_simple_domain":1,"minecraft:orange_concrete":1,"minecraft:pointed_dripstone":2,"minecraft:chicken":1,"minecraft:enchanted_golden_apple":1,"jujutsucraft:naginata":1,"minecraft:salmon":1,"minecraft:oak_sapling":1,"jujutsucraft:hammer":2,"minecraft:spruce_log":1,"minecraft:sandstone":1,"minecraft:bow":1,"minecraft:oak_leaves":2,"minecraft:brick":4},"minecraft:picked_up":{"minecraft:coarse_dirt":3,"minecraft:wheat":2,"minecraft:chicken":1,"minecraft:flower_pot":1,"minecraft:stone_brick_wall":1,"minecraft:enchanted_book":1,"jujutsucraft:cursed_technique_changer":4,"minecraft:chain":1,"minecraft:brick":31,"minecraft:string":14,"minecraft:orange_concrete":1,"minecraft:item_frame":1,"minecraft:experience_bottle":3,"minecraft:spruce_planks":1,"minecraft:beef":2,"minecraft:rose_bush":1,"minecraft:sugar_cane":2,"minecraft:stick":5,"minecraft:sandstone":1,"minecraft:stone":21,"jujutsucraft:clothes_nishimiya_helmet":1,"jujutsucraft:playful_cloud":1,"jujutsucraft:item_master_simple_domain":1,"minecraft:torch":1,"minecraft:stone_button":1,"minecraft:pointed_dripstone":2,"jujutsucraft:naginata":1,"minecraft:tropical_fish":1,"jujutsucraft:hammer":2,"minecraft:mutton":8,"minecraft:cod":4,"minecraft:white_wool":3,"minecraft:cobblestone":2,"minecraft:birch_leaves":2,"minecraft:mossy_cobblestone_slab":1,"minecraft:feather":1,"minecraft:birch_slab":1,"minecraft:salmon":1,"minecraft:potato":2,"minecraft:dirt":9,"minecraft:lantern":6,"minecraft:white_banner":6,"minecraft:bone":3,"minecraft:bow":1,"minecraft:wheat_seeds":13,"jujutsucraft:sword_miwa_kasumi":1,"minecraft:dandelion":1,"minecraft:gravel":2,"minecraft:spruce_log":1,"minecraft:grass_block":4,"minecraft:spruce_door":1,"jujutsucraft:clothes_ishigori_helmet":1,"minecraft:coal_ore":3,"minecraft:grass":3,"minecraft:emerald":1,"minecraft:oak_sapling":2,"minecraft:oak_leaves":2},"minecraft:killed":{"jujutsucraft:mimiko":1,"jujutsucraft:cursed_spirit_grade_32":10,"jujutsucraft:transfigured_human_3":4,"jujutsucraft:cursed_spirit_grade_31":4,"jujutsucraft:cursed_spirit_grade_33":8,"jujutsucraft:stevenson_screen":3,"jujutsucraft:nanako":1,"jujutsucraft:charles_bernard":1,"jujutsucraft:cursed_spirit_grade_24":1,"jujutsucraft:cursed_spirit_grade_35":3,"jujutsucraft:cursed_spirit_grade_318":3,"jujutsucraft:cursed_spirit_grade_26":1,"jujutsucraft:cursed_spirit_grade_316":3,"jujutsucraft:transfigured_human_2":4,"minecraft:horse":2,"jujutsucraft:cursed_spirit_grade_39":16,"jujutsucraft:shigemo_haruta":2,"jujutsucraft:cursed_spirit_grade_313":1,"jujutsucraft:cursed_spirit_grade_312":2,"minecraft:bee":1,"jujutsucraft:cursed_spirit_grade_15":1,"minecraft:chicken":1,"jujutsucraft:rozetsu_shikigami":2,"jujutsucraft:cursed_spirit_grade_214":2,"jujutsucraft:cursed_spirit_grade_317":9,"jujutsucraft:cursed_spirit_grade_38":4,"jujutsucraft:cursed_spirit_grade_34":13,"jujutsucraft:transfigured_human_1":2,"jujutsucraft:nanami_kento":1,"minecraft:cat":1,"minecraft:wolf":3,"minecraft:pig":4,"jujutsucraft:kukuru":3,"jujutsucraft:jujutsu_sorcerer":5,"jujutsucraft:nishimiya_momo":1,"minecraft:bat":8,"jujutsucraft:curse_user_1":5,"jujutsucraft:cursed_spirit_grade_211":1,"jujutsucraft:cursed_spirit_grade_321":14,"minecraft:sheep":4,"jujutsucraft:cursed_spirit_grade_29":1,"jujutsucraft:cursed_spirit_grade_314":16,"jujutsucraft:entity_scissors":7,"jujutsucraft:cursed_spirit_grade_311":5,"jujutsucraft:cursed_spirit_grade_310":10,"jujutsucraft:cursed_spirit_grade_36":10,"jujutsucraft:cursed_spirit_grade_315":7,"jujutsucraft:cursed_spirit_grade_212":2,"jujutsucraft:cursed_spirit_grade_319":8,"jujutsucraft:hoshi_kirara":1,"jujutsucraft:cursed_spirit_grade_322":5,"minecraft:villager":11,"minecraft:cow":4},"minecraft:killed_by":{"jujutsucraft:cursed_spirit_grade_01":1,"jujutsucraft:cursed_spirit_grade_36":2,"jujutsucraft:transfigured_human_3":1,"jujutsucraft:cursed_spirit_grade_15":3,"jujutsucraft:cursed_spirit_grade_39":1,"minecraft:player":9,"jujutsucraft:cursed_spirit_grade_14":5,"jujutsucraft:cursed_spirit_grade_312":1,"jujutsucraft:mahito":1,"jujutsucraft:cursed_spirit_grade_11":1,"jujutsucraft:cursed_spirit_grade_13":2,"jujutsucraft:charles_bernard":2,"jujutsucraft:cursed_spirit_grade_03":3,"jujutsucraft:cursed_spirit_grade_22":5,"jujutsucraft:cursed_spirit_grade_215":1,"jujutsucraft:cursed_spirit_grade_28":2,"jujutsucraft:nanami_kento":1,"jujutsucraft:cursed_spirit_grade_110":1,"jujutsucraft:curse_user_1":2,"jujutsucraft:yoshino_junpei":2,"jujutsucraft:cursed_spirit_grade_19":1,"jujutsucraft:tsukumo_yuki":1,"jujutsucraft:cursed_spirit_grade_318":1,"jujutsucraft:sukuna":1,"jujutsucraft:cursed_spirit_grade_315":4,"jujutsucraft:fushiguro_toji_bug":2,"jujutsucraft:nobara_kugisaki":1,"jujutsucraft:cursed_spirit_grade_34":2,"jujutsucraft:gojo_satoru":1,"jujutsucraft:cursed_spirit_grade_23":1,"jujutsucraft:okkotsu_yuta":1,"jujutsucraft:rozetsu":2,"jujutsucraft:sukuna_fushiguro":2,"jujutsucraft:rozetsu_shikigami":1,"jujutsucraft:zenin_chojuro":8,"jujutsucraft:jogo":2,"jujutsucraft:kamo_noritoshi":1,"jujutsucraft:uraume":5,"jujutsucraft:moon_dregs":5,"jujutsucraft:larue":2,"jujutsucraft:zenin_naoya":1,"jujutsucraft:yorozu":1,"jujutsucraft:miwa_kasumi":1,"jujutsucraft:cursed_spirit_grade_317":1,"jujutsucraft:kukuru":2,"jujutsucraft:cursed_spirit_grade_29":3,"jujutsucraft:itadori_yuji_shibuya":1,"jujutsucraft:cursed_spirit_grade_02":1,"jujutsucraft:geto_suguru_curse_user":1,"jujutsucraft:cursed_spirit_grade_210":1,"jujutsucraft:jujutsu_sorcerer":3},"minecraft:broken":{"minecraft:iron_leggings":1},"minecraft:custom":{"minecraft:mob_kills":279,"minecraft:open_barrel":43,"minecraft:damage_dealt_resisted":58967,"minecraft:time_since_death":2154,"minecraft:climb_one_cm":459,"minecraft:damage_resisted":33616,"minecraft:sprint_one_cm":2165463,"minecraft:walk_one_cm":1166108,"minecraft:drop":57,"minecraft:damage_dealt_absorbed":19204,"minecraft:talked_to_villager":2,"minecraft:play_time":152164,"minecraft:deaths":108,"minecraft:sneak_time":434,"minecraft:walk_under_water_one_cm":1841,"minecraft:jump":3077,"minecraft:walk_on_water_one_cm":31758,"minecraft:total_world_time":152164,"minecraft:sleep_in_bed":1,"minecraft:time_since_rest":2174,"minecraft:damage_taken":42868,"minecraft:damage_dealt":308,"minecraft:swim_one_cm":1905,"minecraft:fly_one_cm":2204327,"minecraft:player_kills":2,"minecraft:open_chest":31,"minecraft:crouch_one_cm":1291,"minecraft:fall_one_cm":121398},"minecraft:mined":{"minecraft:grass_block":2,"minecraft:decorated_pot":7,"minecraft:fire":6,"minecraft:glass":2,"minecraft:tall_grass":3,"minecraft:grass":3,"minecraft:flower_pot":1,"minecraft:dirt":3,"minecraft:cobweb":15},"minecraft:used":{"jujutsucraft:mei_mei_axe":23,"minecraft:grass":2,"minecraft:dirt":4,"minecraft:lantern":1,"minecraft:oak_sapling":1,"minecraft:birch_leaves":2,"jujutsucraft:clothes_ishigori_helmet":1,"minecraft:flower_pot":1,"jujutsucraft:dragon_bone":6,"minecraft:white_banner":4,"minecraft:chain":1,"minecraft:experience_bottle":3}},"DataVersion":3465}