{"stats":{"minecraft:dropped":{"minecraft:porkchop":1,"wom:iron_greataxe":1,"minecraft:tropical_fish":2,"minecraft:salmon":5,"minecraft:potato":6,"minecraft:stone_button":3,"minecraft:ink_sac":2,"minecraft:redstone_torch":1,"minecraft:sand":1},"minecraft:picked_up":{"minecraft:stripped_oak_log":1,"minecraft:salmon":5,"wom:iron_greataxe":1,"minecraft:potato":8,"minecraft:iron_axe":1,"minecraft:item_frame":1,"minecraft:birch_fence":1,"minecraft:red_sand":2,"minecraft:cobbled_deepslate":1,"minecraft:iron_ingot":5,"minecraft:redstone_torch":1,"minecraft:tall_grass":1,"minecraft:iron_pickaxe":1,"minecraft:book":1,"minecraft:stick":4,"minecraft:oak_door":1,"minecraft:porkchop":1,"minecraft:sand":1,"minecraft:stone_button":3,"minecraft:ink_sac":2,"minecraft:white_bed":1,"jujutsucraft:naginata":1,"minecraft:tropical_fish":2,"minecraft:iron_block":1,"minecraft:cobblestone":6},"minecraft:killed":{"jujutsucraft:mimiko":1,"jujutsucraft:cursed_spirit_grade_31":1,"jujutsucraft:cursed_spirit_grade_33":1,"minecraft:pig":1,"jujutsucraft:kukuru":3,"jujutsucraft:cursed_spirit_grade_37":1,"jujutsucraft:cursed_spirit_grade_318":1,"jujutsucraft:cursed_spirit_grade_316":1,"jujutsucraft:curse_user_1":1,"jujutsucraft:curse_user":1,"minecraft:squid":1,"jujutsucraft:cursed_spirit_grade_314":3,"jujutsucraft:crow":3,"jujutsucraft:cursed_spirit_grade_36":5,"jujutsucraft:cursed_spirit_grade_315":6,"jujutsucraft:cursed_spirit_grade_317":3,"jujutsucraft:cursed_spirit_grade_38":2,"jujutsucraft:cursed_spirit_grade_34":2,"jujutsucraft:cursed_spirit_grade_319":2,"jujutsucraft:cursed_spirit_grade_322":4},"minecraft:killed_by":{"jujutsucraft:cursed_spirit_grade_214":1,"jujutsucraft:cursed_spirit_grade_01":1,"jujutsucraft:hazenoki":3,"jujutsucraft:cursed_spirit_grade_36":1,"jujutsucraft:reggie_star":1,"jujutsucraft:cursed_spirit_grade_35":1,"jujutsucraft:rozetsu_shikigami":1,"minecraft:player":27,"jujutsucraft:cursed_spirit_grade_14":1,"jujutsucraft:kenjaku":1,"jujutsucraft:higuruma_hiromi":1,"jujutsucraft:uraume":4,"jujutsucraft:cursed_spirit_grade_31":1,"jujutsucraft:cursed_spirit_grade_03":1,"jujutsucraft:nue":1,"jujutsucraft:cursed_spirit_grade_22":1,"jujutsucraft:zenin_naoya":1,"jujutsucraft:cursed_spirit_grade_211":1,"jujutsucraft:curse_user_1":2,"jujutsucraft:yorozu":1,"jujutsucraft:cursed_spirit_grade_08":1,"jujutsucraft:crow":1,"jujutsucraft:fushiguro_toji":1,"jujutsucraft:cursed_spirit_grade_318":1,"jujutsucraft:sukuna":1,"jujutsucraft:kukuru":1,"jujutsucraft:cursed_spirit_grade_314":1,"jujutsucraft:fushiguro_toji_bug":2,"jujutsucraft:curse_user":4,"jujutsucraft:yaga_masamichi":2,"jujutsucraft:dagon_2":1,"jujutsucraft:zenin_maki_culling_game":3,"jujutsucraft:cursed_spirit_grade_23":1,"jujutsucraft:cursed_spirit_grade_02":8},"minecraft:broken":{"minecraft:iron_chestplate":1},"minecraft:custom":{"minecraft:mob_kills":49,"minecraft:interact_with_crafting_table":6,"minecraft:damage_dealt_resisted":7145,"minecraft:time_since_death":1094,"minecraft:climb_one_cm":2740,"minecraft:damage_resisted":10427,"minecraft:time_since_rest":1120,"minecraft:damage_absorbed":40,"minecraft:sprint_one_cm":918524,"minecraft:damage_taken":29570,"minecraft:walk_one_cm":568270,"minecraft:drop":12,"minecraft:damage_dealt":245,"minecraft:talked_to_villager":1,"minecraft:damage_dealt_absorbed":2542,"minecraft:swim_one_cm":6182,"minecraft:fly_one_cm":1435178,"minecraft:open_chest":31,"minecraft:crouch_one_cm":66,"minecraft:play_time":105926,"minecraft:deaths":84,"minecraft:sneak_time":30,"minecraft:walk_under_water_one_cm":3783,"minecraft:jump":2604,"minecraft:walk_on_water_one_cm":20248,"minecraft:total_world_time":105926,"minecraft:fall_one_cm":141825},"minecraft:crafted":{"minecraft:oak_planks":1,"minecraft:crafting_table":1,"minecraft:iron_sword":1,"minecraft:air":15,"minecraft:iron_chestplate":1,"minecraft:iron_axe":1,"wom:iron_greataxe":1,"minecraft:iron_ingot":1,"minecraft:torch":12},"minecraft:mined":{"minecraft:grass":2,"minecraft:sand":1,"minecraft:stripped_oak_log":1,"minecraft:stone":3,"minecraft:iron_block":1,"minecraft:birch_fence":1},"minecraft:used":{"epicfight:skillbook":4,"minecraft:red_sand":2,"minecraft:iron_sword":3,"minecraft:torch":1,"minecraft:golden_apple":1,"jujutsucraft:clothes_hakari_kinji_helmet":1,"minecraft:crafting_table":1,"jujutsucraft:clothes_hakari_kinji_chestplate":1,"wom:iron_greataxe":2,"minecraft:birch_fence":1,"minecraft:iron_axe":1,"minecraft:iron_pickaxe":4,"minecraft:item_frame":1,"jujutsucraft:clothes_hakari_kinji_leggings":1,"minecraft:tall_grass":1}},"DataVersion":3465}