{"stats":{"minecraft:crafted":{"minecraft:oak_planks":84,"minecraft:diamond_axe":1,"minecraft:crafting_table":4,"minecraft:wooden_pickaxe":1,"minecraft:iron_sword":1,"minecraft:furnace":1,"minecraft:diamond_shovel":1,"minecraft:stone_axe":1,"minecraft:air":0,"minecraft:oak_boat":1,"minecraft:diamond_pickaxe":1,"minecraft:iron_axe":1,"minecraft:stick":16,"minecraft:iron_ingot":8,"minecraft:iron_pickaxe":1,"minecraft:stone_pickaxe":1,"minecraft:chest":1,"minecraft:torch":44,"minecraft:cooked_beef":12},"minecraft:used":{"epicfight:skillbook":4,"minecraft:chiseled_deepslate":1,"minecraft:oak_planks":42,"minecraft:stone_pickaxe":131,"minecraft:chest":1,"minecraft:wooden_pickaxe":32,"minecraft:iron_sword":58,"minecraft:rotten_flesh":5,"minecraft:torch":28,"minecraft:glow_berries":21,"minecraft:dirt":303,"minecraft:crafting_table":5,"minecraft:smoker":1,"minecraft:diamond_pickaxe":207,"minecraft:diamond_shovel":890,"minecraft:bread":1,"minecraft:iron_axe":78,"minecraft:iron_pickaxe":251,"minecraft:stone_axe":9,"minecraft:cobblestone":120,"minecraft:furnace":1,"minecraft:oak_sapling":14,"minecraft:andesite":10,"minecraft:cooked_beef":3,"minecraft:oak_boat":1,"minecraft:cobbled_deepslate":122},"minecraft:dropped":{"minecraft:furnace":1,"minecraft:stone_axe":1,"bountiful:bounty":1,"minecraft:compass":1,"minecraft:sugar_cane":9,"minecraft:wheat_seeds":11,"minecraft:cooked_beef":25,"minecraft:cobbled_deepslate":49,"minecraft:raw_copper":141,"minecraft:crafting_table":1,"minecraft:rotten_flesh":6,"minecraft:oak_planks":3,"minecraft:apple":1,"minecraft:echo_shard":3,"minecraft:stick":1,"minecraft:dirt":323,"minecraft:gunpowder":4,"minecraft:potion":1,"minecraft:amethyst_shard":3,"minecraft:wooden_pickaxe":1,"minecraft:beef":25,"minecraft:string":15,"minecraft:dandelion":2,"epicfight:skillbook":1,"create:raw_zinc":6,"minecraft:gold_ingot":1,"minecraft:redstone":14},"minecraft:picked_up":{"minecraft:chiseled_deepslate":1,"minecraft:cooked_beef":44,"minecraft:azure_bluet":1,"minecraft:crafting_table":2,"minecraft:andesite":10,"minecraft:leather":46,"minecraft:brown_mushroom":41,"minecraft:smoker":1,"minecraft:tuff":19,"create:raw_zinc":6,"minecraft:oak_log":21,"minecraft:gunpowder":4,"minecraft:dirt":835,"minecraft:string":20,"minecraft:raw_copper":141,"minecraft:bone":1,"minecraft:apple":1,"minecraft:wheat_seeds":28,"minecraft:cobbled_deepslate":210,"minecraft:beef":80,"minecraft:poppy":1,"minecraft:sugar_cane":9,"minecraft:oak_planks":1,"minecraft:furnace":1,"minecraft:stick":14,"minecraft:raw_iron":39,"minecraft:torch":5,"minecraft:dandelion":5,"epicfight:skillbook":2,"minecraft:porkchop":4,"minecraft:redstone":14,"minecraft:diamond_chestplate":1,"minecraft:rotten_flesh":18,"minecraft:diamond":7,"minecraft:granite":2,"minecraft:oak_sapling":14,"minecraft:glow_berries":2,"minecraft:mutton":4,"minecraft:coal":78,"minecraft:white_wool":2,"minecraft:cobblestone":286},"minecraft:killed":{"minecraft:pig":3,"minecraft:zombie_villager":1,"minecraft:spider":2,"minecraft:creeper":4,"minecraft:skeleton":1,"minecraft:sheep":2,"minecraft:zombie":7,"minecraft:mooshroom":36,"minecraft:cow":8},"minecraft:broken":{"minecraft:stone_pickaxe":1,"minecraft:iron_pickaxe":1},"minecraft:killed_by":{"minecraft:player":1,"minecraft:creeper":2,"minecraft:zombie":1},"minecraft:custom":{"minecraft:interact_with_furnace":5,"lootr:looted_stat":8,"minecraft:mob_kills":64,"minecraft:interact_with_crafting_table":11,"minecraft:bell_ring":1,"minecraft:leave_game":3,"minecraft:time_since_death":32297,"minecraft:climb_one_cm":1984,"minecraft:time_since_rest":32324,"minecraft:sprint_one_cm":552073,"minecraft:damage_taken":2901,"minecraft:walk_one_cm":688851,"minecraft:drop":65,"minecraft:damage_dealt":8425,"minecraft:swim_one_cm":53976,"minecraft:fly_one_cm":550136,"minecraft:open_chest":5,"minecraft:crouch_one_cm":66874,"minecraft:play_time":112204,"minecraft:deaths":11,"minecraft:sneak_time":6660,"minecraft:walk_under_water_one_cm":7441,"minecraft:boat_one_cm":122586,"minecraft:jump":1930,"minecraft:walk_on_water_one_cm":19632,"minecraft:fall_one_cm":52019,"minecraft:total_world_time":112204,"minecraft:interact_with_smoker":4},"minecraft:mined":{"create:zinc_ore":4,"minecraft:deepslate_redstone_ore":3,"create:deepslate_zinc_ore":2,"minecraft:tuff":20,"minecraft:brown_mushroom":5,"minecraft:deepslate_diamond_ore":3,"minecraft:smoker":1,"minecraft:dandelion":3,"minecraft:crafting_table":2,"minecraft:torch":2,"minecraft:granite":2,"minecraft:grass_block":571,"farmersdelight:brown_mushroom_colony":9,"minecraft:tall_grass":23,"minecraft:copper_ore":21,"minecraft:cobblestone":36,"minecraft:moss_block":3,"minecraft:sugar_cane":4,"minecraft:diorite":25,"minecraft:wall_torch":4,"minecraft:furnace":1,"minecraft:iron_ore":24,"minecraft:cobbled_deepslate":3,"minecraft:birch_leaves":1,"minecraft:andesite":10,"minecraft:chiseled_deepslate":1,"treechop:chopped_log":3,"minecraft:deepslate_lapis_ore":1,"minecraft:grass":119,"minecraft:sculk_shrieker":5,"minecraft:coal_ore":47,"minecraft:deepslate_iron_ore":15,"minecraft:dirt":272,"minecraft:stone":158,"create:limestone":1,"minecraft:deepslate":230}},"DataVersion":3465}