{"stats":{"minecraft:crafted":{"minecraft:brick":80,"minecraft:red_stained_glass_pane":40,"minecraft:jungle_button":8,"minecraft:smooth_stone":98,"minecraft:oak_planks":476,"create_sa:copper_chestplate":1,"minecraft:lightning_rod":1,"minecraft:blue_stained_glass_pane":16,"minecraft:stone":122,"minecraft:cobblestone_stairs":4,"minecraft:diamond_shovel":1,"comforts:hammock_white":1,"minecraft:cooked_mutton":4,"minecraft:quartz_block":18,"minecraft:glass":105,"minecraft:diamond_leggings":1,"minecraft:bow":1,"minecraft:melon_seeds":2,"minecraft:chest":14,"comforts:hammock_red":1,"minecraft:oak_button":6,"minecraft:bricks":14,"create_sa:copper_leggings":1,"farmersdelight:kelp_roll":2,"minecraft:oak_fence":63,"farmersdelight:stove":2,"farmersdelight:tomato_seeds":8,"minecraft:glass_bottle":18,"minecraft:blue_stained_glass":8,"minecraft:oak_slab":24,"minecraft:item_frame":3,"minecraft:wooden_shovel":1,"minecraft:emerald":2,"minecraft:cooked_porkchop":4,"minecraft:diamond_axe":1,"minecraft:crafting_table":9,"farmersdelight:chocolate_pie":1,"minecraft:wooden_pickaxe":1,"create:red_seat":3,"minecraft:red_wool":15,"epicfight:iron_longsword":2,"chipped:carpenters_table":1,"minecraft:campfire":2,"minecraft:white_stained_glass_pane":16,"farmersdelight:skillet":1,"farmersdelight:apple_cider":1,"minecraft:painting":2,"farmersdelight:beef_patty":2,"farmersdelight:bacon_and_eggs":2,"farmersdelight:cutting_board":1,"minecraft:yellow_dye":3,"minecraft:diamond_pickaxe":1,"minecraft:stick":168,"comforts:rope_and_nail":2,"create:white_seat":2,"minecraft:iron_ingot":69,"minecraft:iron_pickaxe":1,"minecraft:gold_ingot":135,"minecraft:light_gray_dye":1,"minecraft:shears":2,"minecraft:jungle_sign":3,"farmersdelight:milk_bottle":4,"minecraft:oak_door":6,"farmersdelight:mutton_wrap":4,"minecraft:smooth_stone_slab":6,"minecraft:jukebox":1,"minecraft:iron_nugget":9,"comforts:sleeping_bag_white":1,"createdeco:corner_red_bricks":4,"minecraft:furnace":9,"minecraft:blast_furnace":4,"minecraft:bone_meal":114,"farmersdelight:pie_crust":1,"create_sa:copper_helmet":1,"epicfight:glove":4,"minecraft:white_carpet":3,"minecraft:stone_stairs":14,"minecraft:oak_trapdoor":10,"minecraft:glass_pane":96,"minecraft:iron_axe":1,"minecraft:ladder":6,"minecraft:stone_pickaxe":1,"epicfight:iron_greatsword":1,"minecraft:jungle_fence":21,"minecraft:wheat":54,"minecraft:cooked_beef":12,"minecraft:sugar":49,"minecraft:red_dye":44,"farmersdelight:hamburger":4,"minecraft:iron_sword":2,"minecraft:bowl":36,"farmersdelight:cooking_pot":1,"epicfight:iron_dagger":1,"minecraft:bucket":2,"minecraft:red_carpet":18,"minecraft:stone_axe":1,"minecraft:bread":8,"minecraft:air":0,"minecraft:jungle_planks":984,"minecraft:blue_dye":4,"create_sa:copper_boots":1,"minecraft:jungle_door":9,"minecraft:oak_boat":1,"minecraft:white_dye":2,"minecraft:wooden_axe":1,"minecraft:armor_stand":4,"minecraft:stonecutter":1,"farmersdelight:diamond_knife":1,"minecraft:torch":56,"farmersdelight:oak_cabinet":2,"chipped:glassblower":2},"minecraft:used":{"minecraft:chiseled_deepslate":1,"farmersdelight:cabbage_seeds":26,"minecraft:ladder":12,"chipped:square_leaded_glass_pane":25,"farmersdelight:stove":4,"minecraft:chest":17,"minecraft:iron_sword":78,"minecraft:quartz_stairs":32,"minecraft:rotten_flesh":11,"minecraft:cocoa_beans":24,"minecraft:jungle_planks":258,"minecraft:carrot":23,"minecraft:allium":1,"minecraft:music_disc_13":2,"minecraft:glass":1,"minecraft:jungle_sapling":8,"chipped:slanted_oak_planks":339,"farmersdelight:tomato":3,"minecraft:bricks":5,"farmersdelight:wild_cabbages":5,"minecraft:iron_helmet":1,"createdeco:corner_red_bricks":4,"minecraft:item_frame":5,"minecraft:red_carpet":15,"farmersdelight:cutting_board":7,"minecraft:bow":8,"minecraft:oak_sapling":64,"minecraft:furnace":7,"minecraft:damaged_anvil":1,"farmersdelight:beef_stew":1,"minecraft:egg":4,"minecraft:potato":20,"chipped:large_diamond_red_stained_glass_pane":34,"farmersdelight:hamburger":1,"epicfight:skillbook":5,"minecraft:spruce_door":3,"minecraft:oak_planks":164,"minecraft:stone_pickaxe":131,"minecraft:jungle_fence":14,"chipped:reinforced_oak_log":54,"minecraft:blackstone":4,"minecraft:wooden_pickaxe":32,"minecraft:sugar_cane":31,"minecraft:diamond_axe":1309,"farmersdelight:cabbage_leaf":3,"minecraft:glow_berries":21,"minecraft:white_wool":2,"chipped:crated_jungle_planks":97,"minecraft:blast_furnace":2,"minecraft:crossbow":14,"chipped:overgrown_jungle_log":66,"minecraft:shears":59,"chipped:paper_jungle_door":7,"minecraft:lightning_rod":1,"minecraft:firework_rocket":116,"minecraft:string":15,"chipped:glow_torch":30,"minecraft:bread":7,"minecraft:music_disc_mall":6,"minecraft:lilac":1,"create:white_seat":4,"minecraft:jungle_sign":3,"minecraft:diamond_sword":36,"minecraft:andesite":10,"minecraft:oak_fence":69,"minecraft:rose_bush":1,"farmersdelight:kelp_roll_slice":4,"minecraft:chain":3,"minecraft:oak_trapdoor":2,"chipped:carpenters_table":8,"minecraft:oak_boat":1,"minecraft:bone_meal":61,"farmersdelight:diamond_knife":11,"minecraft:armor_stand":4,"minecraft:netherrack":28,"minecraft:oak_door":2,"minecraft:torch":57,"minecraft:dirt":500,"minecraft:white_carpet":3,"minecraft:cobblestone_wall":28,"minecraft:stone_stairs":14,"farmersdelight:beef_patty":3,"farmersdelight:oak_cabinet":2,"epicfight:iron_greatsword":264,"chipped:glassblower":5,"minecraft:iron_axe":78,"minecraft:jungle_log":58,"epicfight:glove":16,"minecraft:iron_boots":1,"minecraft:polished_blackstone_brick_stairs":1,"minecraft:melon_seeds":2,"chipped:iron_barred_oak_trapdoor":8,"minecraft:basalt":2,"minecraft:golden_carrot":15,"minecraft:wolf_spawn_egg":1,"chipped:brick_bond_jungle_planks":41,"farmersdelight:chocolate_pie_slice":2,"farmersdelight:cooking_pot":2,"farmersdelight:tomato_seeds":10,"comforts:sleeping_bag_white":1,"chipped:tile_windowed_oak_door":3,"chipped:large_diamond_leaded_glass":11,"minecraft:cooked_beef":20,"minecraft:cobbled_deepslate":124,"minecraft:iron_leggings":1,"farmersdelight:mutton_wrap":1,"minecraft:wheat_seeds":1,"minecraft:cooked_mutton":3,"minecraft:water_bucket":18,"minecraft:cobblestone_stairs":255,"farmersdelight:skillet":3,"comforts:hammock_red":1,"chipped:small_blue_stained_glass_pane":16,"chipped:windowed_spruce_door":2,"create:red_seat":10,"minecraft:stonecutter":2,"chipped:large_diamond_white_stained_glass_pane":9,"minecraft:deepslate_bricks":1,"minecraft:polished_blackstone_bricks":17,"chipped:pressed_jungle_door":4,"farmersdelight:onion":16,"minecraft:music_disc_cat":1,"minecraft:crafting_table":8,"minecraft:painting":12,"minecraft:smoker":1,"minecraft:music_disc_strad":4,"minecraft:oak_log":49,"chipped:bundled_jungle_log":6,"farmersdelight:apple_cider":1,"minecraft:diamond_pickaxe":663,"minecraft:apple":10,"minecraft:diamond_shovel":1203,"chipped:paper_oak_door":3,"minecraft:cracked_polished_blackstone_bricks":12,"minecraft:iron_pickaxe":251,"minecraft:spruce_sapling":3,"minecraft:stone_axe":9,"comforts:rope_and_nail":2,"chipped:fine_jungle_planks":717,"farmersdelight:cooked_bacon":2,"minecraft:cobblestone":224,"minecraft:white_banner":1,"minecraft:cooked_porkchop":2,"farmersdelight:bone_broth":3,"minecraft:bucket":20,"minecraft:jukebox":3,"minecraft:smooth_stone":70},"minecraft:dropped":{"farmersdelight:hamburger":1,"minecraft:cooked_beef":45,"chipped:reinforced_oak_log":6,"minecraft:diamond":10,"minecraft:glass_bottle":1,"minecraft:crafting_table":1,"minecraft:netherite_upgrade_smithing_template":1,"minecraft:cooked_porkchop":2,"create:incomplete_precision_mechanism":1,"minecraft:leather":41,"farmersdelight:beef_patty":2,"minecraft:music_disc_13":2,"minecraft:cracked_polished_blackstone_bricks":4,"minecraft:dirt":387,"minecraft:grass":6,"minecraft:jungle_button":8,"minecraft:jungle_sapling":7,"minecraft:gold_nugget":1,"minecraft:amethyst_shard":3,"minecraft:sand":18,"minecraft:polished_blackstone_bricks":4,"minecraft:white_wool":5,"minecraft:gold_ingot":77,"minecraft:bone":4,"bountiful:bounty":1,"minecraft:blackstone":1,"minecraft:compass":1,"minecraft:stone_axe":2,"minecraft:sugar_cane":11,"minecraft:cobbled_deepslate":52,"minecraft:rotten_flesh":14,"minecraft:oak_planks":3,"minecraft:enchanted_golden_apple":1,"minecraft:cooked_mutton":3,"minecraft:azure_bluet":3,"minecraft:echo_shard":3,"minecraft:poppy":2,"minecraft:gunpowder":10,"minecraft:jungle_log":96,"epicfight:glove":2,"chipped:pressed_jungle_door":1,"create:wheat_flour":6,"minecraft:arrow":18,"minecraft:beef":25,"minecraft:firework_rocket":24,"minecraft:oak_leaves":14,"minecraft:netherrack":19,"farmersdelight:tomato_seeds":1,"minecraft:enchanted_book":1,"minecraft:iron_ingot":22,"minecraft:wheat_seeds":37,"minecraft:poisonous_potato":1,"minecraft:feather":2,"minecraft:golden_axe":2,"minecraft:cobblestone":1,"minecraft:book":9,"minecraft:apple":15,"epicfight:stone_spear":2,"minecraft:copper_ingot":12,"chipped:paper_jungle_door":1,"minecraft:golden_apple":2,"epicfight:iron_longsword":2,"minecraft:stick":2,"minecraft:oxeye_daisy":1,"minecraft:gray_wool":6,"minecraft:sculk_catalyst":1,"minecraft:potion":1,"epicfight:stone_greatsword":1,"minecraft:string":20,"minecraft:music_disc_cat":2,"create:raw_zinc":6,"minecraft:dandelion":13,"minecraft:redstone":14,"minecraft:furnace":1,"minecraft:raw_copper":141,"minecraft:raw_iron":1,"farmersdelight:cabbage_seeds":11,"minecraft:chicken":1,"farmersdelight:beef_stew":1,"farmersdelight:straw":1,"minecraft:name_tag":2,"minecraft:lightning_rod":1,"minecraft:stone":1,"minecraft:oak_button":6,"minecraft:allium":25,"farmersdelight:chicken_soup":3,"wom:antitheus":4,"minecraft:oak_sapling":41,"chipped:glow_torch":11,"minecraft:spider_eye":6,"minecraft:bow":1,"minecraft:wooden_pickaxe":1,"farmersdelight:apple_cider":4,"epicfight:skillbook":1},"minecraft:picked_up":{"minecraft:chiseled_deepslate":1,"minecraft:music_disc_strad":5,"minecraft:wheat":1,"minecraft:anvil":1,"minecraft:lead":12,"minecraft:enchanted_book":3,"farmersdelight:cutting_board":6,"minecraft:music_disc_cat":3,"minecraft:polished_blackstone_brick_stairs":1,"minecraft:string":57,"wom:antitheus":3,"minecraft:raw_copper":141,"minecraft:gold_nugget":40,"minecraft:cobbled_deepslate":214,"minecraft:bucket":1,"farmersdelight:cabbage":14,"minecraft:rose_bush":19,"minecraft:netherite_upgrade_smithing_template":1,"chipped:iron_barred_oak_trapdoor":4,"chipped:glassblower":3,"minecraft:melon_slice":12,"farmersdelight:cabbage_seeds":45,"minecraft:furnace":5,"minecraft:stick":87,"minecraft:jukebox":2,"minecraft:oak_fence":10,"minecraft:torch":22,"epicfight:skillbook":3,"minecraft:porkchop":11,"minecraft:golden_axe":2,"minecraft:dried_kelp":13,"createdeco:corner_red_bricks":1,"farmersdelight:chicken_cuts":4,"chipped:paper_jungle_door":4,"farmersdelight:fried_egg":8,"minecraft:rotten_flesh":38,"chipped:tile_windowed_oak_door":6,"farmersdelight:onion":36,"chipped:small_blue_stained_glass_pane":10,"create:red_seat":7,"minecraft:obsidian":4,"minecraft:cobblestone":694,"chipped:overgrown_jungle_log":65,"minecraft:pink_petals":20,"epicfight:stone_spear":2,"minecraft:cooked_beef":51,"minecraft:feather":2,"minecraft:lilac":1,"minecraft:andesite":10,"minecraft:jungle_log":471,"minecraft:smoker":1,"minecraft:potato":104,"farmersdelight:bacon":6,"minecraft:tuff":19,"create:raw_zinc":6,"farmersdelight:cooked_bacon":6,"farmersdelight:tomato":25,"minecraft:dirt":1235,"minecraft:name_tag":2,"farmersdelight:mutton_chops":14,"minecraft:bone":20,"minecraft:stonecutter":2,"minecraft:wheat_seeds":50,"chipped:glow_torch":13,"minecraft:diamond_helmet":1,"chipped:crated_jungle_planks":2,"minecraft:oak_planks":174,"chipped:slanted_oak_planks":121,"minecraft:music_disc_13":4,"minecraft:poisonous_potato":1,"chipped:pressed_jungle_door":2,"minecraft:sand":123,"minecraft:jungle_planks":316,"farmersdelight:cooked_mutton_chops":4,"chipped:carpenters_table":7,"minecraft:diamond":16,"minecraft:cracked_polished_blackstone_bricks":16,"minecraft:granite":2,"minecraft:bone_meal":12,"minecraft:grass":6,"minecraft:golden_apple":2,"minecraft:oak_sapling":126,"minecraft:netherrack":55,"minecraft:oak_leaves":23,"minecraft:bricks":5,"chipped:reinforced_oak_log":18,"minecraft:spruce_leaves":43,"minecraft:cocoa_beans":28,"minecraft:crafting_table":5,"minecraft:allium":26,"minecraft:azure_bluet":3,"minecraft:chicken":3,"minecraft:ladder":7,"minecraft:clay_ball":80,"minecraft:brown_mushroom":41,"minecraft:gold_block":15,"minecraft:chain":3,"minecraft:brick":4,"minecraft:cornflower":4,"minecraft:iron_axe":1,"minecraft:item_frame":2,"farmersdelight:chocolate_pie_slice":4,"minecraft:blackstone":5,"farmersdelight:beef_patty":8,"farmersdelight:straw":1,"minecraft:beef":86,"chipped:fine_jungle_planks":114,"create:white_seat":2,"minecraft:jungle_sapling":15,"minecraft:poppy":12,"minecraft:quartz_stairs":24,"minecraft:sugar_cane":93,"minecraft:chest":4,"farmersdelight:kelp_roll_slice":6,"minecraft:egg":14,"minecraft:raw_iron":53,"minecraft:oak_door":2,"minecraft:copper_ingot":12,"farmersdelight:minced_beef":14,"minecraft:bowl":1,"minecraft:polished_blackstone_bricks":21,"farmersdelight:tomato_seeds":5,"minecraft:carrot":116,"minecraft:redstone":14,"minecraft:iron_horse_armor":1,"minecraft:arrow":22,"minecraft:diamond_chestplate":1,"minecraft:hay_block":6,"minecraft:saddle":1,"minecraft:glow_berries":2,"minecraft:mutton":15,"minecraft:white_wool":32,"minecraft:oxeye_daisy":2,"minecraft:basalt":2,"minecraft:leather":53,"minecraft:jungle_fence":1,"minecraft:oak_log":218,"minecraft:cobblestone_wall":1,"minecraft:gunpowder":17,"minecraft:cobblestone_stairs":23,"farmersdelight:skillet":2,"minecraft:white_banner":1,"minecraft:cooked_mutton":2,"minecraft:red_carpet":2,"minecraft:apple":27,"farmersdelight:cooking_pot":1,"minecraft:kelp":13,"minecraft:glass_bottle":1,"minecraft:book":9,"minecraft:sculk_catalyst":1,"minecraft:pumpkin":5,"epicfight:stone_greatsword":1,"chipped:brick_bond_jungle_planks":5,"minecraft:dandelion":16,"minecraft:gravel":1,"minecraft:spruce_sapling":3,"chipped:paper_oak_door":1,"minecraft:spruce_door":5,"minecraft:spider_eye":7,"farmersdelight:cabbage_leaf":28,"create:wheat_flour":4,"minecraft:stripped_jungle_log":3,"minecraft:music_disc_mall":7,"minecraft:stone_axe":1,"chipped:large_diamond_leaded_glass":10,"chipped:bundled_jungle_log":6,"minecraft:painting":11,"minecraft:gray_wool":6,"minecraft:damaged_anvil":2,"farmersdelight:stove":2,"minecraft:coal":143},"minecraft:broken":{"minecraft:iron_boots":1,"minecraft:stone_pickaxe":1,"epicfight:iron_greatsword":1,"minecraft:iron_pickaxe":1},"minecraft:killed":{"minecraft:cave_spider":3,"minecraft:spider":22,"minecraft:skeleton":23,"minecraft:chicken":3,"minecraft:piglin_brute":9,"minecraft:magma_cube":22,"minecraft:wolf":1,"minecraft:piglin":10,"minecraft:pig":5,"minecraft:zombie_villager":2,"minecraft:creeper":8,"minecraft:sheep":8,"minecraft:trader_llama":2,"minecraft:pillager":8,"minecraft:zombie":42,"minecraft:mooshroom":36,"minecraft:cow":13,"minecraft:bat":1,"minecraft:wandering_trader":1},"minecraft:killed_by":{"minecraft:piglin_brute":3,"minecraft:creeper":2,"minecraft:pillager":1,"minecraft:zombie":1,"minecraft:player":4,"minecraft:spider":1,"minecraft:warden":2,"minecraft:skeleton":2},"minecraft:custom":{"lootr:looted_stat":16,"minecraft:animals_bred":8,"minecraft:interact_with_crafting_table":169,"minecraft:open_barrel":6,"minecraft:bell_ring":1,"minecraft:leave_game":19,"minecraft:time_since_death":18788,"minecraft:sprint_one_cm":3397357,"minecraft:drop":210,"minecraft:talked_to_villager":6,"minecraft:play_time":742887,"minecraft:deaths":59,"minecraft:jump":9503,"minecraft:walk_on_water_one_cm":56961,"minecraft:interact_with_furnace":137,"minecraft:play_record":13,"minecraft:traded_with_villager":2,"minecraft:sleep_in_bed":1,"minecraft:damage_dealt":39237,"minecraft:player_kills":7,"minecraft:crouch_one_cm":157834,"minecraft:inspect_dispenser":3,"minecraft:interact_with_smoker":4,"minecraft:interact_with_anvil":2,"minecraft:mob_kills":226,"minecraft:climb_one_cm":42629,"minecraft:walk_one_cm":4439596,"minecraft:damage_dealt_absorbed":80,"minecraft:sneak_time":21524,"minecraft:walk_under_water_one_cm":96093,"minecraft:boat_one_cm":122586,"minecraft:interact_with_blast_furnace":7,"minecraft:total_world_time":742887,"minecraft:interact_with_stonecutter":14,"minecraft:time_since_rest":18884,"minecraft:damage_taken":14796,"minecraft:damage_absorbed":40,"minecraft:swim_one_cm":167378,"minecraft:fly_one_cm":3320247,"minecraft:open_chest":395,"minecraft:fall_one_cm":284910},"minecraft:mined":{"chipped:large_diamond_leaded_glass":11,"create:deepslate_zinc_ore":2,"chipped:paper_oak_door":1,"minecraft:cobblestone_stairs":23,"minecraft:jungle_leaves":1,"chipped:glow_wall_torch":9,"minecraft:spruce_trapdoor":1,"minecraft:granite":2,"minecraft:grass_block":748,"minecraft:jungle_log":44,"diagonalwalls:minecraft/cobblestone_wall":1,"minecraft:cracked_polished_blackstone_bricks":30,"chipped:glassblower":3,"minecraft:oxeye_daisy":2,"minecraft:spawner":2,"minecraft:polished_blackstone_bricks":39,"chipped:reinforced_oak_log":18,"minecraft:iron_ore":28,"minecraft:fire":24,"minecraft:cobbled_deepslate":5,"minecraft:pumpkin":5,"minecraft:anvil":1,"minecraft:deepslate_lapis_ore":1,"minecraft:azure_bluet":1,"minecraft:sculk_shrieker":5,"chipped:overgrown_jungle_log":66,"chipped:fine_jungle_planks":125,"create:red_seat":7,"create:limestone":1,"minecraft:deepslate_redstone_ore":3,"minecraft:brown_mushroom":5,"minecraft:tripwire":3,"chipped:tile_windowed_oak_door":3,"minecraft:blackstone":8,"minecraft:kelp_plant":3,"minecraft:smoker":1,"minecraft:clay":20,"minecraft:torch":8,"diagonalfences:minecraft/oak_fence":10,"minecraft:melon":3,"minecraft:poppy":9,"minecraft:chest":4,"farmersdelight:brown_mushroom_colony":9,"minecraft:damaged_anvil":2,"farmersdelight:cabbages":17,"minecraft:glass":1,"minecraft:cobblestone":107,"minecraft:oak_planks":180,"diagonalfences:minecraft/jungle_fence":1,"minecraft:sugar_cane":52,"chipped:iron_barred_oak_trapdoor":4,"minecraft:bricks":5,"minecraft:wall_torch":15,"minecraft:chain":3,"farmersdelight:cutting_board":5,"minecraft:wheat":1,"minecraft:lilac":1,"minecraft:jukebox":2,"minecraft:grass":242,"minecraft:oak_log":1,"minecraft:sand":105,"minecraft:dirt":285,"minecraft:stonecutter":2,"minecraft:netherrack":60,"minecraft:deepslate":230,"minecraft:oak_leaves":20,"create:zinc_ore":4,"chipped:small_blue_stained_glass_pane":10,"minecraft:nether_gold_ore":10,"chipped:bundled_jungle_log":6,"minecraft:tuff":20,"minecraft:red_carpet":2,"farmersdelight:onions":8,"minecraft:quartz_stairs":24,"minecraft:deepslate_diamond_ore":3,"createdeco:corner_red_bricks":1,"minecraft:oak_door":2,"farmersdelight:wild_carrots":7,"chipped:brick_bond_jungle_planks":5,"chipped:slanted_oak_planks":121,"minecraft:ladder":7,"minecraft:allium":1,"minecraft:jungle_planks":258,"chipped:glow_torch":1,"farmersdelight:tomatoes":1,"minecraft:spruce_leaves":45,"farmersdelight:wild_cabbages":5,"minecraft:kelp":2,"minecraft:moss_block":3,"minecraft:hay_block":6,"farmersdelight:wild_onions":15,"minecraft:spruce_sapling":1,"minecraft:furnace":5,"minecraft:carrots":27,"minecraft:andesite":10,"minecraft:chiseled_deepslate":1,"treechop:chopped_log":40,"minecraft:gold_block":15,"minecraft:potatoes":29,"minecraft:deepslate_iron_ore":16,"minecraft:vine":4,"minecraft:stripped_jungle_log":3,"chipped:crated_jungle_planks":2,"minecraft:stone":223,"minecraft:white_wool":2,"chipped:paper_jungle_door":1,"diagonalwindows:chipped/large_diamond_white_stained_glass_pane":1,"farmersdelight:cooking_pot":1,"create:white_seat":2,"minecraft:basalt":2,"minecraft:dandelion":6,"minecraft:spruce_door":4,"minecraft:crafting_table":3,"minecraft:cornflower":4,"minecraft:rose_bush":19,"chipped:carpenters_table":7,"minecraft:copper_ore":21,"minecraft:tall_grass":54,"minecraft:polished_blackstone_brick_stairs":2,"minecraft:diorite":25,"farmersdelight:skillet":2,"diagonalwindows:chipped/large_diamond_red_stained_glass_pane":6,"minecraft:birch_leaves":1,"minecraft:coal_ore":102,"diagonalwindows:chipped/square_leaded_glass_pane":13,"minecraft:cocoa":10,"minecraft:sunflower":1,"farmersdelight:stove":2,"minecraft:fern":4}},"DataVersion":3465}