{"stats":{"minecraft:crafted":{"minecraft:oak_door":3,"minecraft:smooth_stone":6,"minecraft:oak_planks":252,"minecraft:furnace":5,"minecraft:blast_furnace":2,"minecraft:cobblestone_stairs":4,"minecraft:stone":6,"minecraft:diamond_shovel":1,"minecraft:glass":2,"minecraft:iron_axe":1,"minecraft:ladder":6,"minecraft:stone_pickaxe":1,"epicfight:iron_greatsword":1,"minecraft:chest":2,"minecraft:oak_button":6,"minecraft:bricks":2,"minecraft:cooked_beef":12,"minecraft:emerald":2,"minecraft:diamond_axe":1,"minecraft:crafting_table":7,"minecraft:wooden_pickaxe":1,"minecraft:iron_sword":1,"chipped:carpenters_table":1,"minecraft:stone_axe":1,"minecraft:jungle_planks":476,"minecraft:air":0,"minecraft:oak_boat":1,"minecraft:jungle_door":3,"minecraft:diamond_pickaxe":1,"minecraft:stick":80,"minecraft:iron_ingot":47,"minecraft:iron_pickaxe":1,"minecraft:wooden_axe":1,"minecraft:torch":44,"chipped:glassblower":2,"minecraft:shears":1},"minecraft:used":{"minecraft:chiseled_deepslate":1,"minecraft:ladder":6,"minecraft:chest":3,"minecraft:iron_sword":78,"minecraft:rotten_flesh":5,"minecraft:torch":28,"minecraft:dirt":351,"minecraft:jungle_planks":256,"minecraft:jungle_sapling":7,"chipped:slanted_oak_planks":313,"epicfight:iron_greatsword":12,"chipped:glassblower":1,"minecraft:iron_axe":78,"minecraft:jungle_log":38,"minecraft:iron_helmet":1,"minecraft:iron_boots":1,"minecraft:furnace":3,"minecraft:oak_sapling":30,"chipped:tile_windowed_oak_door":3,"minecraft:cooked_beef":11,"minecraft:cobbled_deepslate":124,"minecraft:iron_leggings":1,"epicfight:skillbook":4,"minecraft:cobblestone_stairs":2,"minecraft:stone_pickaxe":131,"minecraft:oak_planks":161,"chipped:reinforced_oak_log":54,"minecraft:wooden_pickaxe":32,"minecraft:diamond_axe":895,"minecraft:white_wool":1,"minecraft:glow_berries":21,"minecraft:crafting_table":5,"chipped:overgrown_jungle_log":66,"chipped:paper_jungle_door":5,"minecraft:smoker":1,"minecraft:oak_log":21,"minecraft:diamond_pickaxe":233,"chipped:bundled_jungle_log":6,"minecraft:diamond_shovel":1029,"chipped:glow_torch":3,"minecraft:bread":7,"minecraft:iron_pickaxe":251,"minecraft:stone_axe":9,"chipped:fine_jungle_planks":336,"minecraft:cobblestone":172,"minecraft:andesite":10,"minecraft:oak_boat":1,"chipped:carpenters_table":1},"minecraft:dropped":{"minecraft:wheat_seeds":30,"chipped:reinforced_oak_log":6,"minecraft:cooked_beef":25,"minecraft:crafting_table":1,"minecraft:apple":1,"minecraft:stick":1,"minecraft:oxeye_daisy":1,"minecraft:dirt":323,"minecraft:potion":1,"minecraft:jungle_sapling":5,"minecraft:amethyst_shard":3,"minecraft:sand":18,"minecraft:string":15,"create:raw_zinc":6,"minecraft:dandelion":11,"minecraft:gold_ingot":1,"minecraft:redstone":14,"minecraft:furnace":1,"minecraft:stone_axe":1,"minecraft:compass":1,"bountiful:bounty":1,"minecraft:sugar_cane":9,"minecraft:cobbled_deepslate":51,"minecraft:raw_copper":141,"minecraft:rotten_flesh":6,"minecraft:oak_planks":3,"minecraft:azure_bluet":1,"minecraft:echo_shard":3,"minecraft:poppy":2,"minecraft:oak_button":6,"minecraft:gunpowder":4,"minecraft:jungle_log":96,"minecraft:oak_sapling":29,"chipped:glow_torch":11,"minecraft:wooden_pickaxe":1,"minecraft:beef":25,"epicfight:skillbook":1},"minecraft:picked_up":{"minecraft:chiseled_deepslate":1,"minecraft:cocoa_beans":3,"minecraft:crafting_table":4,"minecraft:azure_bluet":1,"minecraft:lead":2,"minecraft:brown_mushroom":41,"minecraft:brick":4,"minecraft:string":24,"minecraft:raw_copper":141,"minecraft:cobbled_deepslate":212,"minecraft:beef":80,"chipped:fine_jungle_planks":23,"minecraft:jungle_sapling":12,"minecraft:poppy":3,"minecraft:sugar_cane":9,"minecraft:chest":1,"minecraft:furnace":1,"minecraft:raw_iron":39,"minecraft:stick":54,"minecraft:torch":5,"epicfight:skillbook":2,"minecraft:porkchop":4,"minecraft:redstone":14,"chipped:paper_jungle_door":3,"minecraft:diamond_chestplate":1,"minecraft:rotten_flesh":18,"chipped:tile_windowed_oak_door":3,"minecraft:glow_berries":2,"minecraft:mutton":4,"minecraft:white_wool":3,"minecraft:cobblestone":310,"minecraft:oxeye_daisy":1,"chipped:overgrown_jungle_log":65,"minecraft:cooked_beef":44,"minecraft:jungle_log":310,"minecraft:andesite":10,"minecraft:leather":47,"minecraft:smoker":1,"minecraft:oak_log":142,"minecraft:tuff":19,"create:raw_zinc":6,"minecraft:gunpowder":4,"minecraft:dirt":959,"minecraft:bone":3,"minecraft:apple":11,"minecraft:wheat_seeds":30,"chipped:glow_torch":3,"minecraft:oak_planks":168,"chipped:slanted_oak_planks":120,"minecraft:dandelion":12,"minecraft:sand":38,"minecraft:jungle_planks":314,"minecraft:stripped_jungle_log":3,"minecraft:diamond":7,"chipped:bundled_jungle_log":6,"minecraft:granite":2,"minecraft:oak_sapling":71,"chipped:reinforced_oak_log":10,"minecraft:coal":78},"minecraft:broken":{"minecraft:stone_pickaxe":1,"minecraft:iron_pickaxe":1},"minecraft:killed":{"minecraft:cave_spider":3,"minecraft:spider":2,"minecraft:skeleton":2,"minecraft:pig":3,"minecraft:zombie_villager":1,"minecraft:wandering_trader":1,"minecraft:creeper":4,"minecraft:sheep":2,"minecraft:trader_llama":2,"minecraft:pillager":4,"minecraft:zombie":7,"minecraft:mooshroom":36,"minecraft:cow":8},"minecraft:killed_by":{"minecraft:player":2,"minecraft:creeper":2,"minecraft:pillager":1,"minecraft:zombie":1},"minecraft:custom":{"lootr:looted_stat":8,"minecraft:mob_kills":75,"minecraft:interact_with_crafting_table":30,"minecraft:bell_ring":1,"minecraft:leave_game":4,"minecraft:time_since_death":10260,"minecraft:climb_one_cm":11902,"minecraft:sprint_one_cm":884085,"minecraft:walk_one_cm":1352949,"minecraft:drop":81,"minecraft:talked_to_villager":3,"minecraft:play_time":220144,"minecraft:deaths":17,"minecraft:sneak_time":9030,"minecraft:walk_under_water_one_cm":7910,"minecraft:boat_one_cm":122586,"minecraft:jump":3112,"minecraft:walk_on_water_one_cm":21918,"minecraft:total_world_time":220144,"minecraft:interact_with_furnace":18,"minecraft:traded_with_villager":2,"minecraft:time_since_rest":10284,"minecraft:damage_taken":4584,"minecraft:damage_dealt":10597,"minecraft:swim_one_cm":67686,"minecraft:player_kills":1,"minecraft:fly_one_cm":851123,"minecraft:open_chest":33,"minecraft:crouch_one_cm":90203,"minecraft:interact_with_smoker":4,"minecraft:fall_one_cm":82836},"minecraft:mined":{"create:zinc_ore":4,"chipped:bundled_jungle_log":6,"create:deepslate_zinc_ore":2,"minecraft:tuff":20,"minecraft:deepslate_diamond_ore":3,"chipped:slanted_oak_planks":120,"minecraft:granite":2,"minecraft:grass_block":688,"minecraft:jungle_planks":256,"minecraft:jungle_log":28,"minecraft:moss_block":3,"minecraft:oxeye_daisy":1,"chipped:reinforced_oak_log":10,"minecraft:furnace":1,"minecraft:iron_ore":24,"minecraft:cobbled_deepslate":5,"minecraft:andesite":10,"treechop:chopped_log":21,"minecraft:chiseled_deepslate":1,"minecraft:deepslate_lapis_ore":1,"minecraft:sculk_shrieker":5,"chipped:overgrown_jungle_log":66,"minecraft:vine":1,"minecraft:deepslate_iron_ore":15,"chipped:fine_jungle_planks":25,"minecraft:stripped_jungle_log":3,"minecraft:stone":158,"chipped:paper_jungle_door":1,"minecraft:white_wool":1,"create:limestone":1,"minecraft:deepslate_redstone_ore":3,"chipped:tile_windowed_oak_door":3,"minecraft:brown_mushroom":5,"minecraft:smoker":1,"minecraft:dandelion":4,"minecraft:crafting_table":2,"minecraft:torch":2,"minecraft:poppy":1,"minecraft:chest":1,"farmersdelight:brown_mushroom_colony":9,"minecraft:tall_grass":23,"minecraft:copper_ore":21,"minecraft:cobblestone":60,"minecraft:oak_planks":174,"minecraft:sugar_cane":4,"minecraft:diorite":25,"minecraft:wall_torch":4,"minecraft:birch_leaves":1,"minecraft:grass":140,"minecraft:oak_log":1,"minecraft:coal_ore":47,"minecraft:cocoa":1,"minecraft:sand":20,"minecraft:dirt":279,"minecraft:deepslate":230,"minecraft:fern":4}},"DataVersion":3465}