{"stats":{"minecraft:dropped":{"jujutsucraft:sword_shigemo":1,"jujutsucraft:cursed_technique_changer":1,"jujutsucraft:naginata":1,"jujutsucraft:dragon_bone":1},"minecraft:killed":{"jujutsucraft:cursed_spirit_grade_32":2,"jujutsucraft:transfigured_human_3":1,"jujutsucraft:cursed_spirit_grade_31":1,"jujutsucraft:cursed_spirit_grade_33":2,"jujutsucraft:jujutsu_sorcerer":2,"jujutsucraft:cursed_spirit_grade_24":1,"jujutsucraft:cursed_spirit_grade_35":1,"jujutsucraft:cursed_spirit_grade_318":3,"jujutsucraft:cursed_spirit_grade_211":1,"jujutsucraft:cursed_spirit_grade_316":1,"jujutsucraft:curse_user":2,"jujutsucraft:cursed_spirit_grade_321":2,"minecraft:sheep":1,"jujutsucraft:cursed_spirit_grade_39":1,"jujutsucraft:cursed_spirit_grade_313":1,"jujutsucraft:crow":2,"jujutsucraft:cursed_spirit_grade_311":1,"jujutsucraft:cursed_spirit_grade_310":2,"jujutsucraft:cursed_spirit_grade_16":1,"jujutsucraft:cursed_spirit_grade_36":3,"jujutsucraft:cursed_spirit_grade_317":10,"jujutsucraft:cursed_spirit_grade_315":3,"jujutsucraft:cursed_spirit_grade_38":1,"jujutsucraft:cursed_spirit_grade_319":6,"minecraft:villager":4,"jujutsucraft:q":1},"minecraft:picked_up":{"minecraft:wooden_axe":1,"jujutsucraft:clothes_miguel_helmet":1,"minecraft:wooden_pickaxe":1,"minecraft:smoker":1,"minecraft:stone_brick_wall":3,"jujutsucraft:cursed_technique_changer":4,"jujutsucraft:sukuna_finger":1,"minecraft:stone_brick_stairs":1,"minecraft:oak_log":6,"minecraft:lantern":2,"minecraft:white_banner":1,"jujutsucraft:uniform_normal_leggings":1,"minecraft:smooth_stone_slab":2,"minecraft:poppy":2,"minecraft:spruce_slab":2,"jujutsucraft:sword_of_extermination":1,"minecraft:oak_planks":1,"minecraft:furnace":1,"minecraft:sandstone":1,"minecraft:stick":2,"jujutsucraft:uniform_geto_leggings":1,"jujutsucraft:sickle":1,"jujutsucraft:item_insect":1,"minecraft:gravel":1,"minecraft:polished_blackstone_bricks":1,"jujutsucraft:uniform_normal_chestplate":3,"minecraft:grass_block":1,"jujutsucraft:clothes_geto_helmet":1,"jujutsucraft:naginata":1,"minecraft:iron_block":1,"minecraft:painting":2,"minecraft:oak_sapling":3,"minecraft:dark_oak_fence":1,"minecraft:cobblestone":3},"minecraft:killed_by":{"jujutsucraft:cursed_spirit_grade_01":7,"jujutsucraft:reggie_star":1,"jujutsucraft:rozetsu_shikigami":1,"minecraft:player":13,"jujutsucraft:zenin_ogi":5,"jujutsucraft:cursed_spirit_grade_16":1,"jujutsucraft:cursed_spirit_grade_11":1,"jujutsucraft:miyo_rokujushi":3,"jujutsucraft:cursed_spirit_grade_211":1,"jujutsucraft:yoshino_junpei":1,"jujutsucraft:curse_user_1":3,"jujutsucraft:q":1,"jujutsucraft:cursed_spirit_grade_319":1,"jujutsucraft:cursed_spirit_grade_29":2,"jujutsucraft:curse_user":2},"minecraft:custom":{"minecraft:mob_kills":62,"minecraft:interact_with_crafting_table":3,"minecraft:open_barrel":9,"minecraft:damage_dealt_resisted":11199,"minecraft:time_since_death":688,"minecraft:damage_resisted":2701,"minecraft:time_since_rest":713,"minecraft:sprint_one_cm":562549,"minecraft:damage_taken":16650,"minecraft:walk_one_cm":503099,"minecraft:drop":4,"minecraft:damage_dealt":877,"minecraft:damage_dealt_absorbed":2470,"minecraft:fly_one_cm":274945,"minecraft:player_kills":2,"minecraft:open_chest":13,"minecraft:crouch_one_cm":1581,"minecraft:play_time":63790,"minecraft:deaths":44,"minecraft:sneak_time":108,"minecraft:jump":582,"minecraft:walk_on_water_one_cm":13840,"minecraft:total_world_time":63790,"minecraft:fall_one_cm":33334},"minecraft:crafted":{"minecraft:oak_planks":24,"minecraft:wooden_pickaxe":1,"minecraft:stick":4,"minecraft:stone_pickaxe":1,"minecraft:wooden_axe":1},"minecraft:mined":{"minecraft:smoker":1,"minecraft:stone_brick_wall":3,"minecraft:oak_planks":1,"minecraft:polished_blackstone_bricks":1,"minecraft:furnace":1,"treechop:chopped_log":1,"minecraft:smooth_stone_slab":2,"minecraft:oak_log":2,"minecraft:gravel":1,"minecraft:stone":3,"minecraft:oak_leaves":3,"minecraft:spruce_slab":2},"minecraft:used":{"jujutsucraft:clothes_geto_helmet":1,"minecraft:stone_pickaxe":9,"minecraft:wooden_pickaxe":4,"jujutsucraft:uniform_normal_boots":1,"jujutsucraft:uniform_normal_chestplate":2,"minecraft:wooden_axe":9,"jujutsucraft:sword_of_extermination":10,"jujutsucraft:uniform_normal_leggings":1}},"DataVersion":3465}