{"stats":{"minecraft:used":{"epicfight:skillbook":3,"minecraft:stone_pickaxe":73,"minecraft:oak_planks":2,"minecraft:wooden_pickaxe":11,"minecraft:diamond_axe":26,"minecraft:torch":21,"minecraft:glow_berries":10,"minecraft:dirt":8,"minecraft:crafting_table":8,"wom:agony":46,"born_in_chaos_v1:smoked_flesh":3,"minecraft:diamond_pickaxe":779,"minecraft:bread":1,"minecraft:iron_pickaxe":99,"minecraft:stone_axe":12,"minecraft:furnace":1,"minecraft:cobbled_deepslate":6},"minecraft:picked_up":{"born_in_chaos_v1:corpse_maggot":12,"minecraft:crafting_table":7,"born_in_chaos_v1:diamond_termite_shard":2,"minecraft:wheat":8,"minecraft:andesite":19,"minecraft:lead":1,"paraglider:spirit_orb":8,"born_in_chaos_v1:bloody_gadfly_eye":1,"minecraft:tuff":126,"minecraft:oak_log":16,"minecraft:chain":3,"minecraft:dirt":9,"minecraft:string":2,"create:limestone":64,"minecraft:bone":24,"minecraft:bow":1,"minecraft:wheat_seeds":26,"minecraft:cobbled_deepslate":591,"minecraft:raw_gold":7,"minecraft:calcite":2,"minecraft:birch_sapling":1,"minecraft:oak_planks":1,"jojohe:limestone":4,"minecraft:furnace":1,"minecraft:stick":4,"minecraft:raw_iron":16,"minecraft:copper_ingot":5,"minecraft:torch":13,"born_in_chaos_v1:ethereal_spirit":6,"epicfight:skillbook":1,"minecraft:diorite":1,"minecraft:redstone":22,"minecraft:arrow":19,"minecraft:rotten_flesh":7,"minecraft:slime_ball":2,"minecraft:diamond":88,"minecraft:granite":4,"born_in_chaos_v1:spiny_shell":3,"minecraft:saddle":1,"minecraft:bread":1,"minecraft:oak_sapling":6,"minecraft:coal":42,"minecraft:cobblestone":158},"minecraft:killed":{"born_in_chaos_v1:diamond_termite":2,"born_in_chaos_v1:restless_spirit":2,"born_in_chaos_v1:swarmer":1,"minecraft:spider":2,"born_in_chaos_v1:thornshell_crab":1,"born_in_chaos_v1:decrepit_skeleton":2,"born_in_chaos_v1:maggot":3,"minecraft:skeleton":15,"born_in_chaos_v1:bloody_gadfly":1,"born_in_chaos_v1:corpse_fly":7},"minecraft:crafted":{"minecraft:oak_planks":64,"minecraft:diamond_axe":1,"minecraft:crafting_table":2,"minecraft:wooden_pickaxe":1,"minecraft:furnace":1,"minecraft:stone_axe":1,"minecraft:diamond_helmet":2,"minecraft:diamond_leggings":2,"minecraft:diamond_pickaxe":1,"minecraft:stick":12,"minecraft:iron_ingot":3,"minecraft:iron_pickaxe":1,"minecraft:stone_pickaxe":1,"minecraft:diamond_boots":1,"minecraft:torch":16,"minecraft:diamond_chestplate":1},"minecraft:mined":{"minecraft:deepslate_redstone_ore":5,"create:deepslate_zinc_ore":1,"minecraft:tuff":42,"minecraft:deepslate_diamond_ore":88,"born_in_chaos_v1:infected_diamond_ore":1,"minecraft:crafting_table":8,"minecraft:torch":5,"minecraft:granite":4,"minecraft:grass_block":1,"minecraft:calcite":1,"minecraft:deepslate_gold_ore":7,"minecraft:oak_planks":1,"minecraft:sculk":1,"minecraft:diorite":1,"minecraft:wall_torch":4,"minecraft:spawner":4,"jojohe:limestone":4,"minecraft:furnace":1,"minecraft:iron_ore":16,"minecraft:wheat":7,"minecraft:cobbled_deepslate":2,"minecraft:andesite":18,"treechop:chopped_log":3,"minecraft:grass":2,"minecraft:coal_ore":22,"minecraft:dirt":8,"minecraft:stone":155,"create:limestone":65,"minecraft:oak_leaves":3,"minecraft:deepslate":509},"minecraft:dropped":{"minecraft:stone_axe":1,"minecraft:wheat_seeds":26,"minecraft:cobbled_deepslate":415,"minecraft:diamond":12,"minecraft:diamond_leggings":1,"minecraft:tuff":126,"minecraft:birch_sapling":1,"born_in_chaos_v1:ethereal_spirit":6,"minecraft:lead":2,"minecraft:cobblestone":144,"minecraft:rotten_flesh":30,"minecraft:oak_planks":23,"minecraft:saddle":2,"minecraft:copper_ingot":10,"butcher:butchersguidebook":1,"minecraft:diorite":1,"minecraft:diamond_chestplate":1,"born_in_chaos_v1:corpse_maggot":10,"minecraft:diamond_helmet":1,"create:limestone":64,"minecraft:chain":2,"minecraft:slime_ball":2,"minecraft:wooden_pickaxe":1,"minecraft:stone_pickaxe":1,"minecraft:raw_gold":7,"minecraft:calcite":1,"minecraft:string":9},"minecraft:custom":{"minecraft:interact_with_furnace":3,"minecraft:mob_kills":37,"minecraft:interact_with_crafting_table":20,"minecraft:open_barrel":14,"minecraft:damage_dealt_resisted":10,"minecraft:leave_game":1,"minecraft:time_since_death":8088,"minecraft:time_since_rest":8123,"minecraft:sprint_one_cm":76579,"minecraft:damage_taken":6876,"minecraft:walk_one_cm":447785,"minecraft:drop":55,"minecraft:damage_dealt":6555,"minecraft:swim_one_cm":13421,"minecraft:fly_one_cm":17441,"minecraft:open_chest":30,"minecraft:crouch_one_cm":294,"minecraft:play_time":140113,"minecraft:deaths":8,"minecraft:sneak_time":35,"minecraft:walk_under_water_one_cm":6723,"minecraft:jump":379,"minecraft:walk_on_water_one_cm":5354,"minecraft:total_world_time":140113,"minecraft:fall_one_cm":11244}},"DataVersion":3465}