{"stats":{"minecraft:used":{"minecraft:torch":35,"minecraft:dirt":10,"wom:agony":243,"born_in_chaos_v1:smoked_flesh":8,"minecraft:bow":8,"minecraft:furnace":1,"minecraft:cobbled_deepslate":6,"minecraft:wheat_seeds":123,"epicfight:skillbook":3,"minecraft:diorite":9,"minecraft:stone_pickaxe":73,"minecraft:oak_planks":21,"minecraft:wooden_pickaxe":11,"minecraft:diamond_axe":31,"born_in_chaos_v1:stimulating_decoction":1,"minecraft:glow_berries":14,"minecraft:crafting_table":9,"minecraft:diamond_pickaxe":1816,"minecraft:string":1,"minecraft:bread":7,"minecraft:iron_pickaxe":99,"minecraft:stone_axe":12,"minecraft:cobblestone":1,"jojohe:limestone":35,"minecraft:cobweb":9},"minecraft:picked_up":{"born_in_chaos_v1:diamond_termite_shard":2,"minecraft:crafting_table":8,"minecraft:wheat":140,"minecraft:lead":1,"born_in_chaos_v1:bloody_gadfly_eye":1,"minecraft:chain":3,"minecraft:string":30,"minecraft:raw_copper":15,"create:limestone":64,"minecraft:cobbled_deepslate":651,"minecraft:beef":9,"minecraft:calcite":18,"born_in_chaos_v1:stimulating_decoction":2,"minecraft:sugar_cane":1,"minecraft:birch_sapling":1,"minecraft:furnace":1,"minecraft:raw_iron":101,"minecraft:stick":4,"born_in_chaos_v1:shattered_skull":1,"jojowos:meteorite_ore":3,"minecraft:copper_ingot":5,"minecraft:torch":23,"epicfight:skillbook":1,"born_in_chaos_v1:pileof_dark_metal":1,"minecraft:pointed_dripstone":5,"minecraft:diorite":140,"born_in_chaos_v1:pieceofdarkmetal":3,"minecraft:carrot":1,"minecraft:redstone":62,"minecraft:arrow":22,"minecraft:rotten_flesh":17,"minecraft:iron_block":1,"minecraft:saddle":1,"born_in_chaos_v1:spiny_shell":3,"minecraft:cobblestone":599,"born_in_chaos_v1:corpse_maggot":15,"minecraft:feather":12,"minecraft:andesite":35,"minecraft:leather":3,"minecraft:packed_mud":9,"paraglider:spirit_orb":8,"minecraft:flint":4,"minecraft:tuff":126,"minecraft:oak_log":16,"minecraft:lapis_lazuli":80,"minecraft:dirt":39,"born_in_chaos_v1:monster_skin":1,"minecraft:bone":31,"minecraft:bow":1,"minecraft:wheat_seeds":209,"minecraft:raw_gold":24,"minecraft:mossy_stone_bricks":1,"minecraft:oak_planks":1,"sophisticatedbackpacks:diamond_backpack":1,"jojohe:limestone":53,"born_in_chaos_v1:ethereal_spirit":7,"minecraft:gravel":12,"minecraft:dripstone_block":8,"born_in_chaos_v1:dark_rod":2,"minecraft:white_bed":1,"minecraft:slime_ball":2,"minecraft:diamond":90,"minecraft:granite":60,"minecraft:bread":1,"minecraft:emerald":2,"minecraft:oak_sapling":6,"minecraft:coal":42},"minecraft:killed_by":{"minecraft:player":1,"jojowos:dio_awakened":1},"minecraft:killed":{"born_in_chaos_v1:zombie_clown":1,"born_in_chaos_v1:restless_spirit":2,"minecraft:spider":4,"born_in_chaos_v1:thornshell_crab":1,"born_in_chaos_v1:baby_skeleton_minion":2,"born_in_chaos_v1:maggot":8,"minecraft:skeleton":19,"jojowos:dio_awakened":1,"jojowos:dio":2,"born_in_chaos_v1:skeleton_thrasher":1,"jojohe:dire":1,"born_in_chaos_v1:fallen_chaos_knight":1,"born_in_chaos_v1:bonescaller":1,"born_in_chaos_v1:diamond_termite":2,"born_in_chaos_v1:swarmer":1,"born_in_chaos_v1:decrepit_skeleton":3,"born_in_chaos_v1:bloody_gadfly":1,"minecraft:zombie":2,"born_in_chaos_v1:dread_hound":1,"born_in_chaos_v1:corpse_fly":8,"born_in_chaos_v1:dark_vortex":1,"born_in_chaos_v1:door_knight":1,"jojohe:zombie_minion":1,"minecraft:cow":2},"minecraft:crafted":{"minecraft:oak_planks":76,"minecraft:furnace":1,"jojowos:stand_arrow":3,"minecraft:diamond_helmet":2,"minecraft:diamond_leggings":2,"minecraft:stone_pickaxe":1,"minecraft:chest":1,"minecraft:diamond_boots":1,"sophisticatedbackpacks:backpack":1,"minecraft:diamond_axe":1,"minecraft:crafting_table":3,"minecraft:wooden_pickaxe":1,"minecraft:stone_axe":1,"minecraft:bread":42,"minecraft:diamond_pickaxe":2,"minecraft:stick":20,"minecraft:iron_pickaxe":1,"minecraft:iron_ingot":12,"minecraft:andesite":98,"minecraft:torch":16,"jojowos:meteorite_bar":3,"minecraft:diamond_chestplate":1},"minecraft:broken":{"minecraft:diamond_pickaxe":1},"minecraft:mined":{"create:deepslate_zinc_ore":1,"minecraft:tuff":42,"minecraft:deepslate_diamond_ore":90,"born_in_chaos_v1:infected_diamond_ore":1,"minecraft:granite":61,"minecraft:grass_block":9,"minecraft:spruce_leaves":1,"minecraft:spawner":4,"minecraft:redstone_ore":12,"minecraft:furnace":1,"minecraft:packed_mud":26,"minecraft:iron_ore":81,"minecraft:cobbled_deepslate":2,"minecraft:andesite":34,"treechop:chopped_log":3,"minecraft:deepslate_iron_ore":20,"minecraft:stone":604,"minecraft:iron_block":1,"create:limestone":65,"minecraft:deepslate_redstone_ore":6,"jojowos:meteorite_ore":3,"minecraft:crafting_table":9,"minecraft:torch":16,"minecraft:emerald_ore":1,"minecraft:calcite":32,"minecraft:copper_ore":5,"minecraft:tall_grass":2,"minecraft:cobblestone":1,"minecraft:lapis_ore":12,"minecraft:deepslate_gold_ore":12,"minecraft:sugar_cane":1,"minecraft:oak_planks":1,"minecraft:sculk":1,"minecraft:diorite":161,"minecraft:wall_torch":4,"jojohe:limestone":56,"minecraft:wheat":7,"minecraft:grass":22,"minecraft:coal_ore":22,"minecraft:gravel":16,"minecraft:dirt":17,"minecraft:dripstone_block":18,"minecraft:mossy_stone_bricks":1,"minecraft:gold_ore":12,"minecraft:oak_leaves":3,"minecraft:deepslate":569},"minecraft:dropped":{"jojowos:empty_stand_disc":3,"minecraft:wheat_seeds":121,"minecraft:diamond":16,"minecraft:crafting_table":1,"minecraft:dripstone_block":8,"minecraft:diamond_leggings":1,"minecraft:cobblestone":151,"minecraft:lead":2,"minecraft:granite":16,"minecraft:saddle":2,"minecraft:copper_ingot":10,"minecraft:mushroom_stew":1,"minecraft:emerald":1,"minecraft:dirt":16,"minecraft:diorite":1,"jojohe:limestone":12,"minecraft:diamond_helmet":1,"minecraft:chain":2,"jojowos:stand_arrow":4,"minecraft:string":57,"minecraft:bone":58,"minecraft:redstone":62,"minecraft:stone_axe":1,"minecraft:iron_nugget":51,"minecraft:cobbled_deepslate":416,"minecraft:tuff":126,"minecraft:wheat":14,"minecraft:birch_sapling":1,"born_in_chaos_v1:ethereal_spirit":7,"minecraft:raw_iron":84,"minecraft:rotten_flesh":40,"minecraft:oak_planks":23,"butcher:butchersguidebook":1,"minecraft:potato":2,"minecraft:diamond_chestplate":1,"minecraft:andesite":100,"born_in_chaos_v1:corpse_maggot":15,"born_in_chaos_v1:diamond_termite_shard":2,"create:limestone":64,"born_in_chaos_v1:bloody_gadfly_eye":1,"minecraft:slime_ball":2,"minecraft:beef":2,"minecraft:stone_pickaxe":1,"minecraft:wooden_pickaxe":1,"minecraft:raw_gold":13,"minecraft:calcite":2},"minecraft:custom":{"minecraft:mob_kills":69,"minecraft:interact_with_crafting_table":29,"minecraft:open_barrel":26,"minecraft:damage_dealt_resisted":2966,"minecraft:leave_game":1,"minecraft:time_since_death":10028,"minecraft:climb_one_cm":12340,"minecraft:damage_resisted":324,"minecraft:sprint_one_cm":164516,"minecraft:walk_one_cm":1205241,"minecraft:drop":182,"minecraft:play_time":278113,"minecraft:deaths":11,"minecraft:sneak_time":736,"minecraft:walk_under_water_one_cm":18108,"minecraft:jump":1310,"minecraft:interact_with_brewingstand":1,"minecraft:interact_with_blast_furnace":3,"minecraft:walk_on_water_one_cm":76804,"minecraft:total_world_time":278113,"minecraft:interact_with_furnace":11,"minecraft:sleep_in_bed":1,"minecraft:time_since_rest":10104,"minecraft:damage_taken":15896,"minecraft:damage_dealt":14089,"minecraft:player_kills":1,"minecraft:swim_one_cm":18508,"minecraft:fly_one_cm":121733,"minecraft:open_chest":51,"minecraft:crouch_one_cm":6881,"minecraft:fall_one_cm":36099}},"DataVersion":3465}