{"stats":{"minecraft:dropped":{"jujutsucraft:cursed_technique_changer":2,"jujutsucraft:uniform_normal_chestplate":1},"minecraft:killed_by":{"jujutsucraft:shigemo_haruta":1,"minecraft:player":7,"jujutsucraft:curse_user":1,"jujutsucraft:nue":2},"minecraft:killed":{"jujutsucraft:cursed_spirit_grade_39":1,"jujutsucraft:cursed_spirit_grade_31":1,"jujutsucraft:cursed_spirit_grade_314":2,"jujutsucraft:cursed_spirit_grade_311":1,"jujutsucraft:cursed_spirit_grade_310":1,"minecraft:chicken":1,"jujutsucraft:divine_dog_black":1,"jujutsucraft:cursed_spirit_grade_38":1,"jujutsucraft:cursed_spirit_grade_34":1,"jujutsucraft:cursed_spirit_grade_322":1,"jujutsucraft:great_serpent":1},"minecraft:mined":{"treechop:chopped_log":2,"minecraft:crafting_table":1,"minecraft:grass_block":6,"minecraft:dirt":19,"minecraft:stone":87,"minecraft:fern":1},"minecraft:custom":{"minecraft:time_since_rest":3576,"minecraft:sprint_one_cm":11508,"minecraft:damage_taken":4902,"minecraft:walk_one_cm":146942,"minecraft:mob_kills":13,"minecraft:drop":3,"minecraft:damage_dealt":568,"minecraft:interact_with_crafting_table":10,"minecraft:fly_one_cm":86801,"minecraft:player_kills":4,"minecraft:crouch_one_cm":2269,"minecraft:play_time":29832,"minecraft:deaths":13,"minecraft:sneak_time":196,"minecraft:jump":163,"minecraft:damage_dealt_resisted":4308,"minecraft:time_since_death":3542,"minecraft:total_world_time":29832,"minecraft:fall_one_cm":18657},"minecraft:picked_up":{"minecraft:spruce_leaves":3,"minecraft:crafting_table":1,"jujutsucraft:uniform_normal_boots":1,"minecraft:wooden_pickaxe":1,"jujutsucraft:cursed_technique_changer":2,"minecraft:spruce_sapling":7,"minecraft:spruce_log":16,"minecraft:dirt":27,"minecraft:wheat_seeds":1,"minecraft:cobblestone":111},"minecraft:used":{"minecraft:stone_pickaxe":30,"minecraft:wooden_pickaxe":59,"minecraft:stone_axe":39,"minecraft:dirt":6,"minecraft:cobblestone":10,"minecraft:crafting_table":2},"minecraft:crafted":{"minecraft:crafting_table":2,"minecraft:stick":8,"minecraft:spruce_planks":64,"minecraft:wooden_pickaxe":1,"minecraft:stone_pickaxe":1,"minecraft:stone_axe":1},"minecraft:broken":{"minecraft:wooden_pickaxe":1}},"DataVersion":3465}