{"stats":{"minecraft:picked_up":{"born_in_chaos_v1:diamond_termite_shard":2,"minecraft:crafting_table":6,"minecraft:stick":4,"minecraft:raw_iron":16,"minecraft:andesite":18,"minecraft:torch":1,"born_in_chaos_v1:ethereal_spirit":6,"minecraft:tuff":42,"minecraft:oak_log":16,"minecraft:redstone":22,"minecraft:chain":1,"minecraft:diorite":1,"minecraft:dirt":9,"minecraft:diamond":61,"minecraft:cobbled_deepslate":369,"minecraft:raw_gold":7,"minecraft:granite":4,"minecraft:oak_sapling":6,"minecraft:birch_sapling":1,"minecraft:coal":42,"jojohe:limestone":4,"minecraft:cobblestone":76,"minecraft:furnace":1},"minecraft:used":{"epicfight:skillbook":1,"minecraft:diamond_pickaxe":460,"minecraft:stone_pickaxe":73,"minecraft:diamond_axe":1,"minecraft:iron_pickaxe":99,"minecraft:wooden_pickaxe":11,"minecraft:stone_axe":12,"minecraft:torch":5,"minecraft:dirt":8,"minecraft:crafting_table":6,"minecraft:furnace":1},"minecraft:custom":{"minecraft:time_since_rest":45533,"minecraft:interact_with_furnace":3,"minecraft:sprint_one_cm":634,"minecraft:damage_taken":600,"minecraft:walk_one_cm":153340,"minecraft:mob_kills":5,"minecraft:drop":13,"minecraft:damage_dealt":780,"minecraft:interact_with_crafting_table":12,"minecraft:fly_one_cm":1878,"minecraft:open_chest":11,"minecraft:play_time":45533,"minecraft:jump":178,"minecraft:time_since_death":45533,"minecraft:total_world_time":45533,"minecraft:fall_one_cm":3022},"minecraft:mined":{"minecraft:deepslate_redstone_ore":5,"jojohe:limestone":4,"minecraft:tuff":42,"minecraft:furnace":1,"minecraft:deepslate_diamond_ore":61,"minecraft:iron_ore":16,"minecraft:torch":1,"minecraft:andesite":18,"treechop:chopped_log":3,"born_in_chaos_v1:infected_diamond_ore":1,"minecraft:crafting_table":6,"minecraft:granite":4,"minecraft:grass":1,"minecraft:coal_ore":22,"minecraft:grass_block":1,"minecraft:dirt":8,"minecraft:deepslate_gold_ore":7,"minecraft:stone":77,"minecraft:diorite":1,"minecraft:deepslate":372},"minecraft:killed":{"born_in_chaos_v1:diamond_termite":2,"born_in_chaos_v1:restless_spirit":2,"born_in_chaos_v1:corpse_fly":1},"minecraft:crafted":{"minecraft:oak_planks":64,"minecraft:diamond_leggings":1,"minecraft:diamond_pickaxe":1,"minecraft:diamond_axe":1,"minecraft:crafting_table":1,"minecraft:stick":12,"minecraft:iron_pickaxe":1,"minecraft:iron_ingot":3,"minecraft:wooden_pickaxe":1,"minecraft:stone_pickaxe":1,"minecraft:furnace":1,"minecraft:torch":4,"minecraft:stone_axe":1,"minecraft:diamond_chestplate":1},"minecraft:dropped":{"minecraft:diamond":4,"minecraft:diamond_chestplate":1,"minecraft:birch_sapling":1,"born_in_chaos_v1:ethereal_spirit":6,"minecraft:cobbled_deepslate":192,"minecraft:stone_pickaxe":1,"minecraft:string":9}},"DataVersion":3465}