{"stats":{"minecraft:crafted":{"epicfight:diamond_greatsword":1,"minecraft:oak_planks":40,"minecraft:spruce_button":1,"minecraft:furnace":2,"minecraft:bone_meal":30,"minecraft:diamond_shovel":1,"minecraft:spruce_fence":33,"minecraft:cooked_mutton":16,"minecraft:flint_and_steel":1,"minecraft:diamond_helmet":5,"minecraft:diamond_leggings":2,"minecraft:iron_boots":1,"minecraft:stone_pickaxe":1,"minecraft:diamond_boots":2,"minecraft:oak_fence":15,"minecraft:smoker":1,"minecraft:cooked_beef":22,"wom:golden_chrono":1,"minecraft:diamond_axe":1,"minecraft:crafting_table":1,"minecraft:spruce_planks":48,"minecraft:wooden_pickaxe":1,"minecraft:iron_chestplate":1,"minecraft:diamond_pickaxe":2,"minecraft:stick":12,"minecraft:iron_ingot":15,"minecraft:iron_pickaxe":1,"minecraft:white_bed":1,"minecraft:andesite":90,"minecraft:torch":4,"minecraft:shears":1,"minecraft:diamond_chestplate":5},"minecraft:used":{"minecraft:oak_fence":15,"minecraft:flint_and_steel":1,"minecraft:iron_sword":88,"minecraft:rotten_flesh":20,"minecraft:torch":15,"minecraft:dirt":80,"minecraft:carrot":37,"minecraft:diamond_helmet":1,"minecraft:tuff":52,"minecraft:granite":18,"minecraft:spruce_fence":32,"farmersdelight:beef_patty":1,"minecraft:spruce_button":1,"minecraft:lantern":1,"epicfight:glove":41,"epicfight:diamond_greatsword":86,"minecraft:stone_bricks":9,"wom:antitheus":134,"minecraft:bow":25,"minecraft:furnace":4,"minecraft:potato":2,"minecraft:cooked_beef":19,"minecraft:cooked_mutton":14,"minecraft:cobbled_deepslate":82,"farmersdelight:beef_stew":1,"farmersdelight:chicken_soup":1,"farmersdelight:mutton_wrap":2,"epicfight:skillbook":4,"minecraft:diamond_boots":1,"minecraft:cactus":1,"minecraft:oak_planks":5,"minecraft:stone_pickaxe":131,"wom:golden_chrono":3,"minecraft:wooden_pickaxe":63,"minecraft:diamond_axe":775,"minecraft:white_wool":3,"minecraft:tnt":2,"minecraft:crafting_table":15,"minecraft:white_bed":1,"minecraft:smoker":1,"minecraft:shears":91,"minecraft:diamond_pickaxe":5047,"minecraft:apple":2,"farmersdelight:apple_cider":1,"minecraft:firework_rocket":7,"minecraft:diamond_shovel":480,"minecraft:string":1,"minecraft:iron_pickaxe":250,"minecraft:gravel":3,"minecraft:cobblestone":426,"minecraft:cooked_porkchop":2,"minecraft:diamond_leggings":2,"minecraft:bone_meal":30,"minecraft:sculk_catalyst":1,"minecraft:cobweb":89},"minecraft:dropped":{"epicfight:diamond_greatsword":1,"minecraft:iron_ingot":1,"minecraft:iron_sword":1,"minecraft:wheat_seeds":143,"minecraft:cooked_beef":23,"minecraft:oak_log":314,"minecraft:glass_bottle":1,"minecraft:diamond":61,"minecraft:iron_helmet":1,"minecraft:cobblestone":558,"minecraft:granite":84,"minecraft:spruce_stairs":1,"minecraft:stick":6,"minecraft:oxeye_daisy":1,"minecraft:cobweb":89,"minecraft:dirt":135,"minecraft:cornflower":31,"minecraft:mutton":1,"minecraft:diamond_helmet":3,"minecraft:string":92,"minecraft:pink_petals":20,"minecraft:birch_log":11,"minecraft:white_wool":9,"minecraft:spruce_sapling":2,"minecraft:dandelion":40,"minecraft:redstone":239,"minecraft:bone":2,"minecraft:gravel":79,"minecraft:furnace":1,"minecraft:blackstone":16,"minecraft:cobbled_deepslate":1468,"minecraft:raw_copper":274,"minecraft:bowl":1,"minecraft:tuff":85,"minecraft:birch_sapling":2,"minecraft:raw_iron":312,"minecraft:rotten_flesh":21,"minecraft:oak_planks":12,"minecraft:iron_boots":2,"sophisticatedbackpacks:backpack":1,"minecraft:cooked_mutton":3,"minecraft:azure_bluet":5,"minecraft:spruce_fence":2,"minecraft:flint_and_steel":3,"minecraft:poppy":3,"minecraft:allium":1,"minecraft:diamond_chestplate":3,"minecraft:diamond_pickaxe":3,"minecraft:andesite":105,"wom:antitheus":1,"minecraft:oak_sapling":153,"chipped:glow_torch":11,"minecraft:spider_eye":1,"minecraft:stone_bricks":2,"minecraft:spruce_log":138,"minecraft:basalt":52,"minecraft:arrow":1,"minecraft:wooden_pickaxe":1,"minecraft:raw_gold":92,"minecraft:enchanted_book":1,"minecraft:quartz":172,"epicfight:skillbook":2,"minecraft:terracotta":76},"minecraft:picked_up":{"minecraft:charcoal":2,"minecraft:allium":1,"minecraft:crafting_table":15,"minecraft:wheat":2,"minecraft:azure_bluet":5,"minecraft:lead":1,"farmersdelight:chicken_soup":2,"minecraft:cornflower":31,"minecraft:string":93,"wom:antitheus":1,"minecraft:raw_copper":189,"minecraft:flint_and_steel":1,"minecraft:blackstone":16,"farmersdelight:beef_patty":1,"minecraft:gold_nugget":1,"minecraft:cobbled_deepslate":1575,"minecraft:poppy":4,"minecraft:enchanted_golden_apple":1,"minecraft:sugar_cane":14,"minecraft:birch_sapling":2,"minecraft:furnace":4,"minecraft:stick":166,"minecraft:raw_iron":339,"sophisticatedbackpacks:backpack":1,"minecraft:torch":12,"epicfight:diamond_greatsword":1,"minecraft:spruce_stairs":1,"minecraft:spruce_fence":3,"epicfight:skillbook":4,"minecraft:diorite":45,"minecraft:carrot":27,"minecraft:redstone":175,"minecraft:cactus":4,"minecraft:arrow":22,"minecraft:rotten_flesh":45,"minecraft:deepslate_bricks":1,"epicfight:glove":2,"farmersdelight:beef_stew":1,"minecraft:mutton":19,"minecraft:white_wool":17,"minecraft:cobblestone":1430,"minecraft:oxeye_daisy":1,"minecraft:birch_log":11,"minecraft:pink_petals":20,"minecraft:cooked_beef":20,"minecraft:basalt":52,"minecraft:andesite":15,"minecraft:leather":2,"minecraft:smoker":1,"minecraft:potato":1,"minecraft:flint":15,"minecraft:tuff":151,"create:raw_zinc":7,"minecraft:oak_log":339,"minecraft:lapis_lazuli":97,"minecraft:dirt":281,"minecraft:lantern":1,"minecraft:cooked_mutton":3,"minecraft:bone":4,"minecraft:apple":2,"minecraft:stone_bricks":11,"minecraft:bow":1,"minecraft:wheat_seeds":208,"chipped:glow_torch":11,"minecraft:raw_gold":92,"farmersdelight:apple_cider":1,"minecraft:iron_ingot":4,"minecraft:cobweb":178,"minecraft:iron_sword":1,"minecraft:oak_planks":15,"minecraft:sculk_catalyst":2,"minecraft:ghast_tear":1,"minecraft:cooked_porkchop":2,"minecraft:quartz":172,"minecraft:dandelion":40,"minecraft:gravel":129,"minecraft:spruce_sapling":2,"minecraft:spruce_log":140,"minecraft:spider_eye":1,"minecraft:firework_rocket":24,"minecraft:diamond":193,"minecraft:granite":102,"minecraft:terracotta":76,"minecraft:oak_sapling":93,"minecraft:netherrack":23,"minecraft:black_wool":1,"minecraft:coal":214,"minecraft:diamond_pickaxe":4},"minecraft:broken":{"minecraft:diamond_chestplate":1,"minecraft:diamond_helmet":1,"minecraft:diamond_leggings":1,"minecraft:stone_pickaxe":1,"minecraft:diamond_boots":1,"minecraft:diamond_pickaxe":1,"minecraft:iron_pickaxe":1},"minecraft:killed":{"minecraft:cave_spider":3,"minecraft:zombified_piglin":2,"minecraft:spider":5,"minecraft:skeleton":8,"minecraft:horse":1,"minecraft:warden":1,"minecraft:sheep":10,"minecraft:zombie":39,"minecraft:ghast":1,"minecraft:enderman":1,"minecraft:cow":1},"minecraft:killed_by":{"minecraft:player":6,"minecraft:zombified_piglin":1,"minecraft:creeper":1,"minecraft:warden":25,"minecraft:cave_spider":3,"minecraft:skeleton":4,"minecraft:zombie":1},"minecraft:custom":{"lootr:looted_stat":2,"minecraft:interact_with_anvil":2,"minecraft:mob_kills":75,"minecraft:inspect_hopper":2,"minecraft:interact_with_crafting_table":61,"minecraft:open_barrel":3,"minecraft:leave_game":9,"minecraft:time_since_death":31775,"minecraft:climb_one_cm":23518,"minecraft:sprint_one_cm":1230191,"minecraft:walk_one_cm":4545830,"minecraft:drop":947,"minecraft:talked_to_villager":2,"minecraft:play_time":775961,"minecraft:deaths":55,"minecraft:sneak_time":3382,"minecraft:walk_under_water_one_cm":129428,"minecraft:jump":7042,"minecraft:enchant_item":1,"minecraft:interact_with_blast_furnace":4,"minecraft:walk_on_water_one_cm":65651,"minecraft:total_world_time":775961,"minecraft:interact_with_furnace":17,"minecraft:sleep_in_bed":1,"minecraft:time_since_rest":31872,"minecraft:damage_taken":20089,"minecraft:damage_dealt":19861,"minecraft:player_kills":9,"minecraft:swim_one_cm":84748,"minecraft:fly_one_cm":903502,"minecraft:open_chest":65,"minecraft:crouch_one_cm":14129,"minecraft:fall_one_cm":135447,"minecraft:interact_with_smoker":10},"minecraft:mined":{"create:deepslate_zinc_ore":7,"minecraft:tuff":147,"minecraft:deepslate_diamond_ore":171,"farmersdelight:wild_carrots":27,"minecraft:nether_bricks":4,"minecraft:granite":155,"minecraft:grass_block":126,"minecraft:spruce_leaves":14,"minecraft:kelp":1,"farmersdelight:wild_onions":1,"minecraft:redstone_ore":2,"minecraft:sculk_catalyst":1,"minecraft:furnace":4,"minecraft:iron_ore":65,"minecraft:fire":1,"minecraft:cobbled_deepslate":11,"create:scorchia":4,"minecraft:andesite":38,"treechop:chopped_log":89,"minecraft:deepslate_lapis_ore":10,"diagonalfences:minecraft/spruce_fence":1,"minecraft:azure_bluet":3,"minecraft:deepslate_iron_ore":234,"minecraft:rail":1,"minecraft:stone":1798,"minecraft:tripwire":1,"minecraft:deepslate_redstone_ore":36,"minecraft:blackstone":16,"minecraft:basalt":55,"minecraft:smoker":1,"minecraft:dandelion":15,"minecraft:crafting_table":14,"minecraft:cornflower":31,"minecraft:torch":5,"minecraft:poppy":2,"minecraft:rose_bush":1,"minecraft:dead_bush":1,"minecraft:campfire":1,"minecraft:nether_quartz_ore":86,"minecraft:copper_ore":23,"minecraft:tall_grass":130,"minecraft:cobblestone":88,"minecraft:deepslate_gold_ore":83,"minecraft:lapis_ore":7,"minecraft:oak_planks":1,"minecraft:sugar_cane":7,"minecraft:diorite":47,"minecraft:wall_torch":4,"minecraft:deepslate_copper_ore":38,"minecraft:pink_petals":11,"minecraft:cactus":3,"minecraft:wheat":2,"minecraft:birch_leaves":8,"minecraft:grass":994,"minecraft:coal_ore":97,"minecraft:oak_log":10,"minecraft:gravel":139,"minecraft:dirt":346,"minecraft:cobweb":178,"minecraft:terracotta":77,"minecraft:gold_ore":10,"minecraft:stone_bricks":9,"minecraft:netherrack":96,"minecraft:deepslate":1929,"create:crimsite":3,"minecraft:oak_leaves":77}},"DataVersion":3465}