{"stats":{"minecraft:crafted":{"epicfight:diamond_greatsword":1,"minecraft:oak_planks":40,"minecraft:diamond_axe":1,"minecraft:crafting_table":1,"minecraft:wooden_pickaxe":1,"minecraft:furnace":2,"minecraft:iron_boots":1,"minecraft:diamond_leggings":1,"minecraft:iron_chestplate":1,"minecraft:diamond_pickaxe":1,"minecraft:stick":12,"minecraft:iron_ingot":11,"minecraft:iron_pickaxe":1,"minecraft:stone_pickaxe":1,"minecraft:diamond_boots":1,"minecraft:torch":4,"minecraft:diamond_chestplate":4,"minecraft:smoker":1},"minecraft:used":{"minecraft:diamond_boots":1,"minecraft:stone_pickaxe":131,"minecraft:oak_planks":5,"minecraft:wooden_pickaxe":32,"minecraft:diamond_axe":73,"minecraft:torch":5,"minecraft:dirt":3,"minecraft:crafting_table":11,"minecraft:smoker":1,"minecraft:diamond_pickaxe":892,"minecraft:iron_pickaxe":250,"epicfight:diamond_greatsword":22,"minecraft:cobblestone":38,"minecraft:furnace":4,"minecraft:cooked_beef":3,"minecraft:cobbled_deepslate":23},"minecraft:dropped":{"minecraft:gravel":6,"epicfight:diamond_greatsword":1,"minecraft:oak_log":6,"minecraft:cobbled_deepslate":576,"minecraft:diamond":12,"minecraft:tuff":50,"minecraft:cobblestone":91,"minecraft:oak_planks":12,"minecraft:iron_boots":1,"minecraft:stick":5,"minecraft:diamond_chestplate":3,"minecraft:andesite":6,"minecraft:raw_gold":8,"minecraft:birch_log":11},"minecraft:picked_up":{"minecraft:birch_log":11,"minecraft:charcoal":2,"minecraft:crafting_table":11,"minecraft:cooked_beef":11,"minecraft:azure_bluet":2,"minecraft:andesite":15,"minecraft:smoker":1,"minecraft:tuff":50,"minecraft:oak_log":20,"minecraft:dirt":4,"minecraft:raw_copper":3,"minecraft:stone_bricks":9,"minecraft:wheat_seeds":26,"minecraft:cobbled_deepslate":618,"minecraft:raw_gold":34,"minecraft:iron_ingot":4,"minecraft:birch_sapling":2,"minecraft:oak_planks":14,"minecraft:furnace":4,"minecraft:stick":11,"minecraft:raw_iron":107,"minecraft:torch":4,"minecraft:dandelion":4,"epicfight:diamond_greatsword":1,"minecraft:gravel":9,"minecraft:diorite":2,"minecraft:redstone":121,"minecraft:arrow":1,"minecraft:rotten_flesh":12,"minecraft:diamond":84,"minecraft:granite":22,"minecraft:oak_sapling":8,"minecraft:coal":200,"minecraft:cobblestone":199},"minecraft:killed":{"minecraft:skeleton":1,"minecraft:zombie":12},"minecraft:broken":{"minecraft:stone_pickaxe":1,"minecraft:iron_pickaxe":1},"minecraft:killed_by":{"minecraft:skeleton":2,"minecraft:creeper":1},"minecraft:custom":{"minecraft:interact_with_furnace":8,"minecraft:mob_kills":14,"minecraft:interact_with_crafting_table":33,"minecraft:leave_game":3,"minecraft:time_since_death":2251,"minecraft:climb_one_cm":2566,"minecraft:time_since_rest":2275,"minecraft:sprint_one_cm":51143,"minecraft:damage_taken":1780,"minecraft:walk_one_cm":473533,"minecraft:drop":44,"minecraft:damage_dealt":3377,"minecraft:fly_one_cm":57631,"minecraft:open_chest":1,"minecraft:crouch_one_cm":474,"minecraft:play_time":121256,"minecraft:deaths":5,"minecraft:sneak_time":287,"minecraft:walk_under_water_one_cm":1618,"minecraft:jump":858,"minecraft:walk_on_water_one_cm":6357,"minecraft:total_world_time":121256,"minecraft:interact_with_smoker":1,"minecraft:fall_one_cm":16184},"minecraft:mined":{"minecraft:deepslate_redstone_ore":24,"minecraft:tuff":50,"minecraft:deepslate_diamond_ore":85,"minecraft:smoker":1,"minecraft:dandelion":4,"minecraft:crafting_table":10,"minecraft:torch":3,"minecraft:granite":22,"minecraft:grass_block":2,"minecraft:campfire":1,"minecraft:tall_grass":6,"minecraft:copper_ore":1,"minecraft:cobblestone":1,"minecraft:deepslate_gold_ore":35,"minecraft:oak_planks":1,"minecraft:diorite":2,"minecraft:wall_torch":1,"minecraft:redstone_ore":2,"minecraft:furnace":4,"minecraft:iron_ore":12,"minecraft:birch_leaves":4,"minecraft:andesite":15,"treechop:chopped_log":7,"minecraft:azure_bluet":3,"minecraft:grass":259,"minecraft:oak_log":2,"minecraft:coal_ore":67,"minecraft:deepslate_iron_ore":90,"minecraft:gravel":12,"minecraft:dirt":3,"minecraft:stone":198,"minecraft:stone_bricks":9,"minecraft:oak_leaves":10,"minecraft:deepslate":661}},"DataVersion":3465}