{"stats":{"minecraft:used":{"minecraft:torch":28,"minecraft:dirt":10,"wom:agony":119,"born_in_chaos_v1:smoked_flesh":8,"minecraft:bow":6,"minecraft:furnace":1,"minecraft:cobbled_deepslate":6,"epicfight:skillbook":3,"minecraft:stone_pickaxe":73,"minecraft:oak_planks":21,"minecraft:wooden_pickaxe":11,"minecraft:diamond_axe":27,"minecraft:glow_berries":14,"minecraft:crafting_table":8,"minecraft:diamond_pickaxe":1092,"minecraft:bread":1,"minecraft:iron_pickaxe":99,"minecraft:stone_axe":12,"jojohe:limestone":35},"minecraft:picked_up":{"born_in_chaos_v1:diamond_termite_shard":2,"minecraft:crafting_table":7,"minecraft:wheat":8,"minecraft:lead":1,"born_in_chaos_v1:bloody_gadfly_eye":1,"minecraft:chain":3,"minecraft:string":3,"create:limestone":64,"minecraft:cobbled_deepslate":591,"minecraft:calcite":18,"minecraft:birch_sapling":1,"minecraft:furnace":1,"minecraft:raw_iron":16,"minecraft:stick":4,"born_in_chaos_v1:shattered_skull":1,"jojowos:meteorite_ore":3,"minecraft:copper_ingot":5,"minecraft:torch":19,"epicfight:skillbook":1,"minecraft:diorite":123,"born_in_chaos_v1:pieceofdarkmetal":3,"minecraft:carrot":1,"minecraft:redstone":22,"minecraft:arrow":22,"minecraft:rotten_flesh":11,"minecraft:saddle":1,"born_in_chaos_v1:spiny_shell":3,"minecraft:cobblestone":215,"born_in_chaos_v1:corpse_maggot":14,"minecraft:feather":12,"minecraft:andesite":20,"minecraft:leather":1,"paraglider:spirit_orb":8,"minecraft:tuff":126,"minecraft:oak_log":16,"minecraft:dirt":14,"minecraft:bone":31,"minecraft:bow":1,"minecraft:wheat_seeds":26,"minecraft:raw_gold":7,"minecraft:oak_planks":1,"jojohe:limestone":42,"born_in_chaos_v1:ethereal_spirit":7,"born_in_chaos_v1:dark_rod":2,"minecraft:slime_ball":2,"minecraft:diamond":88,"minecraft:granite":6,"minecraft:bread":1,"minecraft:emerald":2,"minecraft:oak_sapling":6,"minecraft:coal":42},"minecraft:killed":{"born_in_chaos_v1:zombie_clown":1,"born_in_chaos_v1:restless_spirit":2,"minecraft:spider":4,"born_in_chaos_v1:thornshell_crab":1,"born_in_chaos_v1:baby_skeleton_minion":2,"born_in_chaos_v1:maggot":6,"minecraft:skeleton":17,"born_in_chaos_v1:skeleton_thrasher":1,"jojohe:dire":1,"born_in_chaos_v1:bonescaller":1,"born_in_chaos_v1:diamond_termite":2,"born_in_chaos_v1:swarmer":1,"born_in_chaos_v1:decrepit_skeleton":3,"born_in_chaos_v1:bloody_gadfly":1,"minecraft:zombie":1,"born_in_chaos_v1:corpse_fly":8,"born_in_chaos_v1:dark_vortex":1,"born_in_chaos_v1:door_knight":1,"jojohe:zombie_minion":1,"minecraft:cow":1},"minecraft:crafted":{"minecraft:oak_planks":64,"minecraft:furnace":1,"jojowos:stand_arrow":3,"minecraft:diamond_helmet":2,"minecraft:diamond_leggings":2,"minecraft:stone_pickaxe":1,"minecraft:diamond_boots":1,"minecraft:diamond_axe":1,"minecraft:crafting_table":2,"minecraft:wooden_pickaxe":1,"minecraft:stone_axe":1,"minecraft:diamond_pickaxe":1,"minecraft:stick":16,"minecraft:iron_pickaxe":1,"minecraft:iron_ingot":3,"minecraft:andesite":98,"minecraft:torch":16,"jojowos:meteorite_bar":3,"minecraft:diamond_chestplate":1},"minecraft:mined":{"create:deepslate_zinc_ore":1,"minecraft:tuff":42,"minecraft:deepslate_diamond_ore":88,"born_in_chaos_v1:infected_diamond_ore":1,"minecraft:granite":7,"minecraft:grass_block":8,"minecraft:spawner":4,"minecraft:furnace":1,"minecraft:packed_mud":17,"minecraft:iron_ore":16,"minecraft:cobbled_deepslate":2,"minecraft:andesite":18,"treechop:chopped_log":3,"minecraft:stone":214,"create:limestone":65,"minecraft:deepslate_redstone_ore":5,"jojowos:meteorite_ore":3,"minecraft:crafting_table":8,"minecraft:torch":11,"minecraft:emerald_ore":1,"minecraft:calcite":32,"minecraft:deepslate_gold_ore":7,"minecraft:oak_planks":1,"minecraft:sculk":1,"minecraft:diorite":143,"minecraft:wall_torch":4,"jojohe:limestone":45,"minecraft:wheat":7,"minecraft:grass":2,"minecraft:coal_ore":22,"minecraft:dirt":11,"minecraft:dripstone_block":11,"minecraft:oak_leaves":3,"minecraft:deepslate":509},"minecraft:dropped":{"minecraft:wheat_seeds":26,"minecraft:diamond":12,"minecraft:crafting_table":1,"minecraft:diamond_leggings":1,"minecraft:cobblestone":151,"minecraft:lead":2,"minecraft:granite":2,"minecraft:saddle":2,"minecraft:copper_ingot":10,"minecraft:mushroom_stew":1,"minecraft:emerald":1,"minecraft:dirt":1,"minecraft:diorite":1,"jojohe:limestone":3,"minecraft:diamond_helmet":1,"minecraft:chain":2,"jojowos:stand_arrow":2,"minecraft:string":35,"minecraft:bone":55,"minecraft:stone_axe":1,"minecraft:cobbled_deepslate":415,"minecraft:tuff":126,"minecraft:birch_sapling":1,"born_in_chaos_v1:ethereal_spirit":7,"minecraft:raw_iron":13,"minecraft:rotten_flesh":33,"minecraft:oak_planks":23,"butcher:butchersguidebook":1,"minecraft:diamond_chestplate":1,"minecraft:andesite":100,"born_in_chaos_v1:corpse_maggot":14,"born_in_chaos_v1:diamond_termite_shard":2,"create:limestone":64,"born_in_chaos_v1:bloody_gadfly_eye":1,"minecraft:slime_ball":2,"minecraft:stone_pickaxe":1,"minecraft:wooden_pickaxe":1,"minecraft:raw_gold":7,"minecraft:calcite":2},"minecraft:custom":{"minecraft:mob_kills":57,"minecraft:interact_with_crafting_table":23,"minecraft:open_barrel":19,"minecraft:damage_dealt_resisted":2936,"minecraft:leave_game":1,"minecraft:time_since_death":20276,"minecraft:damage_resisted":66,"minecraft:sprint_one_cm":110607,"minecraft:walk_one_cm":682896,"minecraft:drop":86,"minecraft:play_time":188113,"minecraft:deaths":9,"minecraft:sneak_time":576,"minecraft:walk_under_water_one_cm":7675,"minecraft:jump":896,"minecraft:interact_with_blast_furnace":3,"minecraft:walk_on_water_one_cm":7102,"minecraft:total_world_time":188113,"minecraft:interact_with_furnace":9,"minecraft:time_since_rest":20435,"minecraft:damage_taken":10755,"minecraft:damage_dealt":10445,"minecraft:swim_one_cm":13421,"minecraft:fly_one_cm":67694,"minecraft:open_chest":37,"minecraft:crouch_one_cm":5654,"minecraft:fall_one_cm":26530}},"DataVersion":3465}