{"stats":{"minecraft:mined":{"minecraft:tuff":81,"minecraft:deepslate_diamond_ore":137,"farmersdelight:wild_carrots":27,"minecraft:nether_bricks":4,"minecraft:granite":147,"minecraft:grass_block":122,"minecraft:spruce_leaves":14,"minecraft:kelp":1,"farmersdelight:wild_onions":1,"minecraft:redstone_ore":2,"minecraft:furnace":4,"minecraft:iron_ore":62,"minecraft:cobbled_deepslate":10,"create:scorchia":4,"minecraft:andesite":36,"treechop:chopped_log":86,"minecraft:deepslate_lapis_ore":10,"diagonalfences:minecraft/spruce_fence":1,"minecraft:azure_bluet":3,"minecraft:deepslate_iron_ore":156,"minecraft:stone":1648,"minecraft:tripwire":1,"minecraft:deepslate_redstone_ore":24,"minecraft:blackstone":16,"minecraft:smoker":1,"minecraft:basalt":55,"minecraft:dandelion":15,"minecraft:crafting_table":14,"minecraft:cornflower":31,"minecraft:torch":4,"minecraft:poppy":2,"minecraft:dead_bush":1,"minecraft:rose_bush":1,"minecraft:campfire":1,"minecraft:nether_quartz_ore":86,"minecraft:copper_ore":23,"minecraft:tall_grass":127,"minecraft:cobblestone":86,"minecraft:deepslate_gold_ore":50,"minecraft:lapis_ore":7,"minecraft:oak_planks":1,"minecraft:sugar_cane":7,"minecraft:diorite":47,"minecraft:wall_torch":3,"minecraft:deepslate_copper_ore":28,"minecraft:pink_petals":11,"minecraft:cactus":3,"minecraft:wheat":2,"minecraft:birch_leaves":8,"minecraft:grass":984,"minecraft:oak_log":5,"minecraft:coal_ore":84,"minecraft:gravel":59,"minecraft:dirt":344,"minecraft:cobweb":178,"minecraft:terracotta":77,"minecraft:stone_bricks":9,"minecraft:netherrack":95,"minecraft:gold_ore":10,"minecraft:oak_leaves":72,"minecraft:deepslate":1289},"minecraft:custom":{"minecraft:interact_with_anvil":1,"minecraft:mob_kills":39,"minecraft:interact_with_crafting_table":52,"minecraft:leave_game":6,"minecraft:time_since_death":10218,"minecraft:climb_one_cm":3682,"minecraft:sprint_one_cm":822022,"minecraft:walk_one_cm":2978353,"minecraft:drop":630,"minecraft:talked_to_villager":2,"minecraft:play_time":510421,"minecraft:deaths":18,"minecraft:sneak_time":2304,"minecraft:walk_under_water_one_cm":62068,"minecraft:jump":4525,"minecraft:interact_with_blast_furnace":3,"minecraft:walk_on_water_one_cm":28500,"minecraft:enchant_item":1,"minecraft:total_world_time":510421,"minecraft:interact_with_furnace":12,"minecraft:time_since_rest":10243,"minecraft:damage_taken":6854,"minecraft:damage_dealt":8858,"minecraft:player_kills":3,"minecraft:swim_one_cm":22220,"minecraft:fly_one_cm":536577,"minecraft:open_chest":19,"minecraft:crouch_one_cm":11489,"minecraft:interact_with_smoker":2,"minecraft:fall_one_cm":79715},"minecraft:killed_by":{"minecraft:player":1,"minecraft:creeper":1,"minecraft:cave_spider":2,"minecraft:skeleton":3,"minecraft:zombie":1},"minecraft:crafted":{"epicfight:diamond_greatsword":1,"minecraft:oak_planks":40,"minecraft:furnace":2,"minecraft:bone_meal":30,"minecraft:diamond_shovel":1,"minecraft:spruce_fence":33,"minecraft:flint_and_steel":1,"minecraft:diamond_helmet":3,"minecraft:diamond_leggings":1,"minecraft:iron_boots":1,"minecraft:stone_pickaxe":1,"minecraft:diamond_boots":1,"minecraft:oak_fence":15,"minecraft:smoker":1,"minecraft:diamond_axe":1,"minecraft:crafting_table":1,"minecraft:spruce_planks":48,"minecraft:wooden_pickaxe":1,"minecraft:iron_chestplate":1,"minecraft:diamond_pickaxe":2,"minecraft:stick":12,"minecraft:iron_ingot":15,"minecraft:iron_pickaxe":1,"minecraft:andesite":90,"minecraft:torch":4,"minecraft:shears":1,"minecraft:diamond_chestplate":4},"minecraft:picked_up":{"minecraft:charcoal":2,"minecraft:allium":1,"minecraft:crafting_table":15,"minecraft:wheat":2,"minecraft:azure_bluet":5,"minecraft:cornflower":31,"minecraft:string":93,"minecraft:raw_copper":154,"minecraft:blackstone":16,"minecraft:cobbled_deepslate":961,"minecraft:poppy":4,"minecraft:enchanted_golden_apple":1,"minecraft:sugar_cane":14,"minecraft:birch_sapling":2,"minecraft:furnace":4,"minecraft:stick":164,"minecraft:raw_iron":253,"minecraft:torch":10,"epicfight:diamond_greatsword":1,"minecraft:spruce_stairs":1,"minecraft:spruce_fence":3,"epicfight:skillbook":3,"minecraft:diorite":45,"minecraft:carrot":27,"minecraft:redstone":121,"minecraft:arrow":1,"minecraft:cactus":4,"minecraft:rotten_flesh":23,"minecraft:mutton":1,"minecraft:white_wool":1,"minecraft:cobblestone":1195,"minecraft:oxeye_daisy":1,"minecraft:birch_log":11,"minecraft:pink_petals":20,"minecraft:cooked_beef":17,"minecraft:basalt":52,"minecraft:andesite":15,"minecraft:smoker":1,"minecraft:potato":1,"minecraft:flint":7,"minecraft:tuff":50,"minecraft:oak_log":324,"minecraft:lapis_lazuli":97,"minecraft:dirt":259,"minecraft:lantern":1,"minecraft:cooked_mutton":3,"minecraft:bone":2,"minecraft:stone_bricks":11,"minecraft:wheat_seeds":204,"chipped:glow_torch":11,"minecraft:raw_gold":59,"minecraft:iron_ingot":4,"minecraft:cobweb":178,"minecraft:iron_sword":1,"minecraft:oak_planks":15,"minecraft:cooked_porkchop":2,"minecraft:quartz":172,"minecraft:dandelion":40,"minecraft:gravel":56,"minecraft:spruce_sapling":2,"minecraft:spruce_log":140,"minecraft:spider_eye":1,"minecraft:diamond":154,"minecraft:granite":102,"minecraft:terracotta":76,"minecraft:oak_sapling":82,"minecraft:netherrack":15,"minecraft:coal":214,"minecraft:diamond_pickaxe":3},"minecraft:killed":{"minecraft:cave_spider":3,"minecraft:spider":2,"minecraft:skeleton":6,"minecraft:sheep":1,"minecraft:zombie":25,"minecraft:cow":1},"minecraft:dropped":{"epicfight:diamond_greatsword":1,"minecraft:iron_ingot":1,"minecraft:iron_sword":1,"minecraft:wheat_seeds":140,"minecraft:cooked_beef":5,"minecraft:oak_log":310,"minecraft:diamond":53,"minecraft:cobblestone":335,"minecraft:granite":84,"minecraft:spruce_stairs":1,"minecraft:stick":5,"minecraft:oxeye_daisy":1,"minecraft:cobweb":89,"minecraft:dirt":114,"minecraft:cornflower":31,"minecraft:mutton":1,"minecraft:diamond_helmet":2,"minecraft:string":92,"minecraft:pink_petals":20,"minecraft:birch_log":11,"minecraft:white_wool":1,"minecraft:spruce_sapling":2,"minecraft:redstone":121,"minecraft:dandelion":40,"minecraft:bone":2,"minecraft:gravel":6,"minecraft:furnace":1,"minecraft:blackstone":16,"minecraft:cobbled_deepslate":958,"minecraft:raw_copper":158,"minecraft:tuff":50,"minecraft:birch_sapling":2,"minecraft:raw_iron":220,"minecraft:iron_boots":1,"minecraft:oak_planks":12,"minecraft:azure_bluet":4,"minecraft:spruce_fence":2,"minecraft:flint_and_steel":1,"minecraft:poppy":3,"minecraft:allium":1,"minecraft:diamond_chestplate":3,"minecraft:diamond_pickaxe":3,"minecraft:andesite":105,"minecraft:oak_sapling":145,"chipped:glow_torch":11,"minecraft:spider_eye":1,"minecraft:stone_bricks":2,"minecraft:spruce_log":138,"minecraft:basalt":52,"minecraft:arrow":1,"minecraft:raw_gold":57,"minecraft:quartz":172,"epicfight:skillbook":1,"minecraft:terracotta":76},"minecraft:used":{"minecraft:oak_fence":15,"minecraft:iron_sword":88,"minecraft:rotten_flesh":19,"minecraft:torch":13,"minecraft:dirt":80,"minecraft:carrot":37,"minecraft:diamond_helmet":1,"minecraft:spruce_fence":32,"minecraft:granite":18,"minecraft:lantern":1,"epicfight:diamond_greatsword":74,"minecraft:stone_bricks":9,"minecraft:furnace":4,"minecraft:cooked_beef":12,"minecraft:potato":2,"minecraft:cobbled_deepslate":54,"minecraft:cooked_mutton":3,"epicfight:skillbook":3,"minecraft:diamond_boots":1,"minecraft:cactus":1,"minecraft:stone_pickaxe":131,"minecraft:oak_planks":5,"minecraft:wooden_pickaxe":63,"minecraft:diamond_axe":733,"minecraft:crafting_table":15,"minecraft:smoker":1,"minecraft:shears":91,"minecraft:diamond_pickaxe":3957,"minecraft:diamond_shovel":417,"minecraft:string":1,"minecraft:iron_pickaxe":250,"minecraft:gravel":3,"minecraft:cobblestone":376,"minecraft:cooked_porkchop":2,"minecraft:bone_meal":30,"minecraft:cobweb":89},"minecraft:broken":{"minecraft:stone_pickaxe":1,"minecraft:diamond_pickaxe":1,"minecraft:iron_pickaxe":1}},"DataVersion":3465}