{"stats":{"minecraft:crafted":{"epicfight:diamond_greatsword":1,"minecraft:oak_planks":40,"minecraft:furnace":2,"minecraft:diamond_leggings":1,"minecraft:iron_boots":1,"minecraft:stone_pickaxe":1,"minecraft:diamond_boots":1,"minecraft:smoker":1,"minecraft:diamond_axe":1,"minecraft:crafting_table":1,"minecraft:wooden_pickaxe":1,"minecraft:iron_chestplate":1,"minecraft:diamond_pickaxe":2,"minecraft:stick":12,"minecraft:iron_ingot":11,"minecraft:iron_pickaxe":1,"minecraft:andesite":90,"minecraft:torch":4,"minecraft:diamond_chestplate":4},"minecraft:used":{"minecraft:torch":6,"minecraft:dirt":3,"minecraft:carrot":17,"minecraft:granite":12,"epicfight:diamond_greatsword":47,"minecraft:stone_bricks":7,"minecraft:furnace":4,"minecraft:cooked_beef":11,"minecraft:cobbled_deepslate":23,"minecraft:diamond_boots":1,"minecraft:stone_pickaxe":131,"minecraft:oak_planks":5,"minecraft:wooden_pickaxe":56,"minecraft:diamond_axe":478,"minecraft:crafting_table":11,"minecraft:smoker":1,"minecraft:diamond_pickaxe":1733,"minecraft:iron_pickaxe":250,"minecraft:cobblestone":41},"minecraft:dropped":{"epicfight:diamond_greatsword":1,"minecraft:cooked_beef":1,"minecraft:oak_log":137,"minecraft:diamond":27,"minecraft:cobblestone":122,"minecraft:granite":65,"minecraft:spruce_stairs":1,"minecraft:stick":5,"minecraft:oxeye_daisy":1,"minecraft:cornflower":27,"minecraft:birch_log":11,"minecraft:spruce_sapling":2,"minecraft:dandelion":4,"minecraft:bone":2,"minecraft:gravel":6,"minecraft:cobbled_deepslate":595,"minecraft:tuff":50,"minecraft:birch_sapling":2,"minecraft:raw_iron":23,"minecraft:iron_boots":1,"minecraft:oak_planks":12,"minecraft:azure_bluet":3,"minecraft:poppy":2,"minecraft:allium":1,"minecraft:diamond_chestplate":3,"minecraft:andesite":105,"minecraft:oak_sapling":17,"chipped:glow_torch":11,"minecraft:spruce_log":138,"minecraft:arrow":1,"minecraft:raw_gold":34},"minecraft:picked_up":{"minecraft:charcoal":2,"minecraft:crafting_table":11,"minecraft:wheat":2,"minecraft:allium":1,"minecraft:azure_bluet":3,"minecraft:cornflower":31,"minecraft:raw_copper":13,"minecraft:cobbled_deepslate":618,"minecraft:poppy":2,"minecraft:birch_sapling":2,"minecraft:furnace":4,"minecraft:raw_iron":107,"minecraft:stick":70,"minecraft:torch":7,"epicfight:diamond_greatsword":1,"minecraft:spruce_stairs":1,"minecraft:diorite":45,"minecraft:carrot":27,"minecraft:redstone":121,"minecraft:arrow":1,"minecraft:rotten_flesh":17,"minecraft:mutton":1,"minecraft:cobblestone":645,"minecraft:white_wool":1,"minecraft:oxeye_daisy":1,"minecraft:birch_log":11,"minecraft:pink_petals":20,"minecraft:cooked_beef":12,"minecraft:andesite":15,"minecraft:smoker":1,"minecraft:tuff":50,"minecraft:oak_log":151,"minecraft:dirt":8,"minecraft:bone":2,"minecraft:stone_bricks":9,"minecraft:raw_gold":34,"minecraft:wheat_seeds":102,"chipped:glow_torch":11,"minecraft:iron_ingot":4,"minecraft:oak_planks":14,"minecraft:dandelion":16,"minecraft:gravel":15,"minecraft:spruce_sapling":2,"minecraft:spruce_log":138,"minecraft:diamond":96,"minecraft:granite":83,"minecraft:oak_sapling":44,"minecraft:coal":211},"minecraft:broken":{"minecraft:stone_pickaxe":1,"minecraft:diamond_pickaxe":1,"minecraft:iron_pickaxe":1},"minecraft:killed":{"minecraft:skeleton":5,"minecraft:sheep":1,"minecraft:zombie":17,"minecraft:cow":1},"minecraft:killed_by":{"minecraft:player":1,"minecraft:creeper":1,"minecraft:skeleton":2},"minecraft:custom":{"minecraft:mob_kills":25,"minecraft:interact_with_crafting_table":37,"minecraft:leave_game":3,"minecraft:time_since_death":11278,"minecraft:climb_one_cm":2566,"minecraft:sprint_one_cm":509100,"minecraft:walk_one_cm":1373713,"minecraft:drop":94,"minecraft:talked_to_villager":2,"minecraft:play_time":229256,"minecraft:deaths":7,"minecraft:sneak_time":371,"minecraft:walk_under_water_one_cm":10463,"minecraft:jump":2332,"minecraft:walk_on_water_one_cm":7401,"minecraft:total_world_time":229256,"minecraft:interact_with_furnace":9,"minecraft:time_since_rest":11306,"minecraft:damage_taken":2669,"minecraft:damage_dealt":5817,"minecraft:swim_one_cm":1383,"minecraft:fly_one_cm":343019,"minecraft:open_chest":4,"minecraft:crouch_one_cm":474,"minecraft:interact_with_smoker":1,"minecraft:fall_one_cm":31068},"minecraft:mined":{"minecraft:tuff":50,"minecraft:deepslate_diamond_ore":85,"farmersdelight:wild_carrots":27,"minecraft:granite":112,"minecraft:grass_block":2,"minecraft:spruce_leaves":14,"farmersdelight:wild_onions":1,"minecraft:redstone_ore":2,"minecraft:furnace":4,"minecraft:iron_ore":12,"minecraft:andesite":15,"treechop:chopped_log":54,"minecraft:azure_bluet":3,"minecraft:deepslate_iron_ore":90,"minecraft:stone":881,"minecraft:deepslate_redstone_ore":24,"minecraft:smoker":1,"minecraft:dandelion":15,"minecraft:crafting_table":10,"minecraft:cornflower":31,"minecraft:torch":3,"minecraft:poppy":1,"minecraft:rose_bush":1,"minecraft:campfire":1,"minecraft:copper_ore":3,"minecraft:tall_grass":127,"minecraft:cobblestone":6,"minecraft:deepslate_gold_ore":35,"minecraft:oak_planks":1,"minecraft:diorite":45,"minecraft:wall_torch":2,"minecraft:pink_petals":11,"minecraft:wheat":2,"minecraft:birch_leaves":8,"minecraft:grass":966,"minecraft:coal_ore":78,"minecraft:oak_log":3,"minecraft:gravel":15,"minecraft:dirt":7,"minecraft:stone_bricks":9,"minecraft:oak_leaves":42,"minecraft:deepslate":661}},"DataVersion":3465}