{"stats":{"minecraft:crafted":{"epicfight:diamond_greatsword":1,"minecraft:oak_planks":40,"minecraft:diamond_axe":1,"minecraft:crafting_table":1,"minecraft:wooden_pickaxe":1,"minecraft:furnace":2,"minecraft:iron_boots":1,"minecraft:diamond_leggings":1,"minecraft:iron_chestplate":1,"minecraft:diamond_pickaxe":2,"minecraft:stick":12,"minecraft:iron_ingot":11,"minecraft:iron_pickaxe":1,"minecraft:stone_pickaxe":1,"minecraft:diamond_boots":1,"minecraft:andesite":90,"minecraft:torch":4,"minecraft:diamond_chestplate":4,"minecraft:smoker":1},"minecraft:used":{"minecraft:diamond_boots":1,"minecraft:stone_pickaxe":131,"minecraft:oak_planks":5,"minecraft:wooden_pickaxe":32,"minecraft:diamond_axe":107,"minecraft:torch":5,"minecraft:dirt":3,"minecraft:crafting_table":11,"minecraft:smoker":1,"minecraft:diamond_pickaxe":1643,"minecraft:iron_pickaxe":250,"epicfight:diamond_greatsword":34,"minecraft:stone_bricks":7,"minecraft:cobblestone":38,"minecraft:furnace":4,"minecraft:cooked_beef":11,"minecraft:cobbled_deepslate":23},"minecraft:dropped":{"minecraft:gravel":6,"epicfight:diamond_greatsword":1,"minecraft:cooked_beef":1,"minecraft:oak_log":6,"minecraft:cobbled_deepslate":576,"minecraft:diamond":27,"minecraft:tuff":50,"minecraft:birch_sapling":2,"minecraft:raw_iron":23,"minecraft:cobblestone":122,"minecraft:oak_planks":12,"minecraft:iron_boots":1,"minecraft:azure_bluet":3,"minecraft:stick":5,"minecraft:diamond_chestplate":3,"minecraft:cornflower":22,"minecraft:andesite":105,"minecraft:oak_sapling":16,"chipped:glow_torch":11,"minecraft:arrow":1,"minecraft:raw_gold":34,"minecraft:birch_log":11,"minecraft:dandelion":4},"minecraft:picked_up":{"minecraft:allium":1,"minecraft:birch_log":11,"minecraft:charcoal":2,"minecraft:crafting_table":11,"minecraft:cooked_beef":12,"minecraft:azure_bluet":3,"minecraft:andesite":15,"minecraft:smoker":1,"minecraft:tuff":50,"minecraft:oak_log":20,"minecraft:cornflower":22,"minecraft:dirt":8,"minecraft:raw_copper":13,"minecraft:stone_bricks":9,"chipped:glow_torch":11,"minecraft:wheat_seeds":81,"minecraft:cobbled_deepslate":618,"minecraft:raw_gold":34,"minecraft:iron_ingot":4,"minecraft:poppy":2,"minecraft:birch_sapling":2,"minecraft:oak_planks":14,"minecraft:furnace":4,"minecraft:stick":13,"minecraft:raw_iron":107,"minecraft:spruce_stairs":1,"minecraft:torch":4,"minecraft:dandelion":10,"epicfight:diamond_greatsword":1,"minecraft:gravel":15,"minecraft:diorite":45,"minecraft:spruce_log":26,"minecraft:carrot":26,"minecraft:redstone":121,"minecraft:arrow":1,"minecraft:rotten_flesh":14,"minecraft:diamond":96,"minecraft:granite":82,"minecraft:oak_sapling":16,"minecraft:wheat":2,"minecraft:coal":200,"minecraft:cobblestone":574,"minecraft:oxeye_daisy":1},"minecraft:killed":{"minecraft:skeleton":3,"minecraft:zombie":14},"minecraft:broken":{"minecraft:stone_pickaxe":1,"minecraft:diamond_pickaxe":1,"minecraft:iron_pickaxe":1},"minecraft:killed_by":{"minecraft:skeleton":2,"minecraft:creeper":1},"minecraft:custom":{"minecraft:interact_with_furnace":9,"minecraft:mob_kills":18,"minecraft:interact_with_crafting_table":37,"minecraft:leave_game":3,"minecraft:time_since_death":62251,"minecraft:climb_one_cm":2566,"minecraft:time_since_rest":62275,"minecraft:sprint_one_cm":327771,"minecraft:damage_taken":2032,"minecraft:walk_one_cm":986671,"minecraft:drop":77,"minecraft:damage_dealt":4508,"minecraft:fly_one_cm":229814,"minecraft:open_chest":4,"minecraft:crouch_one_cm":474,"minecraft:play_time":181256,"minecraft:deaths":5,"minecraft:sneak_time":326,"minecraft:walk_under_water_one_cm":6721,"minecraft:jump":1673,"minecraft:walk_on_water_one_cm":6739,"minecraft:total_world_time":181256,"minecraft:interact_with_smoker":1,"minecraft:fall_one_cm":22781},"minecraft:mined":{"minecraft:deepslate_redstone_ore":24,"minecraft:tuff":50,"minecraft:deepslate_diamond_ore":85,"minecraft:smoker":1,"farmersdelight:wild_carrots":26,"minecraft:dandelion":13,"minecraft:crafting_table":10,"minecraft:cornflower":22,"minecraft:torch":3,"minecraft:granite":112,"minecraft:poppy":1,"minecraft:grass_block":2,"minecraft:rose_bush":1,"minecraft:campfire":1,"minecraft:tall_grass":96,"minecraft:copper_ore":3,"minecraft:cobblestone":1,"minecraft:spruce_leaves":5,"minecraft:deepslate_gold_ore":35,"minecraft:oak_planks":1,"minecraft:diorite":45,"minecraft:wall_torch":1,"minecraft:pink_petals":3,"farmersdelight:wild_onions":1,"minecraft:redstone_ore":2,"minecraft:furnace":4,"minecraft:iron_ore":12,"minecraft:wheat":2,"minecraft:birch_leaves":4,"minecraft:andesite":15,"treechop:chopped_log":11,"minecraft:azure_bluet":3,"minecraft:grass":749,"minecraft:oak_log":2,"minecraft:coal_ore":67,"minecraft:deepslate_iron_ore":90,"minecraft:gravel":15,"minecraft:dirt":7,"minecraft:stone":807,"minecraft:stone_bricks":9,"minecraft:oak_leaves":11,"minecraft:deepslate":661}},"DataVersion":3465}