{"stats":{"minecraft:mined":{"create:deepslate_zinc_ore":7,"minecraft:granite":156,"minecraft:grass_block":128,"minecraft:magma_block":1,"minecraft:sculk_catalyst":1,"minecraft:iron_ore":97,"minecraft:cobbled_deepslate":11,"minecraft:fire":2,"minecraft:deepslate_lapis_ore":10,"minecraft:anvil":1,"minecraft:azure_bluet":3,"diagonalfences:minecraft/spruce_fence":1,"create:limestone":1,"minecraft:tripwire":1,"minecraft:deepslate_redstone_ore":36,"minecraft:blackstone":49,"minecraft:smoker":1,"minecraft:torch":5,"minecraft:poppy":2,"minecraft:dead_bush":1,"minecraft:nether_quartz_ore":116,"minecraft:cobblestone":88,"minecraft:sugar_cane":7,"minecraft:oak_planks":1,"minecraft:wall_torch":4,"minecraft:deepslate_copper_ore":44,"minecraft:pink_petals":11,"minecraft:warped_nylium":4,"minecraft:wheat":2,"minecraft:grass":995,"minecraft:oak_log":10,"minecraft:dirt":348,"minecraft:red_mushroom_block":4,"minecraft:netherrack":1410,"minecraft:ancient_debris":15,"create:crimsite":3,"minecraft:oak_leaves":77,"minecraft:deepslate":2373,"minecraft:tuff":183,"minecraft:deepslate_diamond_ore":182,"farmersdelight:wild_carrots":27,"minecraft:nether_bricks":4,"minecraft:spruce_leaves":14,"minecraft:kelp":1,"farmersdelight:wild_onions":1,"minecraft:redstone_ore":2,"minecraft:furnace":4,"minecraft:nether_sprouts":1,"create:scorchia":4,"minecraft:andesite":38,"treechop:chopped_log":89,"minecraft:deepslate_iron_ore":338,"minecraft:rail":1,"minecraft:stone":1872,"minecraft:smithing_table":1,"minecraft:basalt":65,"minecraft:dandelion":16,"minecraft:crafting_table":14,"minecraft:cornflower":31,"minecraft:rose_bush":1,"minecraft:campfire":1,"minecraft:tall_grass":130,"minecraft:copper_ore":23,"minecraft:lapis_ore":7,"minecraft:deepslate_gold_ore":93,"minecraft:diorite":199,"minecraft:cactus":3,"minecraft:birch_leaves":8,"minecraft:coal_ore":163,"minecraft:gravel":262,"minecraft:cobweb":178,"minecraft:terracotta":77,"minecraft:stone_bricks":9,"minecraft:gold_ore":22},"minecraft:crafted":{"minecraft:oak_planks":48,"minecraft:diamond_shovel":1,"minecraft:cooked_mutton":16,"minecraft:diamond_leggings":2,"minecraft:diamond_helmet":5,"minecraft:iron_boots":1,"minecraft:oak_fence":15,"minecraft:smoker":1,"minecraft:diamond_axe":1,"minecraft:crafting_table":1,"minecraft:spruce_planks":48,"minecraft:wooden_pickaxe":1,"minecraft:smithing_table":1,"minecraft:iron_chestplate":1,"minecraft:diamond_pickaxe":2,"minecraft:stick":16,"minecraft:iron_pickaxe":1,"minecraft:iron_ingot":17,"minecraft:gold_ingot":34,"minecraft:netherite_ingot":3,"minecraft:shears":1,"epicfight:diamond_greatsword":1,"minecraft:spruce_button":1,"minecraft:furnace":2,"minecraft:bone_meal":30,"minecraft:spruce_fence":33,"minecraft:flint_and_steel":1,"minecraft:stone_pickaxe":1,"minecraft:diamond_boots":2,"minecraft:netherite_scrap":15,"minecraft:cooked_beef":22,"wom:golden_chrono":1,"minecraft:white_bed":1,"minecraft:andesite":394,"minecraft:torch":4,"minecraft:diamond_chestplate":5},"minecraft:picked_up":{"minecraft:wheat":2,"minecraft:anvil":1,"minecraft:smithing_table":1,"minecraft:lead":1,"minecraft:enchanted_book":2,"minecraft:string":93,"minecraft:raw_copper":211,"wom:antitheus":1,"minecraft:gold_nugget":1,"minecraft:cobbled_deepslate":2041,"minecraft:enchanted_golden_apple":1,"minecraft:furnace":4,"minecraft:stick":166,"minecraft:torch":12,"epicfight:diamond_greatsword":1,"minecraft:spruce_stairs":1,"epicfight:skillbook":4,"minecraft:diorite":197,"minecraft:cactus":4,"minecraft:rotten_flesh":45,"epicfight:glove":2,"minecraft:cobblestone":1632,"minecraft:birch_log":11,"minecraft:pink_petals":20,"minecraft:magma_block":1,"minecraft:cooked_beef":20,"minecraft:andesite":15,"minecraft:smoker":1,"minecraft:potato":1,"minecraft:flint":27,"create:raw_zinc":7,"minecraft:tuff":223,"minecraft:lapis_lazuli":97,"minecraft:dirt":300,"minecraft:lantern":1,"minecraft:bone":4,"minecraft:bow":1,"minecraft:wheat_seeds":208,"minecraft:raw_gold":146,"chipped:glow_torch":11,"minecraft:oak_planks":15,"minecraft:ghast_tear":1,"minecraft:cooked_porkchop":2,"minecraft:diamond":208,"minecraft:granite":103,"minecraft:oak_sapling":93,"minecraft:netherrack":583,"minecraft:diamond_pickaxe":8,"minecraft:charcoal":2,"minecraft:crafting_table":15,"minecraft:allium":1,"minecraft:azure_bluet":5,"farmersdelight:chicken_soup":2,"minecraft:cornflower":31,"minecraft:flint_and_steel":1,"minecraft:blackstone":49,"farmersdelight:beef_patty":1,"minecraft:poppy":4,"minecraft:sugar_cane":14,"minecraft:birch_sapling":2,"minecraft:raw_iron":481,"minecraft:spruce_fence":3,"sophisticatedbackpacks:backpack":1,"minecraft:carrot":27,"minecraft:redstone":175,"minecraft:netherite_pickaxe":1,"minecraft:arrow":22,"minecraft:deepslate_bricks":1,"farmersdelight:beef_stew":1,"minecraft:mutton":19,"minecraft:white_wool":17,"minecraft:oxeye_daisy":1,"minecraft:basalt":61,"minecraft:leather":2,"minecraft:ancient_debris":15,"minecraft:oak_log":339,"minecraft:gunpowder":1,"minecraft:cooked_mutton":3,"minecraft:apple":2,"minecraft:stone_bricks":11,"farmersdelight:apple_cider":1,"minecraft:iron_ingot":4,"minecraft:cobweb":178,"minecraft:iron_sword":1,"minecraft:sculk_catalyst":2,"minecraft:quartz":232,"minecraft:dandelion":40,"minecraft:gravel":277,"minecraft:spruce_sapling":2,"minecraft:spruce_log":140,"minecraft:spider_eye":2,"minecraft:firework_rocket":24,"minecraft:terracotta":76,"minecraft:coal":401,"minecraft:black_wool":1},"minecraft:broken":{"minecraft:diamond_helmet":1,"minecraft:stone_pickaxe":1,"minecraft:diamond_boots":1,"minecraft:diamond_pickaxe":1,"minecraft:diamond_chestplate":1,"minecraft:diamond_leggings":1,"minecraft:iron_pickaxe":1},"minecraft:used":{"minecraft:iron_sword":88,"minecraft:rotten_flesh":20,"minecraft:carrot":37,"minecraft:tuff":52,"minecraft:lantern":1,"epicfight:diamond_greatsword":86,"minecraft:stone_bricks":9,"minecraft:bow":25,"minecraft:furnace":4,"minecraft:potato":2,"farmersdelight:beef_stew":1,"farmersdelight:chicken_soup":2,"epicfight:skillbook":4,"minecraft:diamond_boots":1,"minecraft:stone_pickaxe":131,"minecraft:oak_planks":5,"minecraft:cactus":1,"minecraft:wooden_pickaxe":63,"minecraft:diamond_axe":793,"minecraft:white_wool":3,"minecraft:shears":91,"minecraft:firework_rocket":15,"minecraft:string":1,"minecraft:gravel":3,"minecraft:smithing_table":2,"minecraft:bone_meal":30,"minecraft:cobweb":89,"minecraft:oak_fence":15,"minecraft:flint_and_steel":1,"minecraft:netherrack":18,"minecraft:torch":15,"minecraft:dirt":97,"minecraft:anvil":1,"minecraft:diamond_helmet":1,"minecraft:spruce_fence":32,"minecraft:granite":18,"farmersdelight:beef_patty":1,"minecraft:spruce_button":1,"epicfight:glove":41,"minecraft:basalt":9,"wom:antitheus":151,"minecraft:netherite_pickaxe":79,"minecraft:cooked_beef":19,"minecraft:cobbled_deepslate":82,"minecraft:cooked_mutton":16,"farmersdelight:mutton_wrap":2,"wom:golden_chrono":3,"minecraft:tnt":2,"minecraft:crafting_table":15,"minecraft:white_bed":1,"minecraft:smoker":1,"minecraft:diamond_pickaxe":7345,"farmersdelight:apple_cider":1,"minecraft:apple":2,"minecraft:diamond_shovel":588,"minecraft:iron_pickaxe":250,"minecraft:cobblestone":430,"minecraft:cooked_porkchop":2,"minecraft:sculk_catalyst":1,"minecraft:diamond_leggings":2},"minecraft:dropped":{"minecraft:iron_sword":1,"minecraft:cooked_beef":23,"minecraft:oak_log":314,"minecraft:glass_bottle":1,"minecraft:diamond":72,"minecraft:netherite_upgrade_smithing_template":1,"minecraft:dirt":135,"minecraft:cornflower":31,"minecraft:mutton":2,"minecraft:gold_nugget":1,"minecraft:birch_log":11,"minecraft:white_wool":9,"minecraft:bone":2,"minecraft:gravel":163,"minecraft:blackstone":16,"minecraft:cobbled_deepslate":1804,"minecraft:birch_sapling":2,"minecraft:rotten_flesh":21,"minecraft:oak_planks":12,"minecraft:cooked_mutton":3,"minecraft:azure_bluet":5,"minecraft:poppy":3,"minecraft:basalt":52,"minecraft:arrow":1,"minecraft:quartz":172,"minecraft:netherrack":385,"minecraft:iron_ingot":1,"minecraft:enchanted_book":2,"epicfight:diamond_greatsword":1,"minecraft:netherite_pickaxe":1,"minecraft:wheat_seeds":144,"minecraft:iron_helmet":1,"minecraft:cobblestone":558,"minecraft:granite":85,"minecraft:spruce_stairs":1,"minecraft:coal":196,"minecraft:stick":6,"minecraft:oxeye_daisy":1,"minecraft:cobweb":89,"minecraft:diamond_helmet":3,"minecraft:string":92,"minecraft:pink_petals":20,"create:raw_zinc":7,"minecraft:spruce_sapling":2,"minecraft:dandelion":40,"minecraft:redstone":239,"minecraft:furnace":1,"minecraft:netherite_ingot":3,"minecraft:raw_copper":296,"minecraft:bowl":1,"minecraft:tuff":157,"minecraft:raw_iron":440,"minecraft:iron_boots":2,"sophisticatedbackpacks:backpack":1,"minecraft:spruce_fence":2,"minecraft:flint_and_steel":3,"minecraft:deepslate_bricks":1,"minecraft:allium":1,"minecraft:diamond_chestplate":3,"minecraft:diamond_pickaxe":9,"minecraft:andesite":345,"wom:antitheus":1,"minecraft:oak_sapling":156,"chipped:glow_torch":11,"minecraft:stone_bricks":2,"minecraft:spider_eye":1,"minecraft:spruce_log":138,"minecraft:wooden_pickaxe":1,"minecraft:raw_gold":92,"minecraft:magma_block":1,"epicfight:skillbook":2,"minecraft:black_wool":1,"minecraft:terracotta":76},"minecraft:custom":{"lootr:looted_stat":2,"minecraft:interact_with_crafting_table":68,"minecraft:open_barrel":4,"minecraft:leave_game":10,"minecraft:time_since_death":43497,"minecraft:sprint_one_cm":1408397,"minecraft:drop":1309,"minecraft:talked_to_villager":9,"minecraft:play_time":921739,"minecraft:deaths":67,"minecraft:jump":8199,"minecraft:walk_on_water_one_cm":74923,"minecraft:enchant_item":1,"minecraft:interact_with_furnace":23,"minecraft:sleep_in_bed":4,"minecraft:damage_dealt":20927,"minecraft:player_kills":10,"minecraft:crouch_one_cm":15708,"minecraft:interact_with_smoker":10,"minecraft:interact_with_smithing_table":7,"minecraft:mob_kills":86,"minecraft:interact_with_anvil":5,"minecraft:inspect_hopper":2,"minecraft:climb_one_cm":28595,"minecraft:walk_one_cm":5351260,"minecraft:sneak_time":3936,"minecraft:walk_under_water_one_cm":139939,"minecraft:interact_with_blast_furnace":29,"minecraft:total_world_time":921739,"minecraft:time_since_rest":18335,"minecraft:damage_taken":23741,"minecraft:swim_one_cm":85329,"minecraft:fly_one_cm":1112090,"minecraft:open_chest":76,"minecraft:fall_one_cm":162525},"minecraft:killed":{"minecraft:cave_spider":3,"minecraft:zombified_piglin":2,"minecraft:spider":6,"minecraft:skeleton":8,"minecraft:magma_cube":9,"minecraft:sheep":10,"minecraft:zombie":40,"minecraft:ghast":1,"minecraft:cow":1,"minecraft:horse":1,"minecraft:warden":1,"minecraft:enderman":1},"minecraft:killed_by":{"minecraft:zombified_piglin":1,"minecraft:creeper":1,"minecraft:cave_spider":3,"minecraft:zombie":1,"minecraft:player":8,"minecraft:spider":1,"minecraft:warden":25,"minecraft:skeleton":5}},"DataVersion":3465}