{"stats":{"minecraft:crafted":{"epicfight:diamond_greatsword":1,"minecraft:oak_planks":40,"minecraft:diamond_axe":1,"minecraft:crafting_table":1,"minecraft:wooden_pickaxe":1,"minecraft:furnace":2,"minecraft:diamond_leggings":1,"minecraft:iron_boots":1,"minecraft:iron_chestplate":1,"minecraft:diamond_pickaxe":1,"minecraft:stick":12,"minecraft:iron_ingot":11,"minecraft:iron_pickaxe":1,"minecraft:stone_pickaxe":1,"minecraft:diamond_boots":1,"minecraft:torch":4,"minecraft:diamond_chestplate":4,"minecraft:smoker":1},"minecraft:used":{"minecraft:diamond_boots":1,"minecraft:stone_pickaxe":131,"minecraft:oak_planks":5,"minecraft:wooden_pickaxe":15,"minecraft:diamond_axe":73,"minecraft:torch":5,"minecraft:dirt":3,"minecraft:crafting_table":11,"minecraft:smoker":1,"minecraft:diamond_pickaxe":797,"minecraft:iron_pickaxe":250,"epicfight:diamond_greatsword":5,"minecraft:cobblestone":38,"minecraft:furnace":4,"minecraft:cooked_beef":3,"minecraft:cobbled_deepslate":23},"minecraft:dropped":{"minecraft:gravel":6,"epicfight:diamond_greatsword":1,"minecraft:cobbled_deepslate":576,"minecraft:diamond":12,"minecraft:tuff":50,"minecraft:cobblestone":91,"minecraft:oak_planks":12,"minecraft:iron_boots":1,"minecraft:stick":5,"minecraft:diamond_chestplate":3,"minecraft:andesite":6,"minecraft:raw_gold":8},"minecraft:picked_up":{"minecraft:birch_log":11,"minecraft:charcoal":2,"minecraft:crafting_table":11,"minecraft:azure_bluet":2,"minecraft:cooked_beef":11,"minecraft:andesite":6,"minecraft:smoker":1,"minecraft:tuff":50,"minecraft:oak_log":20,"minecraft:dirt":4,"minecraft:stone_bricks":9,"minecraft:wheat_seeds":16,"minecraft:cobbled_deepslate":609,"minecraft:raw_gold":34,"minecraft:iron_ingot":4,"minecraft:birch_sapling":2,"minecraft:oak_planks":14,"minecraft:furnace":4,"minecraft:stick":11,"minecraft:raw_iron":107,"minecraft:dandelion":4,"minecraft:torch":4,"epicfight:diamond_greatsword":1,"minecraft:gravel":6,"minecraft:redstone":121,"minecraft:rotten_flesh":8,"minecraft:diamond":79,"minecraft:granite":21,"minecraft:oak_sapling":7,"minecraft:coal":181,"minecraft:cobblestone":148},"minecraft:killed":{"minecraft:zombie":8},"minecraft:broken":{"minecraft:stone_pickaxe":1,"minecraft:iron_pickaxe":1},"minecraft:killed_by":{"minecraft:creeper":1},"minecraft:custom":{"minecraft:interact_with_furnace":8,"minecraft:mob_kills":8,"minecraft:interact_with_crafting_table":33,"minecraft:leave_game":2,"minecraft:time_since_death":66961,"minecraft:climb_one_cm":2566,"minecraft:time_since_rest":67036,"minecraft:sprint_one_cm":42892,"minecraft:damage_taken":1102,"minecraft:walk_one_cm":399331,"minecraft:drop":42,"minecraft:damage_dealt":1944,"minecraft:fly_one_cm":51645,"minecraft:open_chest":1,"minecraft:crouch_one_cm":474,"minecraft:play_time":110129,"minecraft:deaths":3,"minecraft:sneak_time":287,"minecraft:walk_under_water_one_cm":1179,"minecraft:jump":749,"minecraft:walk_on_water_one_cm":2051,"minecraft:interact_with_smoker":1,"minecraft:total_world_time":110129,"minecraft:fall_one_cm":14835},"minecraft:mined":{"minecraft:deepslate_redstone_ore":24,"minecraft:tuff":50,"minecraft:deepslate_diamond_ore":80,"minecraft:smoker":1,"minecraft:dandelion":4,"minecraft:crafting_table":10,"minecraft:torch":3,"minecraft:granite":21,"minecraft:grass_block":2,"minecraft:campfire":1,"minecraft:tall_grass":6,"minecraft:cobblestone":1,"minecraft:deepslate_gold_ore":35,"minecraft:oak_planks":1,"minecraft:wall_torch":1,"minecraft:redstone_ore":2,"minecraft:furnace":4,"minecraft:iron_ore":12,"minecraft:andesite":6,"treechop:chopped_log":7,"minecraft:azure_bluet":3,"minecraft:grass":159,"minecraft:oak_log":2,"minecraft:coal_ore":48,"minecraft:deepslate_iron_ore":90,"minecraft:gravel":9,"minecraft:dirt":3,"minecraft:stone_bricks":9,"minecraft:stone":148,"minecraft:oak_leaves":10,"minecraft:deepslate":656}},"DataVersion":3465}