{"stats":{"minecraft:dropped":{"jujutsucraft:sword_shigemo":1,"jujutsucraft:cursed_technique_changer":1,"jujutsucraft:naginata":1,"jujutsucraft:dragon_bone":1},"minecraft:killed":{"jujutsucraft:cursed_spirit_grade_32":2,"jujutsucraft:transfigured_human_3":1,"minecraft:wolf":1,"jujutsucraft:cursed_spirit_grade_31":2,"jujutsucraft:cursed_spirit_grade_33":6,"jujutsucraft:zenin_chojuro":1,"jujutsucraft:kukuru":7,"jujutsucraft:nanako":1,"jujutsucraft:jujutsu_sorcerer":2,"jujutsucraft:cursed_spirit_grade_24":1,"jujutsucraft:cursed_spirit_grade_213":1,"jujutsucraft:cursed_spirit_grade_35":3,"jujutsucraft:cursed_spirit_grade_318":4,"jujutsucraft:cursed_spirit_grade_211":1,"jujutsucraft:cursed_spirit_grade_316":3,"jujutsucraft:cursed_spirit_grade_22":1,"jujutsucraft:curse_user":3,"jujutsucraft:cursed_spirit_grade_321":6,"minecraft:sheep":1,"jujutsucraft:cursed_spirit_grade_39":3,"jujutsucraft:cursed_spirit_grade_312":5,"jujutsucraft:cursed_spirit_grade_314":10,"jujutsucraft:cursed_spirit_grade_313":2,"jujutsucraft:crow":2,"jujutsucraft:cursed_spirit_grade_311":4,"jujutsucraft:cursed_spirit_grade_310":4,"jujutsucraft:kechizu":1,"jujutsucraft:cursed_spirit_grade_16":1,"jujutsucraft:cursed_spirit_grade_36":11,"jujutsucraft:cursed_spirit_grade_25":1,"jujutsucraft:moon_dregs":1,"jujutsucraft:cursed_spirit_grade_317":11,"jujutsucraft:cursed_spirit_grade_315":14,"jujutsucraft:cursed_spirit_grade_212":3,"jujutsucraft:cursed_spirit_grade_38":2,"jujutsucraft:cursed_spirit_grade_34":2,"jujutsucraft:cursed_spirit_grade_319":12,"jujutsucraft:cursed_spirit_grade_322":8,"minecraft:villager":4,"jujutsucraft:q":4},"minecraft:picked_up":{"minecraft:wooden_axe":1,"jujutsucraft:clothes_miguel_helmet":1,"minecraft:feather":2,"minecraft:chicken":1,"minecraft:wooden_pickaxe":1,"minecraft:smoker":1,"minecraft:stone_brick_wall":3,"jujutsucraft:cursed_technique_changer":4,"jujutsucraft:sukuna_finger":1,"minecraft:stone_brick_stairs":1,"minecraft:oak_log":6,"minecraft:lantern":2,"minecraft:white_banner":1,"jujutsucraft:uniform_normal_leggings":1,"minecraft:smooth_stone_slab":2,"minecraft:poppy":3,"minecraft:spruce_slab":2,"minecraft:enchanted_golden_apple":1,"jujutsucraft:sword_of_extermination":1,"minecraft:oak_planks":1,"minecraft:furnace":1,"minecraft:sandstone":1,"minecraft:stick":2,"jujutsucraft:uniform_geto_leggings":1,"jujutsucraft:sickle":1,"jujutsucraft:item_insect":1,"minecraft:torch":1,"minecraft:gravel":1,"minecraft:polished_blackstone_bricks":1,"jujutsucraft:uniform_normal_chestplate":3,"minecraft:grass_block":1,"jujutsucraft:clothes_geto_helmet":1,"jujutsucraft:naginata":1,"minecraft:iron_block":8,"minecraft:painting":2,"minecraft:oak_sapling":3,"minecraft:dark_oak_fence":1,"minecraft:coal":1,"minecraft:oak_leaves":1,"minecraft:cobblestone":3},"minecraft:killed_by":{"jujutsucraft:cursed_spirit_grade_214":1,"jujutsucraft:cursed_spirit_grade_01":7,"jujutsucraft:reggie_star":1,"jujutsucraft:zenin_jinichi":1,"jujutsucraft:rozetsu_shikigami":1,"minecraft:player":17,"jujutsucraft:zenin_ogi":5,"jujutsucraft:cursed_spirit_grade_16":2,"jujutsucraft:zenin_chojuro":4,"jujutsucraft:cursed_spirit_grade_13":1,"jujutsucraft:cursed_spirit_grade_11":1,"jujutsucraft:entity_water":1,"jujutsucraft:kamo_noritoshi":1,"jujutsucraft:higuruma_hiromi":5,"jujutsucraft:moon_dregs":3,"jujutsucraft:miyo_rokujushi":4,"jujutsucraft:panda_gorilla":1,"jujutsucraft:cursed_spirit_grade_211":1,"jujutsucraft:yoshino_junpei":1,"jujutsucraft:curse_user_1":3,"jujutsucraft:q":1,"jujutsucraft:shigemo_haruta":1,"jujutsucraft:eso":4,"jujutsucraft:cursed_spirit_grade_319":1,"jujutsucraft:cursed_spirit_grade_29":2,"jujutsucraft:takaba_fumihiko":2,"jujutsucraft:eight_handled_swrod_divergent_sila_divine_general_mahoraga":1,"jujutsucraft:curse_user":3,"jujutsucraft:cursed_spirit_grade_34":1,"jujutsucraft:yaga_masamichi":1,"jujutsucraft:jujutsu_sorcerer":1},"minecraft:custom":{"minecraft:mob_kills":185,"minecraft:interact_with_crafting_table":3,"minecraft:open_barrel":11,"minecraft:damage_dealt_resisted":56906,"minecraft:time_since_death":1037,"minecraft:climb_one_cm":80,"minecraft:damage_resisted":21573,"minecraft:time_since_rest":1079,"minecraft:sprint_one_cm":1201086,"minecraft:damage_taken":33278,"minecraft:walk_one_cm":1043066,"minecraft:drop":4,"minecraft:damage_dealt":7422,"minecraft:damage_dealt_absorbed":19928,"minecraft:fly_one_cm":583705,"minecraft:player_kills":4,"minecraft:open_chest":13,"minecraft:crouch_one_cm":2025,"minecraft:play_time":111790,"minecraft:deaths":80,"minecraft:sneak_time":145,"minecraft:jump":961,"minecraft:walk_on_water_one_cm":13840,"minecraft:total_world_time":111790,"minecraft:fall_one_cm":52533},"minecraft:crafted":{"minecraft:oak_planks":24,"minecraft:wooden_pickaxe":1,"minecraft:stick":4,"minecraft:iron_ingot":63,"minecraft:stone_pickaxe":1,"minecraft:wooden_axe":1},"minecraft:mined":{"minecraft:smoker":1,"minecraft:stone_brick_wall":3,"minecraft:white_concrete":2,"minecraft:oak_planks":1,"minecraft:polished_blackstone_bricks":1,"minecraft:furnace":1,"treechop:chopped_log":1,"minecraft:smooth_stone_slab":2,"minecraft:coal_ore":1,"minecraft:oak_log":2,"minecraft:gravel":1,"minecraft:stone":3,"minecraft:iron_block":8,"minecraft:oak_leaves":3,"minecraft:spruce_slab":2},"minecraft:used":{"jujutsucraft:clothes_geto_helmet":1,"minecraft:oak_planks":1,"minecraft:stone_pickaxe":20,"minecraft:wooden_pickaxe":4,"minecraft:sandstone":1,"jujutsucraft:uniform_normal_boots":1,"minecraft:torch":1,"jujutsucraft:uniform_normal_chestplate":2,"minecraft:wooden_axe":9,"minecraft:lantern":2,"minecraft:gravel":1,"jujutsucraft:sword_of_extermination":100,"jujutsucraft:uniform_normal_leggings":1}},"DataVersion":3465}