{"stats":{"minecraft:mined":{"minecraft:obsidian":4,"minecraft:spruce_trapdoor":6,"minecraft:granite":334,"minecraft:grass_block":4,"minecraft:coal_block":19,"minecraft:smooth_stone":1,"minecraft:iron_ore":104,"minecraft:cobbled_deepslate":28,"minecraft:barrel":4,"minecraft:spruce_slab":1,"minecraft:smoker":2,"minecraft:orange_terracotta":23,"minecraft:light_gray_terracotta":47,"minecraft:blast_furnace":2,"minecraft:poppy":1,"minecraft:chest":1,"minecraft:slime_block":1,"minecraft:pink_petals":3,"minecraft:white_terracotta":193,"minecraft:stone_stairs":2,"minecraft:blue_terracotta":3,"minecraft:tnt":2,"minecraft:smooth_stone_slab":9,"minecraft:grass":57,"minecraft:oak_log":1,"minecraft:sand":128,"minecraft:dirt":83,"minecraft:oak_leaves":3,"minecraft:deepslate":8,"create:zinc_ore":2,"minecraft:diamond_ore":6,"minecraft:deepslate_diamond_ore":5,"minecraft:allium":1,"farmersdelight:wild_onions":2,"minecraft:furnace":11,"minecraft:carrots":1,"minecraft:andesite":10,"minecraft:stripped_spruce_log":24,"treechop:chopped_log":66,"minecraft:bookshelf":56,"minecraft:deepslate_iron_ore":30,"minecraft:lantern":11,"minecraft:stripped_oak_log":1,"minecraft:stone":2084,"minecraft:smithing_table":1,"minecraft:potted_lily_of_the_valley":4,"minecraft:crafting_table":10,"minecraft:spruce_button":1,"minecraft:campfire":1,"minecraft:tall_grass":14,"minecraft:copper_ore":16,"minecraft:diorite":42,"minecraft:spruce_stairs":15,"minecraft:cactus":1,"minecraft:spruce_log":12,"minecraft:coal_ore":194,"minecraft:gravel":96,"minecraft:terracotta":65,"minecraft:polished_andesite":1,"minecraft:stone_bricks":11},"minecraft:crafted":{"minecraft:grindstone":1,"minecraft:smooth_stone":61,"minecraft:oak_planks":1520,"minecraft:barrel":71,"minecraft:stone":1145,"minecraft:bookshelf":49,"minecraft:cooked_mutton":11,"minecraft:iron_boots":1,"minecraft:stone_pressure_plate":5,"minecraft:chest":128,"minecraft:magenta_dye":1,"minecraft:oak_slab":132,"minecraft:cooked_porkchop":40,"minecraft:diamond_axe":1,"minecraft:crafting_table":6,"minecraft:spruce_planks":1120,"minecraft:wooden_pickaxe":1,"minecraft:iron_helmet":1,"minecraft:sticky_piston":1,"sophisticatedbackpacks:feeding_upgrade":1,"sophisticatedbackpacks:upgrade_base":4,"minecraft:spruce_trapdoor":172,"minecraft:iron_chestplate":1,"minecraft:diamond_pickaxe":2,"sophisticatedbackpacks:diamond_backpack":1,"minecraft:stone_slab":6,"minecraft:stick":88,"minecraft:iron_ingot":194,"minecraft:iron_pickaxe":2,"minecraft:iron_block":3,"minecraft:gold_ingot":10,"sophisticatedbackpacks:blasting_upgrade":1,"epicfight:diamond_tachi":1,"minecraft:blue_terracotta":128,"minecraft:polished_andesite":20,"minecraft:golden_carrot":1,"minecraft:coal":171,"minecraft:smooth_stone_slab":90,"minecraft:iron_nugget":63,"minecraft:spruce_button":2,"minecraft:furnace":17,"minecraft:stone_button":1,"minecraft:blast_furnace":2,"minecraft:piston":1,"minecraft:stone_stairs":48,"minecraft:lantern":6,"minecraft:spruce_stairs":160,"minecraft:dark_oak_fence":96,"minecraft:iron_axe":1,"minecraft:spruce_slab":24,"minecraft:stone_pickaxe":1,"minecraft:dark_oak_planks":160,"sophisticatedbackpacks:iron_backpack":1,"minecraft:cooked_beef":20,"minecraft:red_dye":1,"minecraft:cooked_cod":6,"minecraft:magenta_bed":1,"minecraft:diamond_sword":1,"minecraft:enchanting_table":1,"minecraft:red_bed":1,"sophisticatedbackpacks:gold_backpack":1,"minecraft:bucket":1,"minecraft:stone_axe":1,"minecraft:air":0,"minecraft:blue_dye":27,"sophisticatedbackpacks:pickup_upgrade":1,"minecraft:golden_apple":1,"minecraft:gold_nugget":9,"minecraft:wooden_axe":1,"minecraft:iron_shovel":2,"minecraft:iron_leggings":1,"sophisticatedbackpacks:smoking_upgrade":1,"minecraft:stonecutter":2,"minecraft:anvil":1,"minecraft:white_bed":2,"minecraft:torch":36},"minecraft:picked_up":{"minecraft:flower_pot":4,"minecraft:smithing_table":1,"minecraft:string":92,"minecraft:raw_copper":50,"minecraft:smooth_stone_slab":11,"minecraft:armor_stand":1,"minecraft:cobbled_deepslate":8,"minecraft:smooth_stone":1,"minecraft:coal_block":19,"minecraft:furnace":11,"minecraft:stick":134,"minecraft:spruce_stairs":14,"minecraft:porkchop":40,"minecraft:cherry_log":110,"minecraft:diorite":42,"minecraft:cactus":2,"minecraft:rotten_flesh":14,"farmersdelight:onion":2,"minecraft:white_terracotta":193,"minecraft:obsidian":4,"minecraft:cobblestone":2141,"minecraft:birch_log":11,"minecraft:pink_petals":11,"minecraft:cooked_beef":11,"minecraft:andesite":10,"minecraft:smoker":2,"minecraft:flint":5,"create:raw_zinc":2,"minecraft:lantern":24,"minecraft:dirt":96,"minecraft:leather_boots":1,"minecraft:bone":6,"minecraft:wheat_seeds":10,"minecraft:raw_gold":8,"chipped:glow_torch":11,"minecraft:diamond_helmet":1,"minecraft:sand":128,"minecraft:stripped_spruce_log":24,"minecraft:lily_of_the_valley":4,"minecraft:dark_oak_log":40,"minecraft:barrel":4,"minecraft:light_gray_terracotta":46,"minecraft:blue_terracotta":2,"minecraft:diamond":23,"minecraft:slime_block":1,"minecraft:crossbow":2,"minecraft:granite":350,"minecraft:oak_sapling":52,"minecraft:charcoal":2,"minecraft:crafting_table":10,"minecraft:allium":4,"minecraft:azure_bluet":2,"minecraft:cornflower":27,"minecraft:stone_stairs":2,"farmersdelight:beef_patty":1,"minecraft:beef":20,"minecraft:light_gray_wool":1,"minecraft:poppy":1,"minecraft:spruce_slab":1,"minecraft:chest":1,"minecraft:birch_sapling":3,"minecraft:spruce_trapdoor":6,"minecraft:dark_oak_sapling":3,"minecraft:raw_iron":194,"minecraft:stone":64,"minecraft:white_dye":2,"minecraft:redstone":36,"minecraft:arrow":4,"minecraft:diamond_chestplate":1,"sophisticatedbackpacks:copper_backpack":1,"minecraft:mutton":12,"minecraft:rail":1,"minecraft:white_wool":6,"minecraft:stripped_oak_log":1,"minecraft:leather":53,"minecraft:oak_log":382,"minecraft:orange_terracotta":23,"minecraft:apple":4,"minecraft:stone_bricks":10,"minecraft:iron_ingot":6,"minecraft:cobweb":89,"minecraft:iron_sword":2,"minecraft:book":168,"minecraft:gravel":90,"minecraft:spruce_sapling":101,"minecraft:blast_furnace":2,"minecraft:spruce_log":421,"minecraft:slime_ball":2,"minecraft:chainmail_leggings":1,"minecraft:cherry_sapling":66,"minecraft:terracotta":141,"minecraft:black_wool":1,"minecraft:coal":608},"minecraft:broken":{"minecraft:iron_shovel":1,"minecraft:stone_pickaxe":1,"minecraft:diamond_pickaxe":1,"minecraft:iron_axe":1,"minecraft:iron_pickaxe":2},"minecraft:used":{"minecraft:blue_terracotta":87,"minecraft:iron_shovel":303,"minecraft:spruce_slab":11,"minecraft:chest":127,"minecraft:white_terracotta":78,"minecraft:stone":2436,"minecraft:rotten_flesh":3,"minecraft:carrot":2,"minecraft:stripped_spruce_log":24,"minecraft:lantern":29,"minecraft:furnace":22,"minecraft:cooked_cod":6,"epicfight:skillbook":1,"minecraft:stone_pickaxe":130,"minecraft:wooden_pickaxe":3,"minecraft:diamond_axe":581,"minecraft:blast_furnace":3,"minecraft:sponge":16,"minecraft:sticky_piston":2,"minecraft:grindstone":1,"minecraft:smithing_table":1,"minecraft:dark_oak_fence":26,"minecraft:smooth_stone_slab":89,"minecraft:enchanting_table":1,"minecraft:armor_stand":1,"minecraft:redstone":4,"minecraft:spruce_planks":1,"minecraft:dirt":4,"minecraft:anvil":1,"minecraft:spruce_stairs":130,"minecraft:stone_stairs":43,"farmersdelight:beef_patty":1,"minecraft:shroomlight":1,"minecraft:wooden_axe":7,"minecraft:bookshelf":16,"minecraft:iron_axe":250,"minecraft:slime_block":3,"epicfight:diamond_tachi":60,"minecraft:barrel":52,"minecraft:gray_glazed_terracotta":8,"minecraft:stone_pressure_plate":4,"minecraft:cooked_beef":11,"minecraft:cooked_mutton":11,"minecraft:water_bucket":5,"minecraft:polished_andesite":19,"minecraft:stonecutter":2,"minecraft:crafting_table":15,"minecraft:red_bed":1,"minecraft:magenta_bed":1,"minecraft:spruce_log":179,"minecraft:smoker":2,"minecraft:oak_log":2,"minecraft:flower_pot":4,"minecraft:diamond_pickaxe":2653,"minecraft:apple":4,"minecraft:iron_pickaxe":493,"minecraft:spruce_trapdoor":136,"minecraft:stone_axe":28,"minecraft:cobblestone":15,"minecraft:cooked_porkchop":23,"minecraft:bucket":6,"minecraft:smooth_stone":1},"minecraft:dropped":{"minecraft:iron_sword":1,"minecraft:crafting_table":1,"minecraft:dark_oak_sapling":3,"minecraft:crossbow":2,"minecraft:rail":1,"minecraft:flint":5,"minecraft:dirt":92,"minecraft:mutton":1,"farmersdelight:onion":2,"minecraft:birch_log":11,"minecraft:bone":6,"minecraft:gravel":90,"minecraft:stone_axe":1,"bountiful:bounty":1,"minecraft:iron_nugget":9,"minecraft:cobbled_deepslate":8,"minecraft:birch_sapling":3,"minecraft:cherry_sapling":66,"minecraft:rotten_flesh":14,"minecraft:azure_bluet":2,"minecraft:leather_boots":1,"minecraft:white_dye":2,"minecraft:arrow":4,"minecraft:wheat_seeds":11,"minecraft:golden_helmet":1,"minecraft:tnt":2,"minecraft:granite":357,"minecraft:spruce_button":1,"minecraft:grass_block":1,"minecraft:stick":3,"minecraft:cobweb":89,"minecraft:diorite":42,"minecraft:sponge":1,"minecraft:wooden_axe":1,"minecraft:cactus":2,"sophisticatedbackpacks:jukebox_upgrade":1,"minecraft:chainmail_leggings":1,"minecraft:string":1,"minecraft:pink_petals":11,"create:raw_zinc":2,"minecraft:spruce_sapling":116,"minecraft:raw_copper":50,"minecraft:light_gray_terracotta":46,"epicfight:diamond_tachi":1,"minecraft:light_gray_wool":1,"minecraft:stripped_oak_log":1,"minecraft:lily_of_the_valley":4,"minecraft:allium":1,"minecraft:orange_terracotta":23,"minecraft:andesite":10,"minecraft:golden_leggings":2,"minecraft:oak_sapling":52,"minecraft:barrel":10,"minecraft:stone_pressure_plate":1,"minecraft:stone_bricks":9,"minecraft:wooden_pickaxe":1,"minecraft:black_wool":1,"minecraft:terracotta":1},"minecraft:custom":{"lootr:looted_stat":5,"minecraft:interact_with_crafting_table":121,"minecraft:open_barrel":5,"minecraft:leave_game":6,"minecraft:time_since_death":76270,"minecraft:sprint_one_cm":888037,"minecraft:drop":135,"minecraft:talked_to_villager":1,"minecraft:play_time":572327,"minecraft:deaths":13,"minecraft:jump":4199,"minecraft:walk_on_water_one_cm":19673,"minecraft:interact_with_furnace":157,"minecraft:sleep_in_bed":4,"minecraft:damage_dealt":8292,"minecraft:crouch_one_cm":10097,"minecraft:interact_with_smoker":23,"minecraft:mob_kills":64,"minecraft:damage_dealt_resisted":275,"minecraft:climb_one_cm":5122,"minecraft:walk_one_cm":2384934,"minecraft:damage_dealt_absorbed":80,"minecraft:sneak_time":4577,"minecraft:walk_under_water_one_cm":59896,"minecraft:interact_with_blast_furnace":26,"minecraft:total_world_time":572327,"minecraft:pot_flower":2,"minecraft:time_since_rest":7359,"minecraft:damage_taken":6636,"minecraft:swim_one_cm":34192,"minecraft:fly_one_cm":1400628,"minecraft:open_chest":66,"minecraft:fall_one_cm":128524},"minecraft:killed":{"minecraft:spider":1,"minecraft:skeleton":5,"minecraft:pig":18,"minecraft:zombie_villager":1,"minecraft:creeper":1,"minecraft:sheep":8,"minecraft:zombie":14,"minecraft:cow":14,"minecraft:husk":2},"minecraft:killed_by":{"minecraft:zombie":1,"minecraft:player":2,"minecraft:enderman":1,"minecraft:skeleton":6}},"DataVersion":3465}