{"stats":{"minecraft:crafted":{"minecraft:grindstone":1,"minecraft:smooth_stone":52,"minecraft:oak_planks":1520,"minecraft:coal":171,"minecraft:barrel":45,"minecraft:smooth_stone_slab":90,"minecraft:iron_nugget":9,"minecraft:spruce_button":2,"minecraft:furnace":17,"minecraft:stone_button":1,"minecraft:blast_furnace":2,"minecraft:stone":505,"minecraft:bookshelf":49,"minecraft:cooked_mutton":11,"minecraft:stone_stairs":48,"minecraft:dark_oak_fence":96,"minecraft:spruce_stairs":160,"minecraft:iron_boots":1,"minecraft:iron_axe":1,"minecraft:spruce_slab":24,"minecraft:stone_pickaxe":1,"minecraft:stone_pressure_plate":5,"minecraft:chest":128,"minecraft:dark_oak_planks":160,"minecraft:magenta_dye":1,"sophisticatedbackpacks:iron_backpack":1,"minecraft:cooked_beef":9,"minecraft:red_dye":1,"minecraft:cooked_cod":6,"minecraft:magenta_bed":1,"minecraft:oak_slab":132,"minecraft:diamond_sword":1,"minecraft:cooked_porkchop":17,"minecraft:diamond_axe":1,"minecraft:crafting_table":6,"minecraft:enchanting_table":1,"minecraft:spruce_planks":776,"minecraft:wooden_pickaxe":1,"minecraft:iron_helmet":1,"minecraft:red_bed":1,"sophisticatedbackpacks:gold_backpack":1,"minecraft:bucket":1,"minecraft:stone_axe":1,"minecraft:air":0,"minecraft:blue_dye":27,"minecraft:spruce_trapdoor":112,"minecraft:iron_chestplate":1,"minecraft:diamond_pickaxe":2,"minecraft:stone_slab":6,"sophisticatedbackpacks:diamond_backpack":1,"minecraft:stick":88,"minecraft:iron_ingot":150,"minecraft:iron_pickaxe":2,"minecraft:wooden_axe":1,"minecraft:iron_block":3,"minecraft:iron_shovel":2,"minecraft:gold_ingot":8,"minecraft:iron_leggings":1,"minecraft:stonecutter":2,"minecraft:anvil":1,"minecraft:white_bed":2,"epicfight:diamond_tachi":1,"minecraft:blue_terracotta":128},"minecraft:used":{"minecraft:blue_terracotta":86,"minecraft:enchanting_table":1,"minecraft:iron_shovel":303,"minecraft:armor_stand":1,"minecraft:spruce_slab":11,"minecraft:redstone":4,"minecraft:chest":127,"minecraft:spruce_planks":1,"minecraft:white_terracotta":78,"minecraft:stone":2217,"minecraft:dirt":4,"minecraft:anvil":1,"minecraft:spruce_stairs":116,"minecraft:stone_stairs":43,"minecraft:stripped_spruce_log":24,"minecraft:shroomlight":1,"minecraft:wooden_axe":7,"minecraft:bookshelf":16,"minecraft:lantern":21,"minecraft:iron_axe":250,"minecraft:slime_block":3,"epicfight:diamond_tachi":30,"minecraft:barrel":39,"minecraft:gray_glazed_terracotta":8,"minecraft:furnace":22,"minecraft:cooked_cod":6,"minecraft:stone_pressure_plate":4,"minecraft:cooked_beef":11,"minecraft:cooked_mutton":11,"minecraft:water_bucket":1,"minecraft:stone_pickaxe":130,"minecraft:wooden_pickaxe":3,"minecraft:stonecutter":2,"minecraft:diamond_axe":481,"minecraft:red_bed":1,"minecraft:magenta_bed":1,"minecraft:crafting_table":15,"minecraft:blast_furnace":3,"minecraft:sponge":16,"minecraft:spruce_log":163,"minecraft:smoker":2,"minecraft:sticky_piston":2,"minecraft:oak_log":2,"minecraft:flower_pot":4,"minecraft:diamond_pickaxe":2392,"minecraft:apple":4,"minecraft:iron_pickaxe":493,"minecraft:spruce_trapdoor":111,"minecraft:stone_axe":28,"minecraft:cobblestone":15,"minecraft:grindstone":1,"minecraft:cooked_porkchop":6,"minecraft:dark_oak_fence":26,"minecraft:smithing_table":1,"minecraft:bucket":1,"minecraft:smooth_stone_slab":89},"minecraft:dropped":{"minecraft:iron_sword":1,"minecraft:wheat_seeds":10,"minecraft:golden_helmet":1,"minecraft:crafting_table":1,"minecraft:dark_oak_sapling":3,"minecraft:crossbow":2,"minecraft:granite":343,"minecraft:rail":1,"minecraft:stick":3,"minecraft:flint":5,"minecraft:cobweb":89,"minecraft:dirt":83,"minecraft:diorite":42,"minecraft:sponge":1,"minecraft:mutton":1,"minecraft:wooden_axe":1,"farmersdelight:onion":2,"sophisticatedbackpacks:jukebox_upgrade":1,"minecraft:chainmail_leggings":1,"minecraft:string":1,"minecraft:pink_petals":11,"minecraft:birch_log":11,"create:raw_zinc":2,"minecraft:spruce_sapling":101,"minecraft:bone":3,"minecraft:gravel":90,"minecraft:stone_axe":1,"bountiful:bounty":1,"minecraft:iron_nugget":9,"minecraft:cobbled_deepslate":8,"minecraft:raw_copper":50,"minecraft:light_gray_terracotta":46,"minecraft:birch_sapling":3,"minecraft:cherry_sapling":66,"minecraft:rotten_flesh":10,"minecraft:light_gray_wool":1,"minecraft:stripped_oak_log":1,"minecraft:azure_bluet":2,"minecraft:lily_of_the_valley":4,"minecraft:allium":1,"minecraft:orange_terracotta":23,"minecraft:barrel":10,"minecraft:andesite":10,"minecraft:leather_boots":1,"minecraft:golden_leggings":2,"minecraft:oak_sapling":52,"minecraft:stone_pressure_plate":1,"minecraft:stone_bricks":9,"minecraft:white_dye":2,"minecraft:arrow":2,"minecraft:wooden_pickaxe":1,"minecraft:black_wool":1,"minecraft:terracotta":1},"minecraft:picked_up":{"minecraft:charcoal":2,"minecraft:crafting_table":10,"minecraft:allium":4,"minecraft:azure_bluet":2,"minecraft:flower_pot":4,"minecraft:smithing_table":1,"minecraft:cornflower":27,"minecraft:string":92,"minecraft:stone_stairs":2,"minecraft:raw_copper":50,"minecraft:smooth_stone_slab":11,"minecraft:armor_stand":1,"minecraft:cobbled_deepslate":8,"minecraft:beef":9,"minecraft:poppy":1,"minecraft:light_gray_wool":1,"minecraft:spruce_slab":1,"minecraft:coal_block":19,"minecraft:chest":1,"minecraft:birch_sapling":3,"minecraft:spruce_trapdoor":6,"minecraft:furnace":11,"minecraft:dark_oak_sapling":3,"minecraft:stick":134,"minecraft:raw_iron":194,"minecraft:stone":64,"minecraft:spruce_stairs":14,"minecraft:porkchop":17,"minecraft:white_dye":2,"minecraft:cherry_log":110,"minecraft:diorite":42,"minecraft:arrow":2,"minecraft:rotten_flesh":10,"minecraft:diamond_chestplate":1,"farmersdelight:onion":2,"sophisticatedbackpacks:copper_backpack":1,"minecraft:white_terracotta":193,"minecraft:obsidian":4,"minecraft:mutton":12,"minecraft:rail":1,"minecraft:white_wool":6,"minecraft:cobblestone":2141,"minecraft:stripped_oak_log":1,"minecraft:birch_log":11,"minecraft:pink_petals":11,"minecraft:cooked_beef":2,"minecraft:andesite":10,"minecraft:leather":47,"minecraft:smoker":2,"minecraft:flint":5,"create:raw_zinc":2,"minecraft:oak_log":382,"minecraft:dirt":87,"minecraft:lantern":24,"minecraft:orange_terracotta":23,"minecraft:leather_boots":1,"minecraft:bone":3,"minecraft:apple":4,"minecraft:stone_bricks":10,"minecraft:wheat_seeds":10,"chipped:glow_torch":11,"minecraft:raw_gold":8,"minecraft:iron_ingot":6,"minecraft:cobweb":89,"minecraft:diamond_helmet":1,"minecraft:iron_sword":2,"minecraft:book":168,"minecraft:gravel":90,"minecraft:sand":128,"minecraft:stripped_spruce_log":24,"minecraft:spruce_sapling":101,"minecraft:blast_furnace":2,"minecraft:spruce_log":421,"minecraft:lily_of_the_valley":4,"minecraft:dark_oak_log":40,"minecraft:barrel":4,"minecraft:light_gray_terracotta":46,"minecraft:blue_terracotta":2,"minecraft:diamond":23,"minecraft:slime_block":1,"minecraft:chainmail_leggings":1,"minecraft:crossbow":2,"minecraft:granite":350,"minecraft:cherry_sapling":66,"minecraft:terracotta":141,"minecraft:oak_sapling":52,"minecraft:black_wool":1,"minecraft:coal":608},"minecraft:killed":{"minecraft:skeleton":2,"minecraft:husk":2,"minecraft:pig":8,"minecraft:zombie_villager":1,"minecraft:sheep":8,"minecraft:zombie":8,"minecraft:cow":8},"minecraft:broken":{"minecraft:iron_shovel":1,"minecraft:stone_pickaxe":1,"minecraft:diamond_pickaxe":1,"minecraft:iron_axe":1,"minecraft:iron_pickaxe":2},"minecraft:killed_by":{"minecraft:player":2,"minecraft:skeleton":4,"minecraft:zombie":1},"minecraft:custom":{"lootr:looted_stat":5,"minecraft:mob_kills":37,"minecraft:interact_with_crafting_table":102,"minecraft:open_barrel":4,"minecraft:damage_dealt_resisted":275,"minecraft:leave_game":4,"minecraft:time_since_death":12346,"minecraft:climb_one_cm":3996,"minecraft:sprint_one_cm":665489,"minecraft:walk_one_cm":1893370,"minecraft:drop":120,"minecraft:damage_dealt_absorbed":80,"minecraft:play_time":422906,"minecraft:sneak_time":3940,"minecraft:deaths":10,"minecraft:walk_under_water_one_cm":51966,"minecraft:jump":3062,"minecraft:interact_with_blast_furnace":7,"minecraft:walk_on_water_one_cm":13134,"minecraft:total_world_time":422906,"minecraft:interact_with_furnace":95,"minecraft:pot_flower":2,"minecraft:sleep_in_bed":1,"minecraft:time_since_rest":12371,"minecraft:damage_taken":4664,"minecraft:damage_dealt":4808,"minecraft:swim_one_cm":11391,"minecraft:fly_one_cm":1089631,"minecraft:crouch_one_cm":7670,"minecraft:open_chest":2,"minecraft:interact_with_smoker":10,"minecraft:fall_one_cm":87573},"minecraft:mined":{"create:zinc_ore":2,"minecraft:diamond_ore":6,"minecraft:deepslate_diamond_ore":5,"minecraft:obsidian":4,"minecraft:spruce_trapdoor":6,"minecraft:granite":320,"minecraft:allium":1,"minecraft:grass_block":4,"minecraft:coal_block":19,"farmersdelight:wild_onions":2,"minecraft:furnace":11,"minecraft:iron_ore":104,"minecraft:barrel":4,"minecraft:andesite":10,"minecraft:stripped_spruce_log":24,"treechop:chopped_log":57,"minecraft:bookshelf":56,"minecraft:deepslate_iron_ore":30,"minecraft:lantern":10,"minecraft:stripped_oak_log":1,"minecraft:stone":1869,"minecraft:spruce_slab":1,"minecraft:smithing_table":1,"minecraft:potted_lily_of_the_valley":4,"minecraft:orange_terracotta":23,"minecraft:smoker":2,"minecraft:light_gray_terracotta":47,"minecraft:crafting_table":10,"minecraft:blast_furnace":2,"minecraft:poppy":1,"minecraft:chest":1,"minecraft:campfire":1,"minecraft:copper_ore":16,"minecraft:tall_grass":11,"minecraft:slime_block":1,"minecraft:diorite":42,"minecraft:pink_petals":3,"minecraft:spruce_stairs":15,"minecraft:white_terracotta":193,"minecraft:stone_stairs":2,"minecraft:blue_terracotta":2,"minecraft:smooth_stone_slab":9,"minecraft:spruce_log":12,"minecraft:grass":53,"minecraft:coal_ore":194,"minecraft:oak_log":1,"minecraft:gravel":96,"minecraft:dirt":83,"minecraft:sand":128,"minecraft:terracotta":65,"minecraft:stone_bricks":11,"minecraft:oak_leaves":2,"minecraft:deepslate":8}},"DataVersion":3465}