{"stats":{"minecraft:dropped":{"jujutsucraft:uniform_normal_leggings":1,"minecraft:birch_sapling":2,"jujutsucraft:cursed_technique_changer":1,"jujutsucraft:uniform_geto_leggings":1,"jujutsucraft:uniform_normal_chestplate":1,"minecraft:item_frame":3,"minecraft:dark_oak_fence":1,"minecraft:wooden_axe":2,"minecraft:oak_sapling":7,"jujutsucraft:clothes_geto_helmet":1,"minecraft:stone_pickaxe":1,"minecraft:wooden_pickaxe":2,"jujutsucraft:uniform_normal_boots":1,"minecraft:birch_log":7},"minecraft:killed":{"jujutsucraft:cursed_spirit_grade_31":1,"jujutsucraft:cursed_spirit_grade_33":6,"jujutsucraft:cursed_spirit_grade_318":5,"jujutsucraft:cursed_spirit_grade_316":4,"jujutsucraft:cursed_spirit_grade_39":2,"jujutsucraft:cursed_spirit_grade_312":1,"jujutsucraft:cursed_spirit_grade_313":2,"jujutsucraft:crow":4,"minecraft:chicken":1,"jujutsucraft:cursed_spirit_grade_214":1,"jujutsucraft:cursed_spirit_grade_315":1,"jujutsucraft:cursed_spirit_grade_34":3,"jujutsucraft:cursed_spirit_grade_319":4,"jujutsucraft:q":2,"jujutsucraft:ogami":1},"minecraft:picked_up":{"minecraft:wooden_axe":1,"minecraft:birch_log":7,"minecraft:crafting_table":3,"minecraft:feather":2,"minecraft:chicken":1,"minecraft:wooden_pickaxe":1,"minecraft:potato":39,"minecraft:oak_log":12,"minecraft:dirt":17,"minecraft:item_frame":3,"minecraft:experience_bottle":2,"minecraft:iron_ingot":3,"jujutsucraft:sword_shigemo":1,"minecraft:birch_sapling":2,"minecraft:oak_planks":5,"minecraft:blast_furnace":1,"minecraft:emerald":1,"minecraft:gold_ingot":4,"minecraft:oak_sapling":7,"minecraft:black_wool":1,"minecraft:dark_oak_fence":1,"minecraft:coal":22,"minecraft:cobblestone":54},"minecraft:killed_by":{"jujutsucraft:cursed_spirit_grade_214":4,"jujutsucraft:hoshi_kirara":1,"minecraft:player":1,"jujutsucraft:cursed_spirit_grade_14":1,"jujutsucraft:negi_toshihisa":2,"jujutsucraft:yoshino_junpei":2,"jujutsucraft:q":2,"jujutsucraft:cursed_spirit_grade_314":1,"jujutsucraft:cursed_spirit_grade_319":2,"jujutsucraft:cursed_spirit_grade_318":1,"jujutsucraft:curse_user":1,"jujutsucraft:cursed_spirit_grade_34":1},"minecraft:custom":{"minecraft:mob_kills":39,"minecraft:interact_with_crafting_table":7,"minecraft:open_barrel":8,"minecraft:damage_dealt_resisted":4265,"minecraft:leave_game":2,"minecraft:time_since_death":6023,"minecraft:climb_one_cm":3825,"minecraft:damage_resisted":1109,"minecraft:time_since_rest":6051,"minecraft:sprint_one_cm":210058,"minecraft:damage_taken":8268,"minecraft:walk_one_cm":253135,"minecraft:drop":19,"minecraft:damage_dealt":147,"minecraft:damage_dealt_absorbed":1,"minecraft:swim_one_cm":200,"minecraft:fly_one_cm":225529,"minecraft:open_chest":17,"minecraft:crouch_one_cm":2010,"minecraft:play_time":77743,"minecraft:deaths":19,"minecraft:sneak_time":288,"minecraft:walk_under_water_one_cm":973,"minecraft:jump":505,"minecraft:walk_on_water_one_cm":11894,"minecraft:total_world_time":77743,"minecraft:fall_one_cm":15903},"minecraft:crafted":{"minecraft:oak_planks":12,"minecraft:crafting_table":1,"minecraft:wooden_pickaxe":1,"minecraft:golden_shovel":1,"minecraft:stone_axe":1,"minecraft:air":53,"minecraft:stick":12,"minecraft:iron_pickaxe":1,"minecraft:stone_pickaxe":1,"minecraft:wooden_axe":1},"minecraft:mined":{"minecraft:crafting_table":3,"minecraft:blast_furnace":1,"minecraft:grass_block":4,"minecraft:oak_planks":5,"treechop:chopped_log":3,"minecraft:grass":1,"minecraft:black_wool":1,"minecraft:coal_ore":22,"minecraft:dirt":13,"minecraft:stone":54},"minecraft:used":{"minecraft:stone_pickaxe":4,"minecraft:oak_planks":3,"minecraft:wooden_pickaxe":3,"minecraft:dirt":5,"minecraft:crafting_table":3,"minecraft:golden_shovel":17,"minecraft:wooden_axe":6,"minecraft:iron_pickaxe":73,"minecraft:stone_axe":8,"minecraft:experience_bottle":2}},"DataVersion":3465}