{"stats":{"minecraft:crafted":{"minecraft:oak_planks":44,"minecraft:coal":171,"minecraft:iron_nugget":9,"minecraft:furnace":2,"minecraft:stone":19,"minecraft:cooked_mutton":11,"minecraft:iron_boots":1,"minecraft:iron_axe":1,"minecraft:stone_pickaxe":1,"sophisticatedbackpacks:iron_backpack":1,"minecraft:cooked_beef":9,"minecraft:cooked_cod":6,"minecraft:diamond_sword":1,"minecraft:cooked_porkchop":17,"minecraft:crafting_table":1,"minecraft:wooden_pickaxe":1,"minecraft:iron_helmet":1,"sophisticatedbackpacks:gold_backpack":1,"minecraft:bucket":1,"minecraft:stone_axe":1,"minecraft:air":0,"minecraft:iron_chestplate":1,"minecraft:diamond_pickaxe":1,"minecraft:stick":20,"minecraft:iron_ingot":106,"minecraft:iron_pickaxe":2,"minecraft:wooden_axe":1,"minecraft:gold_ingot":8,"minecraft:iron_shovel":1,"minecraft:iron_leggings":1,"epicfight:diamond_tachi":1},"minecraft:used":{"minecraft:iron_shovel":135,"minecraft:stone":9,"minecraft:dirt":2,"minecraft:shroomlight":1,"minecraft:wooden_axe":7,"minecraft:iron_axe":250,"epicfight:diamond_tachi":30,"minecraft:furnace":5,"minecraft:cooked_cod":2,"minecraft:cooked_beef":5,"minecraft:cooked_mutton":6,"minecraft:water_bucket":1,"minecraft:stone_pickaxe":130,"minecraft:wooden_pickaxe":3,"minecraft:crafting_table":7,"minecraft:blast_furnace":1,"minecraft:smoker":1,"minecraft:oak_log":2,"minecraft:diamond_pickaxe":377,"minecraft:apple":3,"minecraft:iron_pickaxe":493,"minecraft:stone_axe":28,"minecraft:cobblestone":15,"minecraft:cooked_porkchop":6,"minecraft:bucket":1},"minecraft:dropped":{"minecraft:wheat_seeds":7,"minecraft:golden_helmet":1,"minecraft:crafting_table":1,"minecraft:crossbow":2,"minecraft:rail":1,"minecraft:dirt":3,"minecraft:wooden_axe":1,"sophisticatedbackpacks:jukebox_upgrade":1,"minecraft:chainmail_leggings":1,"minecraft:pink_petals":11,"create:raw_zinc":2,"minecraft:spruce_sapling":29,"minecraft:stone_axe":1,"bountiful:bounty":1,"minecraft:light_gray_terracotta":46,"minecraft:birch_sapling":1,"minecraft:cherry_sapling":66,"minecraft:rotten_flesh":7,"minecraft:orange_terracotta":23,"minecraft:andesite":10,"minecraft:golden_leggings":2,"minecraft:oak_sapling":42,"minecraft:stone_bricks":8,"minecraft:white_dye":1,"minecraft:wooden_pickaxe":1,"minecraft:terracotta":1},"minecraft:picked_up":{"minecraft:charcoal":2,"minecraft:crafting_table":7,"minecraft:smithing_table":1,"minecraft:string":1,"minecraft:armor_stand":1,"minecraft:cobbled_deepslate":8,"minecraft:beef":9,"minecraft:light_gray_wool":1,"minecraft:coal_block":19,"minecraft:birch_sapling":1,"minecraft:furnace":3,"minecraft:stick":83,"minecraft:raw_iron":134,"minecraft:porkchop":17,"minecraft:white_dye":2,"minecraft:cherry_log":110,"minecraft:diamond_chestplate":1,"minecraft:arrow":1,"minecraft:rotten_flesh":10,"sophisticatedbackpacks:copper_backpack":1,"minecraft:white_terracotta":192,"minecraft:mutton":11,"minecraft:rail":1,"minecraft:white_wool":5,"minecraft:cobblestone":345,"minecraft:stripped_oak_log":1,"minecraft:pink_petals":11,"minecraft:andesite":10,"minecraft:leather":8,"minecraft:smoker":2,"minecraft:flint":1,"create:raw_zinc":2,"minecraft:oak_log":104,"minecraft:lantern":12,"minecraft:dirt":9,"minecraft:orange_terracotta":23,"minecraft:leather_boots":1,"minecraft:bone":3,"minecraft:apple":3,"minecraft:stone_bricks":8,"minecraft:wheat_seeds":8,"minecraft:raw_gold":8,"minecraft:iron_ingot":6,"minecraft:iron_sword":1,"minecraft:gravel":4,"minecraft:sand":128,"minecraft:spruce_sapling":29,"minecraft:blast_furnace":1,"minecraft:spruce_log":75,"minecraft:light_gray_terracotta":46,"minecraft:diamond":15,"minecraft:chainmail_leggings":1,"minecraft:crossbow":2,"minecraft:granite":2,"minecraft:cherry_sapling":66,"minecraft:terracotta":1,"minecraft:oak_sapling":42,"minecraft:black_wool":1,"minecraft:coal":288},"minecraft:broken":{"minecraft:stone_pickaxe":1,"minecraft:iron_axe":1,"minecraft:iron_pickaxe":2},"minecraft:killed":{"minecraft:skeleton":2,"minecraft:husk":2,"minecraft:pig":8,"minecraft:zombie_villager":1,"minecraft:sheep":7,"minecraft:zombie":8,"minecraft:cow":8},"minecraft:killed_by":{"minecraft:player":1,"minecraft:skeleton":4,"minecraft:zombie":1},"minecraft:custom":{"lootr:looted_stat":5,"minecraft:mob_kills":36,"minecraft:interact_with_crafting_table":24,"minecraft:open_barrel":2,"minecraft:damage_dealt_resisted":275,"minecraft:leave_game":2,"minecraft:time_since_death":40640,"minecraft:climb_one_cm":3996,"minecraft:sprint_one_cm":305101,"minecraft:walk_one_cm":487871,"minecraft:drop":50,"minecraft:damage_dealt_absorbed":80,"minecraft:play_time":112438,"minecraft:deaths":7,"minecraft:sneak_time":637,"minecraft:walk_under_water_one_cm":5311,"minecraft:jump":1686,"minecraft:interact_with_blast_furnace":3,"minecraft:walk_on_water_one_cm":6584,"minecraft:total_world_time":112438,"minecraft:interact_with_furnace":41,"minecraft:time_since_rest":40671,"minecraft:damage_taken":3641,"minecraft:damage_dealt":4636,"minecraft:swim_one_cm":2221,"minecraft:fly_one_cm":602873,"minecraft:crouch_one_cm":1123,"minecraft:interact_with_smoker":9,"minecraft:fall_one_cm":55700},"minecraft:mined":{"create:zinc_ore":2,"minecraft:diamond_ore":6,"minecraft:deepslate_diamond_ore":5,"minecraft:granite":2,"minecraft:grass_block":4,"minecraft:coal_block":19,"minecraft:furnace":3,"minecraft:iron_ore":104,"minecraft:andesite":10,"treechop:chopped_log":27,"minecraft:deepslate_iron_ore":30,"minecraft:lantern":10,"minecraft:stripped_oak_log":1,"minecraft:stone":345,"minecraft:smithing_table":1,"minecraft:smoker":2,"minecraft:orange_terracotta":23,"minecraft:crafting_table":7,"minecraft:light_gray_terracotta":47,"minecraft:blast_furnace":1,"minecraft:campfire":1,"minecraft:tall_grass":9,"minecraft:pink_petals":3,"minecraft:white_terracotta":192,"minecraft:oak_log":1,"minecraft:grass":53,"minecraft:coal_ore":173,"minecraft:gravel":5,"minecraft:sand":128,"minecraft:dirt":5,"minecraft:terracotta":1,"minecraft:stone_bricks":9,"minecraft:deepslate":8}},"DataVersion":3465}