{"stats":{"minecraft:custom":{"minecraft:mob_kills":1242,"minecraft:interact_with_crafting_table":5,"minecraft:open_barrel":46,"minecraft:damage_dealt_resisted":914104,"minecraft:leave_game":2,"minecraft:time_since_death":1520,"minecraft:climb_one_cm":245,"minecraft:damage_resisted":78165,"minecraft:sprint_one_cm":1194369,"minecraft:walk_one_cm":1295706,"minecraft:drop":99,"minecraft:damage_dealt_absorbed":120710,"minecraft:play_time":136681,"minecraft:deaths":31,"minecraft:sneak_time":315,"minecraft:walk_under_water_one_cm":3637,"minecraft:jump":2372,"minecraft:walk_on_water_one_cm":36870,"minecraft:total_world_time":136681,"minecraft:interact_with_loom":1,"minecraft:time_since_rest":1543,"minecraft:damage_taken":26909,"minecraft:damage_dealt":8207,"minecraft:player_kills":15,"minecraft:swim_one_cm":2629,"minecraft:fly_one_cm":1682758,"minecraft:open_chest":42,"minecraft:crouch_one_cm":1534,"minecraft:fall_one_cm":186701},"minecraft:crafted":{"minecraft:oak_planks":11,"minecraft:stone_shovel":1,"minecraft:stone_pickaxe":1,"minecraft:wooden_shovel":1,"minecraft:crafting_table":1,"minecraft:wooden_pickaxe":1,"minecraft:stone_axe":1,"minecraft:air":53,"minecraft:stick":9,"minecraft:wooden_axe":1},"minecraft:mined":{"minecraft:gray_stained_glass_pane":4,"minecraft:grass_block":13,"minecraft:decorated_pot":1,"minecraft:white_concrete":2,"minecraft:andesite":9,"treechop:chopped_log":2,"minecraft:stone":44,"minecraft:crafting_table":2,"minecraft:tall_grass":2,"minecraft:diorite":6,"minecraft:grass":19,"minecraft:coal_ore":20,"minecraft:gravel":1,"minecraft:dirt":16,"minecraft:oak_leaves":2},"minecraft:picked_up":{"minecraft:crafting_table":2,"minecraft:chicken":1,"jujutsucraft:slaughter_demon":4,"minecraft:ladder":1,"jujutsucraft:uniform_normal_boots":1,"jujutsucraft:clothes_geto_boots":1,"minecraft:iron_axe":1,"minecraft:item_frame":2,"jujutsucraft:sword_ogi":2,"jujutsucraft:sword_black":3,"jujutsucraft:sword_shigemo":3,"minecraft:egg":1,"jujutsucraft:playful_cloud":1,"jujutsucraft:item_master_simple_domain":1,"minecraft:porkchop":8,"jujutsucraft:gavel":4,"minecraft:diorite":5,"jujutsucraft:clothes_geto_helmet":1,"minecraft:stone_sword":1,"jujutsucraft:naginata":5,"minecraft:decorated_pot":1,"jujutsucraft:hammer":3,"minecraft:mutton":5,"minecraft:white_wool":4,"minecraft:cobblestone":40,"jujutsucraft:recommendation_2":1,"jujutsucraft:uniform_gojo_boots":1,"jujutsucraft:mahoraga_wheel_helmet":1,"minecraft:andesite":9,"jujutsucraft:sukuna_finger":2,"minecraft:oak_log":11,"jujutsucraft:clothes_geto_leggings":1,"jujutsucraft:fester_life_blade":2,"jujutsucraft:clothes_geto_chestplate":1,"minecraft:dirt":17,"minecraft:lantern":1,"jujutsucraft:uniform_normal_leggings":1,"jujutsucraft:pendant_todo_aoi":1,"minecraft:bone":2,"jujutsucraft:knife":2,"minecraft:wheat_seeds":3,"jujutsucraft:split_soul_katana":1,"jujutsucraft:mei_mei_axe":2,"jujutsucraft:uniform_itadori_chestplate":1,"jujutsucraft:sword_miwa_kasumi":3,"minecraft:iron_sword":1,"jujutsucraft:dragon_bone":2,"jujutsucraft:nyoi_staff":2,"minecraft:gravel":2,"jujutsucraft:hiten":1,"jujutsucraft:sunglasses_helmet":1,"jujutsucraft:item_master_reverse_cursed_technique":1,"jujutsucraft:uniform_q_chestplate":1,"minecraft:gray_wool":1,"minecraft:white_concrete":2,"minecraft:oak_sapling":5,"minecraft:smooth_quartz_slab":2,"minecraft:coal":20,"minecraft:sunflower":5},"minecraft:dropped":{"minecraft:iron_sword":1,"minecraft:porkchop":8,"minecraft:wheat_seeds":3,"jujutsucraft:uniform_itadori_leggings":1,"jujutsucraft:sword_shigemo":3,"minecraft:cobblestone":1,"jujutsucraft:sword_black":3,"minecraft:lantern":1,"jujutsucraft:split_soul_katana":1,"jujutsucraft:gavel":4,"minecraft:item_frame":2,"jujutsucraft:slaughter_demon":4,"minecraft:dirt":17,"minecraft:gray_wool":1,"minecraft:diorite":5,"jujutsucraft:uniform_q_chestplate":1,"minecraft:mutton":5,"minecraft:wooden_axe":1,"minecraft:white_concrete":1,"jujutsucraft:sunglasses_helmet":1,"minecraft:smooth_quartz_slab":2,"jujutsucraft:mei_mei_axe":2,"minecraft:sunflower":5,"minecraft:iron_axe":1,"jujutsucraft:dragon_bone":2,"jujutsucraft:fester_life_blade":2,"jujutsucraft:pendant_todo_aoi":1,"minecraft:white_wool":4,"minecraft:bone":2,"minecraft:gravel":2,"jujutsucraft:nyoi_staff":2,"jujutsucraft:hiten":2,"jujutsucraft:uniform_gojo_boots":1,"jujutsucraft:uniform_normal_leggings":2,"minecraft:stone_sword":1,"jujutsucraft:sword_miwa_kasumi":3,"jujutsucraft:item_master_simple_domain":1,"minecraft:chicken":1,"jujutsucraft:uniform_itadori_chestplate":2,"jujutsucraft:naginata":5,"jujutsucraft:knife":2,"jujutsucraft:uniform_normal_chestplate":1,"jujutsucraft:sword_ogi":2,"minecraft:andesite":9,"minecraft:oak_sapling":5,"minecraft:wooden_shovel":1,"minecraft:ladder":1,"jujutsucraft:harisen":1,"jujutsucraft:hammer":3,"minecraft:wooden_pickaxe":1,"jujutsucraft:uniform_normal_boots":2,"jujutsucraft:item_master_reverse_cursed_technique":1,"minecraft:egg":1},"minecraft:used":{"jujutsucraft:clothes_geto_boots":1,"minecraft:decorated_pot":1,"minecraft:wooden_shovel":28,"jujutsucraft:sukuna_finger":2,"minecraft:wooden_axe":1,"minecraft:stone_pickaxe":78,"minecraft:wooden_pickaxe":3,"jujutsucraft:uniform_gojo_boots":1,"minecraft:crafting_table":2,"jujutsucraft:inverted_spear_of_heaven":11,"jujutsucraft:stevenson_screen_spawn_egg":64,"minecraft:stone_axe":1,"minecraft:white_concrete":1},"minecraft:killed":{"jujutsucraft:mimiko":2,"jujutsucraft:cursed_spirit_grade_32":16,"jujutsucraft:cursed_spirit_grade_21":3,"jujutsucraft:transfigured_human_3":4,"jujutsucraft:inumaki_toge":1,"jujutsucraft:cursed_spirit_grade_31":7,"jujutsucraft:cursed_spirit_grade_33":13,"jujutsucraft:stevenson_screen":84,"jujutsucraft:nanako":2,"jujutsucraft:cursed_spirit_grade_11":2,"jujutsucraft:zenin_naobito":1,"jujutsucraft:liquid_metal":1,"jujutsucraft:doll_1":21,"jujutsucraft:zenin_naoya":1,"jujutsucraft:cursed_spirit_grade_12":1,"jujutsucraft:miguel":1,"jujutsucraft:cursed_spirit_grade_24":6,"jujutsucraft:tsukumo_yuki":2,"jujutsucraft:fushiguro_megumi_shibuya":1,"jujutsucraft:cursed_spirit_grade_37":6,"jujutsucraft:cursed_spirit_grade_35":8,"jujutsucraft:rock_fragment":3,"jujutsucraft:yoshino_junpei":4,"jujutsucraft:cursed_spirit_grade_318":29,"jujutsucraft:cursed_spirit_grade_26":1,"minecraft:cod":51,"jujutsucraft:cursed_spirit_grade_316":7,"jujutsucraft:cursed_spirit_grade_22":6,"jujutsucraft:kumiya_juzo":3,"jujutsucraft:transfigured_human_2":10,"jujutsucraft:cursed_spirit_grade_01":1,"jujutsucraft:miwa_kasumi":1,"minecraft:horse":13,"jujutsucraft:cursed_spirit_grade_05":1,"jujutsucraft:cursed_spirit_grade_39":29,"jujutsucraft:shigemo_haruta":2,"jujutsucraft:cursed_spirit_grade_312":6,"jujutsucraft:cursed_spirit_grade_313":10,"jujutsucraft:cursed_spirit_grade_215":5,"jujutsucraft:larue":1,"minecraft:bee":24,"jujutsucraft:fushiguro_toji_bug":1,"jujutsucraft:cursed_spirit_grade_15":3,"minecraft:chicken":31,"jujutsucraft:kechizu":1,"jujutsucraft:cursed_spirit_grade_16":1,"jujutsucraft:cursed_spirit_grade_19":3,"jujutsucraft:divine_dog_black":1,"jujutsucraft:fushiguro_toji":1,"jujutsucraft:rabbit_escape":35,"jujutsucraft:gojo_satoru_school_days":2,"jujutsucraft:cursed_spirit_grade_23":1,"jujutsucraft:panda_normal":1,"jujutsucraft:rozetsu_shikigami":3,"jujutsucraft:cursed_spirit_grade_08":1,"jujutsucraft:cursed_spirit_grade_214":2,"jujutsucraft:zenin_ogi":2,"jujutsucraft:itadori_yuji_shibuya":2,"jujutsucraft:eso":1,"jujutsucraft:cursed_spirit_grade_317":30,"jujutsucraft:cursed_spirit_grade_38":6,"jujutsucraft:cursed_spirit_grade_34":18,"jujutsucraft:kurusu_hana":1,"jujutsucraft:transfigured_human_1":2,"jujutsucraft:higuruma_hiromi":1,"jujutsucraft:miyo_rokujushi":2,"jujutsucraft:nanami_kento":1,"jujutsucraft:nobara_kugisaki":3,"jujutsucraft:cursed_spirit_grade_27":1,"jujutsucraft:cursed_spirit_grade_210":5,"jujutsucraft:garuda":2,"minecraft:pig":37,"jujutsucraft:zenin_chojuro":2,"jujutsucraft:dagon_1":1,"jujutsucraft:kukuru":16,"jujutsucraft:ice_spear_2":5,"jujutsucraft:jujutsu_sorcerer":25,"jujutsucraft:truck":2,"jujutsucraft:nishimiya_momo":1,"minecraft:salmon":112,"jujutsucraft:cursed_spirit_grade_213":6,"jujutsucraft:awasaka_jiro":1,"minecraft:rabbit":2,"jujutsucraft:cursed_spirit_grade_09":1,"minecraft:bat":3,"jujutsucraft:choso":1,"jujutsucraft:zenin_maki":1,"jujutsucraft:bathynomus_giganteus":2,"jujutsucraft:coffin":6,"jujutsucraft:curse_user_1":10,"jujutsucraft:cursed_spirit_grade_211":4,"jujutsucraft:curse_user":11,"jujutsucraft:cursed_spirit_grade_07":2,"jujutsucraft:yaga_masamichi":4,"minecraft:squid":82,"jujutsucraft:itadori_yuji":1,"jujutsucraft:divine_dog_white":1,"jujutsucraft:cursed_spirit_grade_321":21,"minecraft:sheep":31,"jujutsucraft:panda_gorilla":2,"jujutsucraft:cursed_spirit_grade_29":1,"jujutsucraft:cursed_spirit_grade_28":2,"jujutsucraft:blue":1,"jujutsucraft:cursed_spirit_grade_314":25,"jujutsucraft:kenjaku":1,"jujutsucraft:cursed_spirit_grade_14":2,"jujutsucraft:cursed_spirit_grade_311":4,"jujutsucraft:cursed_spirit_grade_310":9,"jujutsucraft:cursed_spirit_grade_13":1,"jujutsucraft:negi_toshihisa":2,"jujutsucraft:cursed_spirit_grade_17":1,"jujutsucraft:cursed_spirit_grade_18":3,"jujutsucraft:todo_aoi":1,"jujutsucraft:cursed_spirit_grade_36":21,"jujutsucraft:uro_takako":1,"jujutsucraft:zenin_maki_culling_game":1,"jujutsucraft:cursed_spirit_grade_25":4,"jujutsucraft:hanami":1,"jujutsucraft:moon_dregs":1,"jujutsucraft:cursed_spirit_grade_110":3,"jujutsucraft:cursed_spirit_grade_315":19,"jujutsucraft:cursed_spirit_grade_212":2,"jujutsucraft:takaba_fumihiko":2,"jujutsucraft:cursed_spirit_grade_319":16,"jujutsucraft:hoshi_kirara":3,"jujutsucraft:cursed_spirit_grade_322":35,"jujutsucraft:cursed_spirit_grade_06":2,"minecraft:villager":61,"jujutsucraft:kamo_noritoshi":2,"jujutsucraft:q":5,"jujutsucraft:fushiguro_megumi":4,"minecraft:cow":16,"jujutsucraft:gravestone_3":1,"jujutsucraft:ogami":7},"minecraft:killed_by":{"jujutsucraft:cursed_spirit_grade_25":1,"jujutsucraft:cursed_spirit_grade_01":5,"jujutsucraft:cursed_spirit_grade_16":1,"jujutsucraft:cursed_spirit_grade_14":2,"jujutsucraft:cursed_spirit_grade_05":2,"jujutsucraft:tsukumo_yuki":3,"jujutsucraft:curse_user":2,"jujutsucraft:uraume":1,"jujutsucraft:zenin_naoya":1,"jujutsucraft:eight_handled_swrod_divergent_sila_divine_general_mahoraga":2,"jujutsucraft:geto_suguru_curse_user":10}},"DataVersion":3465}