{"stats":{"minecraft:killed":{"jujutsucraft:mimiko":1,"jujutsucraft:cursed_spirit_grade_32":11,"jujutsucraft:transfigured_human_3":2,"jujutsucraft:cursed_spirit_grade_31":3,"jujutsucraft:cursed_spirit_grade_33":4,"jujutsucraft:stevenson_screen":84,"jujutsucraft:cursed_spirit_grade_24":3,"jujutsucraft:cursed_spirit_grade_37":1,"jujutsucraft:cursed_spirit_grade_35":4,"jujutsucraft:rock_fragment":2,"jujutsucraft:yoshino_junpei":1,"jujutsucraft:cursed_spirit_grade_318":8,"jujutsucraft:cursed_spirit_grade_316":3,"jujutsucraft:kumiya_juzo":1,"jujutsucraft:cursed_spirit_grade_22":1,"jujutsucraft:transfigured_human_2":1,"jujutsucraft:cursed_spirit_grade_01":1,"minecraft:horse":1,"jujutsucraft:cursed_spirit_grade_39":18,"jujutsucraft:shigemo_haruta":1,"jujutsucraft:cursed_spirit_grade_312":3,"jujutsucraft:cursed_spirit_grade_313":2,"jujutsucraft:cursed_spirit_grade_215":3,"jujutsucraft:cursed_spirit_grade_15":1,"jujutsucraft:cursed_spirit_grade_19":1,"jujutsucraft:rozetsu_shikigami":1,"jujutsucraft:cursed_spirit_grade_214":1,"jujutsucraft:zenin_ogi":1,"jujutsucraft:cursed_spirit_grade_317":10,"jujutsucraft:cursed_spirit_grade_38":4,"jujutsucraft:cursed_spirit_grade_34":9,"jujutsucraft:cursed_spirit_grade_210":2,"jujutsucraft:zenin_chojuro":1,"jujutsucraft:kukuru":4,"jujutsucraft:jujutsu_sorcerer":3,"jujutsucraft:truck":1,"jujutsucraft:curse_user_1":7,"jujutsucraft:cursed_spirit_grade_211":1,"jujutsucraft:curse_user":5,"jujutsucraft:cursed_spirit_grade_321":8,"minecraft:sheep":5,"jujutsucraft:panda_gorilla":1,"jujutsucraft:cursed_spirit_grade_29":1,"jujutsucraft:cursed_spirit_grade_314":19,"jujutsucraft:cursed_spirit_grade_311":3,"jujutsucraft:cursed_spirit_grade_310":6,"jujutsucraft:negi_toshihisa":1,"jujutsucraft:cursed_spirit_grade_36":5,"jujutsucraft:cursed_spirit_grade_25":4,"jujutsucraft:cursed_spirit_grade_110":1,"jujutsucraft:cursed_spirit_grade_315":7,"jujutsucraft:cursed_spirit_grade_212":1,"jujutsucraft:cursed_spirit_grade_319":8,"jujutsucraft:hoshi_kirara":2,"jujutsucraft:cursed_spirit_grade_322":16,"minecraft:villager":1,"jujutsucraft:q":3,"minecraft:cow":1,"jujutsucraft:fushiguro_megumi":1,"jujutsucraft:ogami":4},"minecraft:dropped":{"minecraft:wheat_seeds":3,"jujutsucraft:uniform_itadori_leggings":1,"jujutsucraft:sword_shigemo":3,"jujutsucraft:sword_black":3,"jujutsucraft:split_soul_katana":1,"jujutsucraft:gavel":4,"minecraft:item_frame":1,"jujutsucraft:slaughter_demon":3,"minecraft:dirt":17,"minecraft:gray_wool":1,"minecraft:diorite":5,"minecraft:mutton":3,"minecraft:wooden_axe":1,"jujutsucraft:sunglasses_helmet":1,"jujutsucraft:mei_mei_axe":2,"jujutsucraft:fester_life_blade":2,"jujutsucraft:dragon_bone":2,"minecraft:white_wool":3,"minecraft:bone":1,"minecraft:gravel":2,"jujutsucraft:nyoi_staff":2,"jujutsucraft:hiten":1,"jujutsucraft:uniform_gojo_boots":1,"jujutsucraft:uniform_normal_leggings":1,"jujutsucraft:sword_miwa_kasumi":2,"jujutsucraft:uniform_itadori_chestplate":1,"jujutsucraft:naginata":5,"jujutsucraft:knife":2,"jujutsucraft:uniform_normal_chestplate":1,"jujutsucraft:sword_ogi":2,"minecraft:andesite":9,"minecraft:oak_sapling":5,"minecraft:ladder":1,"minecraft:wooden_shovel":1,"jujutsucraft:harisen":1,"jujutsucraft:hammer":3,"minecraft:wooden_pickaxe":1,"jujutsucraft:uniform_normal_boots":1},"minecraft:custom":{"minecraft:mob_kills":323,"minecraft:interact_with_crafting_table":5,"minecraft:open_barrel":39,"minecraft:damage_dealt_resisted":97853,"minecraft:time_since_death":12719,"minecraft:climb_one_cm":245,"minecraft:damage_resisted":25673,"minecraft:sprint_one_cm":882557,"minecraft:walk_one_cm":800815,"minecraft:drop":68,"minecraft:damage_dealt_absorbed":49888,"minecraft:play_time":94410,"minecraft:deaths":19,"minecraft:sneak_time":294,"minecraft:walk_under_water_one_cm":1310,"minecraft:jump":1472,"minecraft:walk_on_water_one_cm":15221,"minecraft:total_world_time":94410,"minecraft:interact_with_loom":1,"minecraft:time_since_rest":12743,"minecraft:damage_taken":14905,"minecraft:damage_dealt":8207,"minecraft:player_kills":4,"minecraft:swim_one_cm":1306,"minecraft:fly_one_cm":974086,"minecraft:open_chest":42,"minecraft:crouch_one_cm":1450,"minecraft:fall_one_cm":106489},"minecraft:crafted":{"minecraft:oak_planks":11,"minecraft:stone_shovel":1,"minecraft:stone_pickaxe":1,"minecraft:wooden_shovel":1,"minecraft:crafting_table":1,"minecraft:wooden_pickaxe":1,"minecraft:stone_axe":1,"minecraft:air":53,"minecraft:stick":9,"minecraft:wooden_axe":1},"minecraft:picked_up":{"minecraft:crafting_table":2,"jujutsucraft:slaughter_demon":3,"minecraft:ladder":1,"jujutsucraft:clothes_geto_boots":1,"minecraft:item_frame":1,"jujutsucraft:sword_ogi":2,"jujutsucraft:sword_black":3,"jujutsucraft:sword_shigemo":3,"jujutsucraft:item_master_simple_domain":1,"jujutsucraft:gavel":4,"minecraft:diorite":5,"jujutsucraft:clothes_geto_helmet":1,"jujutsucraft:naginata":5,"minecraft:decorated_pot":1,"jujutsucraft:hammer":3,"minecraft:mutton":3,"minecraft:white_wool":3,"minecraft:cobblestone":39,"jujutsucraft:recommendation_2":1,"jujutsucraft:uniform_gojo_boots":1,"jujutsucraft:mahoraga_wheel_helmet":1,"minecraft:andesite":9,"jujutsucraft:sukuna_finger":2,"minecraft:oak_log":11,"jujutsucraft:clothes_geto_leggings":1,"jujutsucraft:fester_life_blade":2,"jujutsucraft:clothes_geto_chestplate":1,"minecraft:dirt":17,"minecraft:bone":1,"jujutsucraft:knife":2,"minecraft:wheat_seeds":3,"jujutsucraft:split_soul_katana":1,"jujutsucraft:mei_mei_axe":2,"jujutsucraft:sword_miwa_kasumi":2,"jujutsucraft:dragon_bone":2,"jujutsucraft:nyoi_staff":2,"minecraft:gravel":2,"jujutsucraft:hiten":1,"jujutsucraft:sunglasses_helmet":1,"jujutsucraft:item_master_reverse_cursed_technique":1,"minecraft:gray_wool":1,"minecraft:white_concrete":2,"minecraft:oak_sapling":5,"minecraft:coal":20},"minecraft:used":{"jujutsucraft:clothes_geto_boots":1,"minecraft:decorated_pot":1,"minecraft:wooden_shovel":28,"jujutsucraft:sukuna_finger":2,"minecraft:wooden_axe":1,"minecraft:stone_pickaxe":77,"minecraft:wooden_pickaxe":3,"jujutsucraft:uniform_gojo_boots":1,"minecraft:crafting_table":2,"jujutsucraft:inverted_spear_of_heaven":11,"jujutsucraft:stevenson_screen_spawn_egg":64,"minecraft:stone_axe":1,"minecraft:white_concrete":1},"minecraft:killed_by":{"jujutsucraft:cursed_spirit_grade_25":1,"jujutsucraft:cursed_spirit_grade_01":5,"jujutsucraft:cursed_spirit_grade_16":1,"jujutsucraft:cursed_spirit_grade_14":2,"jujutsucraft:cursed_spirit_grade_05":2,"jujutsucraft:tsukumo_yuki":2,"jujutsucraft:curse_user":2,"jujutsucraft:zenin_naoya":1,"jujutsucraft:eight_handled_swrod_divergent_sila_divine_general_mahoraga":2},"minecraft:mined":{"minecraft:gray_stained_glass_pane":4,"minecraft:grass_block":13,"minecraft:decorated_pot":1,"minecraft:white_concrete":2,"minecraft:andesite":9,"treechop:chopped_log":2,"minecraft:stone":43,"minecraft:crafting_table":2,"minecraft:tall_grass":2,"minecraft:diorite":6,"minecraft:grass":19,"minecraft:coal_ore":20,"minecraft:dirt":16,"minecraft:gravel":1,"minecraft:oak_leaves":2}},"DataVersion":3465}