{"stats":{"minecraft:dropped":{"minecraft:porkchop":9,"jujutsucraft:costume_takaba_leggings":1,"minecraft:cooked_beef":9,"minecraft:glow_ink_sac":8,"minecraft:crafting_table":1,"minecraft:crossbow":1,"minecraft:cookie":128,"minecraft:glow_berries":6,"minecraft:rail":4,"minecraft:item_frame":1,"minecraft:dirt":54,"minecraft:grass":5,"minecraft:mutton":10,"minecraft:jungle_sapling":1,"jujutsucraft:mei_mei_axe":1,"minecraft:sand":3,"minecraft:dark_oak_planks":2,"minecraft:armor_stand":4,"jujutsucraft:nyoi_staff":1,"minecraft:gravel":6,"jujutsucraft:uniform_gojo_boots":2,"jujutsucraft:clothes_ishigori_leggings":1,"minecraft:cobbled_deepslate":1,"jujutsucraft:sword_miwa_kasumi":3,"jujutsucraft:uniform_gojo_leggings":1,"jujutsucraft:knife":1,"minecraft:salmon":7,"minecraft:leather_chestplate":1,"minecraft:leather_leggings":1,"minecraft:painting":11,"jujutsucraft:clothes_zenin_2_chestplate":2,"minecraft:oak_leaves":3,"jujutsucraft:uniform_gojo_chestplate":1,"minecraft:iron_ingot":1,"minecraft:bread":10,"minecraft:vine":38,"minecraft:wheat_seeds":1,"minecraft:mangrove_leaves":11,"minecraft:mangrove_propagule":1,"minecraft:oak_fence":1,"minecraft:feather":3,"minecraft:cobblestone":16,"minecraft:sculk_vein":4,"minecraft:apple":14,"minecraft:granite":5,"minecraft:tropical_fish":7,"minecraft:grass_block":18,"minecraft:coal":4,"minecraft:stick":2,"minecraft:sculk":5,"minecraft:torch":1,"jujutsucraft:uniform_q_chestplate":1,"minecraft:white_banner":7,"minecraft:mud":1,"minecraft:cactus":2,"jujutsucraft:fester_life_blade":1,"minecraft:lily_pad":2,"minecraft:dandelion":1,"minecraft:moss_carpet":1,"jujutsucraft:uniform_normal_leggings":2,"minecraft:cocoa_beans":3,"minecraft:tall_grass":4,"minecraft:chicken":6,"jujutsucraft:clothes_geto_chestplate":1,"minecraft:glass_pane":2,"minecraft:red_terracotta":3,"jujutsucraft:uniform_normal_chestplate":3,"minecraft:muddy_mangrove_roots":1,"minecraft:stone":3,"jujutsucraft:sword_ogi":2,"minecraft:golden_leggings":2,"minecraft:oak_sapling":4,"jujutsucraft:uniform_gojo_helmet":1,"jujutsucraft:clothes_kusakabe_chestplate":1,"minecraft:stone_pickaxe":1,"minecraft:wooden_pickaxe":1,"jujutsucraft:uniform_normal_boots":2,"jujutsucraft:g_staff":1,"minecraft:black_wool":1,"minecraft:terracotta":7},"minecraft:picked_up":{"jujutsucraft:clothes_zenin_2_chestplate":2,"jujutsucraft:uniform_normal_boots":1,"minecraft:armor_stand":4,"minecraft:cobbled_deepslate":1,"minecraft:furnace":2,"minecraft:stick":3,"minecraft:oak_fence":1,"minecraft:torch":2,"epicfight:skillbook":1,"minecraft:porkchop":9,"minecraft:vine":38,"minecraft:cactus":2,"minecraft:tropical_fish":7,"minecraft:white_terracotta":1,"minecraft:cobblestone":101,"jujutsucraft:clothes_kusakabe_chestplate":1,"minecraft:leather_chestplate":1,"minecraft:muddy_mangrove_roots":1,"minecraft:feather":3,"minecraft:golden_leggings":1,"minecraft:dirt":55,"jujutsucraft:pendant_todo_aoi":1,"minecraft:wheat_seeds":1,"minecraft:raw_gold":476,"jujutsucraft:mei_mei_axe":1,"minecraft:oak_planks":31,"jujutsucraft:nyoi_staff":2,"minecraft:sand":3,"jujutsucraft:uniform_normal_chestplate":2,"jujutsucraft:uniform_gojo_chestplate":1,"jujutsucraft:uniform_gojo_helmet":1,"minecraft:grass_block":18,"minecraft:red_terracotta":3,"minecraft:granite":5,"minecraft:crossbow":1,"jujutsucraft:uniform_q_chestplate":1,"minecraft:grass":7,"minecraft:bread":5,"minecraft:oak_sapling":4,"jujutsucraft:costume_takaba_leggings":1,"minecraft:oak_leaves":4,"minecraft:cocoa_beans":3,"minecraft:mud":1,"minecraft:crafting_table":4,"minecraft:chicken":6,"minecraft:leather_leggings":1,"minecraft:wooden_pickaxe":1,"minecraft:moss_carpet":1,"minecraft:item_frame":1,"jujutsucraft:sword_ogi":2,"minecraft:glass_pane":2,"minecraft:jungle_sapling":1,"minecraft:light_gray_wool":2,"minecraft:raw_iron":11,"minecraft:stone":3,"jujutsucraft:playful_cloud":1,"minecraft:cookie":64,"minecraft:dark_oak_planks":3,"jujutsucraft:clothes_ishigori_leggings":1,"minecraft:mutton":15,"minecraft:rail":4,"jujutsucraft:g_staff":1,"jujutsucraft:uniform_gojo_boots":2,"minecraft:glow_ink_sac":8,"minecraft:salmon":7,"minecraft:oak_log":6,"minecraft:lily_pad":2,"jujutsucraft:fester_life_blade":1,"minecraft:sculk_vein":4,"jujutsucraft:clothes_geto_chestplate":1,"minecraft:white_banner":7,"jujutsucraft:uniform_normal_leggings":1,"minecraft:iron_ingot":3,"minecraft:tall_grass":4,"jujutsucraft:sword_miwa_kasumi":2,"minecraft:sculk":5,"minecraft:dandelion":1,"minecraft:gravel":6,"jujutsucraft:uniform_gojo_leggings":1,"minecraft:blast_furnace":1,"minecraft:mangrove_leaves":11,"minecraft:painting":11,"minecraft:terracotta":7,"minecraft:black_wool":1,"minecraft:mangrove_propagule":1,"minecraft:coal":250},"minecraft:killed":{"jujutsucraft:mimiko":2,"jujutsucraft:cursed_spirit_grade_32":15,"jujutsucraft:cursed_spirit_grade_31":2,"jujutsucraft:inumaki_toge":2,"jujutsucraft:cursed_spirit_grade_33":14,"jujutsucraft:stevenson_screen":5,"jujutsucraft:cursed_spirit_grade_11":2,"jujutsucraft:zenin_naoya":1,"jujutsucraft:cursed_spirit_grade_12":3,"jujutsucraft:tiger_funeral":1,"jujutsucraft:cursed_spirit_grade_35":3,"jujutsucraft:round_deer":1,"jujutsucraft:zenin_naoya_cursed_spirit_1":1,"jujutsucraft:cursed_spirit_grade_39":65,"minecraft:bee":1,"jujutsucraft:fushiguro_toji_bug":1,"minecraft:chicken":5,"jujutsucraft:cursed_spirit_grade_15":5,"jujutsucraft:cursed_spirit_grade_19":2,"jujutsucraft:cursed_spirit_grade_16":3,"jujutsucraft:panda_normal":2,"jujutsucraft:cursed_spirit_grade_214":2,"jujutsucraft:cursed_spirit_grade_38":11,"jujutsucraft:cursed_spirit_grade_34":17,"jujutsucraft:higuruma_hiromi":1,"jujutsucraft:miyo_rokujushi":1,"minecraft:tropical_fish":5,"jujutsucraft:hazenoki":1,"jujutsucraft:zenin_naoya_cursed_spirit_2":1,"jujutsucraft:ember_insect":8,"jujutsucraft:kusakabe_yatsuya":1,"jujutsucraft:eight_handled_swrod_divergent_sila_divine_general_mahoraga":3,"minecraft:pig":4,"jujutsucraft:zenin_chojuro":1,"jujutsucraft:max_elephant":1,"jujutsucraft:truck":1,"minecraft:salmon":16,"jujutsucraft:cursed_spirit_grade_213":2,"jujutsucraft:awasaka_jiro":2,"jujutsucraft:curse_user_1":1,"jujutsucraft:cursed_spirit_grade_211":4,"jujutsucraft:cursed_spirit_grade_07":1,"jujutsucraft:itadori_yuji":1,"minecraft:sheep":3,"jujutsucraft:panda_gorilla":3,"jujutsucraft:cursed_spirit_grade_29":2,"jujutsucraft:cursed_spirit_grade_28":4,"minecraft:pillager":38,"jujutsucraft:cursed_spirit_grade_314":30,"jujutsucraft:crow":3,"jujutsucraft:cockroaches":4,"jujutsucraft:bullet_skull":1,"jujutsucraft:cursed_spirit_grade_18":3,"jujutsucraft:cursed_spirit_grade_17":1,"jujutsucraft:cursed_spirit_grade_110":2,"jujutsucraft:cursed_spirit_grade_315":13,"jujutsucraft:cursed_spirit_grade_212":2,"jujutsucraft:takaba_fumihiko":1,"jujutsucraft:cursed_spirit_grade_06":1,"minecraft:cow":1,"jujutsucraft:entity_tornado":2,"jujutsucraft:transfigured_human_3":2,"jujutsucraft:cursed_spirit_grade_21":3,"jujutsucraft:dhruv_lakdawalla":1,"jujutsucraft:daido_hagane":1,"jujutsucraft:nanako":1,"jujutsucraft:yorozu":1,"jujutsucraft:liquid_metal":2,"minecraft:allay":2,"jujutsucraft:cursed_spirit_grade_24":1,"jujutsucraft:energy_ball_white":1,"jujutsucraft:yoshino_junpei":4,"jujutsucraft:rock_fragment":5,"jujutsucraft:cursed_spirit_grade_318":8,"jujutsucraft:geto_suguru":1,"jujutsucraft:cursed_spirit_grade_316":9,"jujutsucraft:cursed_spirit_grade_26":2,"jujutsucraft:transfigured_human_2":2,"jujutsucraft:cursed_spirit_grade_03":1,"jujutsucraft:shikigami_pterosaur":1,"jujutsucraft:miwa_kasumi":1,"jujutsucraft:cursed_spirit_grade_04":1,"jujutsucraft:fox_fire":17,"jujutsucraft:shigemo_haruta":2,"jujutsucraft:cursed_spirit_grade_312":2,"jujutsucraft:cursed_spirit_grade_313":11,"jujutsucraft:kechizu":1,"jujutsucraft:rabbit_escape":37,"jujutsucraft:rozetsu_shikigami":8,"jujutsucraft:cursed_spirit_grade_08":2,"jujutsucraft:cursed_spirit_grade_23":2,"jujutsucraft:cursed_spirit_grade_317":19,"jujutsucraft:transfigured_human_1":2,"jujutsucraft:cursed_spirit_grade_27":3,"jujutsucraft:okkotsu_yuta_culling_game":2,"jujutsucraft:uraume":1,"jujutsucraft:cursed_spirit_grade_210":8,"jujutsucraft:kukuru":9,"jujutsucraft:jujutsu_sorcerer":3,"minecraft:rabbit":1,"minecraft:bat":5,"jujutsucraft:zenin_maki":2,"minecraft:frog":2,"jujutsucraft:merged_beast_agito":1,"jujutsucraft:curse_user":3,"jujutsucraft:great_serpent":1,"minecraft:squid":1,"jujutsucraft:cursed_spirit_grade_321":20,"jujutsucraft:zenin_naoya_cursed_spirit_3":1,"jujutsucraft:rozetsu":1,"jujutsucraft:entity_scissors":13,"jujutsucraft:cursed_spirit_grade_14":1,"jujutsucraft:cursed_spirit_grade_310":12,"jujutsucraft:cursed_spirit_grade_311":4,"jujutsucraft:negi_toshihisa":1,"jujutsucraft:cursed_spirit_grade_36":7,"jujutsucraft:cursed_spirit_grade_25":4,"jujutsucraft:moon_dregs":2,"jujutsucraft:cursed_spirit_grade_319":7,"jujutsucraft:cursed_spirit_grade_322":10,"jujutsucraft:geto_suguru_curse_user":1,"minecraft:villager":6,"jujutsucraft:kamo_noritoshi":2,"jujutsucraft:q":5,"jujutsucraft:ogami":2},"minecraft:killed_by":{"jujutsucraft:nue":2,"jujutsucraft:cursed_spirit_grade_04":1,"jujutsucraft:higuruma_hiromi":3,"jujutsucraft:panda_gorilla":1,"jujutsucraft:yorozu":1,"jujutsucraft:eight_handled_swrod_divergent_sila_divine_general_mahoraga":9,"jujutsucraft:cursed_spirit_grade_15":1,"minecraft:player":10,"jujutsucraft:kashimo_hajime":1,"jujutsucraft:fushiguro_toji_bug":1,"jujutsucraft:curse_user":1,"jujutsucraft:sukuna_fushiguro":2,"jujutsucraft:okkotsu_yuta_culling_game":1,"jujutsucraft:jogo":3,"jujutsucraft:moon_dregs":1,"jujutsucraft:takaba_fumihiko":1,"jujutsucraft:geto_suguru_curse_user":1},"minecraft:broken":{"minecraft:golden_helmet":1,"minecraft:golden_boots":1,"minecraft:iron_boots":1,"minecraft:iron_chestplate":1,"minecraft:iron_leggings":1,"minecraft:golden_leggings":1,"minecraft:iron_pickaxe":1,"minecraft:iron_helmet":1},"minecraft:custom":{"minecraft:interact_with_crafting_table":6,"minecraft:leave_game":1,"minecraft:time_since_death":16053,"minecraft:damage_resisted":76434,"minecraft:sprint_one_cm":1197571,"minecraft:drop":171,"minecraft:talked_to_villager":5,"minecraft:play_time":302377,"minecraft:deaths":41,"minecraft:jump":3836,"minecraft:walk_on_water_one_cm":47988,"minecraft:interact_with_furnace":15,"minecraft:traded_with_villager":4,"minecraft:damage_dealt":4140,"minecraft:player_kills":15,"minecraft:crouch_one_cm":598,"minecraft:mob_kills":675,"minecraft:damage_dealt_resisted":635049,"minecraft:climb_one_cm":7684,"minecraft:walk_one_cm":1984613,"minecraft:damage_dealt_absorbed":39680,"minecraft:sneak_time":373,"minecraft:walk_under_water_one_cm":10836,"minecraft:interact_with_blast_furnace":12,"minecraft:total_world_time":302377,"minecraft:time_since_rest":16070,"minecraft:damage_taken":28124,"minecraft:swim_one_cm":3834,"minecraft:fly_one_cm":1985680,"minecraft:open_chest":14,"minecraft:fall_one_cm":236607},"minecraft:crafted":{"minecraft:oak_planks":6,"jujutsucraft:stevenson_screen_spawn_egg":4,"minecraft:crafting_table":2,"minecraft:stick":8,"minecraft:iron_pickaxe":1,"minecraft:gold_ingot":125,"minecraft:furnace":2,"minecraft:stone_pickaxe":1,"minecraft:stone_axe":1,"minecraft:air":30},"minecraft:mined":{"minecraft:dark_oak_planks":1,"minecraft:granite":2,"minecraft:grass_block":1,"minecraft:iron_ore":11,"minecraft:blast_furnace":1,"minecraft:dead_bush":3,"minecraft:cobblestone":3,"minecraft:grass":3,"minecraft:oak_log":1,"minecraft:deepslate":1,"minecraft:redstone_ore":1,"minecraft:furnace":2,"treechop:chopped_log":1,"minecraft:stone":50,"minecraft:oak_fence":1,"minecraft:crafting_table":3,"minecraft:red_terracotta":2,"minecraft:coal_ore":28,"minecraft:gold_ore":154},"minecraft:used":{"jujutsucraft:uniform_q_chestplate":1,"jujutsucraft:uniform_gojo_leggings":1,"minecraft:furnace":4,"minecraft:golden_boots":1,"epicfight:skillbook":1,"minecraft:stone_pickaxe":3,"minecraft:wooden_pickaxe":4,"minecraft:blast_furnace":2,"jujutsucraft:stevenson_screen_spawn_egg":4,"minecraft:golden_helmet":1,"jujutsucraft:uniform_gojo_chestplate":2,"jujutsucraft:sword_ogi":54,"jujutsucraft:uniform_gojo_helmet":1,"jujutsucraft:nyoi_staff":10,"jujutsucraft:uniform_gojo_boots":1,"minecraft:crafting_table":4,"minecraft:iron_pickaxe":249,"minecraft:golden_leggings":1,"minecraft:stone_axe":9,"minecraft:cobblestone":3}},"DataVersion":3465}