{"stats":{"minecraft:crafted":{"minecraft:oak_planks":44,"minecraft:cooked_porkchop":6,"minecraft:crafting_table":1,"minecraft:stick":12,"minecraft:iron_ingot":17,"minecraft:wooden_pickaxe":1,"minecraft:iron_pickaxe":2,"minecraft:stone_pickaxe":1,"minecraft:wooden_axe":1,"minecraft:furnace":2,"minecraft:stone_axe":1,"minecraft:air":0},"minecraft:used":{"minecraft:wooden_axe":7,"minecraft:stone_pickaxe":130,"minecraft:iron_pickaxe":235,"minecraft:wooden_pickaxe":3,"minecraft:stone_axe":28,"minecraft:cobblestone":15,"minecraft:crafting_table":4,"minecraft:cooked_porkchop":2,"minecraft:furnace":3},"minecraft:dropped":{"minecraft:andesite":10,"minecraft:wooden_axe":1,"minecraft:birch_sapling":1,"minecraft:oak_sapling":3,"minecraft:wooden_pickaxe":1,"sophisticatedbackpacks:jukebox_upgrade":1,"minecraft:rail":1},"minecraft:picked_up":{"minecraft:crafting_table":3,"minecraft:raw_iron":48,"minecraft:andesite":10,"minecraft:leather":6,"minecraft:porkchop":6,"minecraft:oak_log":11,"minecraft:arrow":1,"minecraft:leather_boots":1,"minecraft:bone":2,"minecraft:wheat_seeds":1,"minecraft:beef":5,"sophisticatedbackpacks:copper_backpack":1,"minecraft:light_gray_wool":1,"minecraft:oak_sapling":3,"minecraft:black_wool":1,"minecraft:mutton":6,"minecraft:birch_sapling":1,"minecraft:coal":176,"minecraft:rail":1,"minecraft:white_wool":2,"minecraft:cobblestone":155,"minecraft:furnace":1},"minecraft:killed":{"minecraft:skeleton":1,"minecraft:sheep":4,"minecraft:pig":4,"minecraft:cow":4},"minecraft:broken":{"minecraft:stone_pickaxe":1},"minecraft:killed_by":{"minecraft:player":1,"minecraft:skeleton":3,"minecraft:zombie":1},"minecraft:custom":{"minecraft:time_since_rest":17900,"minecraft:interact_with_furnace":13,"minecraft:sprint_one_cm":55258,"minecraft:damage_taken":1565,"minecraft:walk_one_cm":108168,"minecraft:mob_kills":13,"minecraft:drop":8,"minecraft:damage_dealt":1641,"minecraft:swim_one_cm":411,"minecraft:damage_dealt_absorbed":80,"minecraft:interact_with_crafting_table":9,"minecraft:fly_one_cm":105706,"minecraft:play_time":28622,"minecraft:deaths":5,"minecraft:sneak_time":32,"minecraft:walk_under_water_one_cm":273,"minecraft:damage_dealt_resisted":275,"minecraft:jump":395,"minecraft:leave_game":1,"minecraft:walk_on_water_one_cm":802,"minecraft:time_since_death":17877,"minecraft:total_world_time":28622,"minecraft:fall_one_cm":10386},"minecraft:mined":{"minecraft:furnace":1,"minecraft:iron_ore":48,"minecraft:andesite":10,"treechop:chopped_log":2,"minecraft:crafting_table":3,"minecraft:grass":1,"minecraft:coal_ore":153,"minecraft:stone":155}},"DataVersion":3465}