{"stats":{"minecraft:dropped":{"minecraft:bread":10,"minecraft:iron_ingot":1,"minecraft:vine":31,"minecraft:porkchop":9,"minecraft:wheat_seeds":1,"minecraft:mangrove_leaves":11,"minecraft:cooked_beef":9,"minecraft:glow_ink_sac":8,"minecraft:crafting_table":1,"minecraft:mangrove_propagule":1,"minecraft:crossbow":1,"minecraft:oak_fence":1,"minecraft:cookie":128,"minecraft:feather":3,"minecraft:cobblestone":6,"minecraft:glow_berries":6,"minecraft:sculk_vein":4,"minecraft:apple":14,"minecraft:granite":1,"minecraft:tropical_fish":7,"minecraft:grass_block":9,"minecraft:coal":4,"minecraft:item_frame":1,"minecraft:stick":2,"minecraft:dirt":13,"minecraft:grass":5,"minecraft:sculk":5,"minecraft:torch":1,"jujutsucraft:uniform_q_chestplate":1,"minecraft:mutton":10,"jujutsucraft:mei_mei_axe":1,"minecraft:white_banner":7,"minecraft:sand":2,"minecraft:mud":1,"minecraft:cactus":2,"minecraft:dark_oak_planks":2,"jujutsucraft:fester_life_blade":1,"minecraft:lily_pad":2,"minecraft:dandelion":1,"minecraft:armor_stand":4,"minecraft:gravel":3,"jujutsucraft:nyoi_staff":1,"jujutsucraft:uniform_gojo_boots":1,"minecraft:moss_carpet":1,"jujutsucraft:uniform_normal_leggings":2,"jujutsucraft:sword_miwa_kasumi":3,"minecraft:cobbled_deepslate":1,"jujutsucraft:uniform_gojo_leggings":1,"minecraft:chicken":6,"minecraft:tall_grass":4,"jujutsucraft:knife":1,"minecraft:salmon":2,"minecraft:glass_pane":2,"jujutsucraft:uniform_normal_chestplate":1,"minecraft:muddy_mangrove_roots":1,"minecraft:leather_chestplate":1,"jujutsucraft:sword_ogi":2,"minecraft:golden_leggings":2,"minecraft:oak_sapling":4,"minecraft:leather_leggings":1,"minecraft:painting":11,"jujutsucraft:clothes_kusakabe_chestplate":1,"jujutsucraft:uniform_gojo_helmet":1,"minecraft:wooden_pickaxe":1,"jujutsucraft:uniform_normal_boots":2,"minecraft:oak_leaves":3,"jujutsucraft:g_staff":1,"minecraft:black_wool":1,"jujutsucraft:uniform_gojo_chestplate":1,"minecraft:terracotta":3},"minecraft:picked_up":{"jujutsucraft:clothes_zenin_2_chestplate":1,"minecraft:mud":1,"minecraft:crafting_table":4,"minecraft:chicken":6,"minecraft:leather_leggings":1,"jujutsucraft:uniform_normal_boots":1,"minecraft:wooden_pickaxe":1,"minecraft:moss_carpet":1,"minecraft:armor_stand":4,"minecraft:item_frame":1,"jujutsucraft:sword_ogi":2,"minecraft:glass_pane":2,"minecraft:cobbled_deepslate":1,"minecraft:jungle_sapling":1,"minecraft:light_gray_wool":2,"minecraft:furnace":2,"minecraft:stick":2,"jujutsucraft:playful_cloud":1,"minecraft:oak_fence":1,"minecraft:torch":2,"epicfight:skillbook":1,"minecraft:porkchop":9,"minecraft:cookie":64,"minecraft:vine":31,"minecraft:dark_oak_planks":3,"minecraft:cactus":2,"minecraft:tropical_fish":7,"minecraft:mutton":15,"minecraft:cobblestone":31,"jujutsucraft:clothes_kusakabe_chestplate":1,"jujutsucraft:uniform_gojo_boots":1,"minecraft:muddy_mangrove_roots":1,"minecraft:leather_chestplate":1,"minecraft:feather":3,"minecraft:glow_ink_sac":8,"jujutsucraft:g_staff":1,"minecraft:salmon":7,"minecraft:golden_leggings":1,"minecraft:lily_pad":2,"minecraft:oak_log":6,"jujutsucraft:fester_life_blade":1,"jujutsucraft:clothes_geto_chestplate":1,"minecraft:sculk_vein":4,"minecraft:dirt":51,"minecraft:white_banner":7,"jujutsucraft:uniform_normal_leggings":1,"minecraft:wheat_seeds":1,"minecraft:raw_gold":38,"jujutsucraft:mei_mei_axe":1,"minecraft:iron_ingot":3,"minecraft:tall_grass":4,"jujutsucraft:sword_miwa_kasumi":2,"minecraft:oak_planks":31,"jujutsucraft:nyoi_staff":2,"minecraft:sculk":5,"minecraft:dandelion":1,"minecraft:gravel":5,"jujutsucraft:uniform_gojo_leggings":1,"minecraft:sand":3,"minecraft:blast_furnace":1,"jujutsucraft:uniform_gojo_chestplate":1,"jujutsucraft:uniform_gojo_helmet":1,"minecraft:grass_block":17,"minecraft:mangrove_leaves":11,"minecraft:painting":11,"jujutsucraft:uniform_q_chestplate":1,"minecraft:crossbow":1,"minecraft:granite":1,"minecraft:grass":7,"minecraft:bread":5,"jujutsucraft:costume_takaba_leggings":1,"minecraft:terracotta":3,"minecraft:black_wool":1,"minecraft:coal":13,"minecraft:oak_sapling":4,"minecraft:mangrove_propagule":1,"minecraft:oak_leaves":4,"minecraft:cocoa_beans":3},"minecraft:killed":{"jujutsucraft:mimiko":2,"jujutsucraft:cursed_spirit_grade_32":15,"jujutsucraft:dhruv_lakdawalla":1,"jujutsucraft:transfigured_human_3":2,"jujutsucraft:cursed_spirit_grade_21":2,"jujutsucraft:inumaki_toge":2,"jujutsucraft:cursed_spirit_grade_31":2,"jujutsucraft:cursed_spirit_grade_33":14,"jujutsucraft:stevenson_screen":5,"jujutsucraft:nanako":1,"jujutsucraft:cursed_spirit_grade_11":1,"jujutsucraft:liquid_metal":1,"jujutsucraft:cursed_spirit_grade_24":1,"minecraft:allay":2,"jujutsucraft:cursed_spirit_grade_12":2,"jujutsucraft:tiger_funeral":1,"jujutsucraft:cursed_spirit_grade_35":2,"jujutsucraft:round_deer":1,"jujutsucraft:yoshino_junpei":4,"jujutsucraft:cursed_spirit_grade_318":8,"jujutsucraft:cursed_spirit_grade_316":9,"jujutsucraft:cursed_spirit_grade_26":1,"jujutsucraft:transfigured_human_2":1,"jujutsucraft:cursed_spirit_grade_03":1,"jujutsucraft:shikigami_pterosaur":1,"jujutsucraft:miwa_kasumi":1,"jujutsucraft:cursed_spirit_grade_04":1,"jujutsucraft:cursed_spirit_grade_39":52,"jujutsucraft:fox_fire":17,"jujutsucraft:shigemo_haruta":2,"jujutsucraft:cursed_spirit_grade_312":2,"jujutsucraft:cursed_spirit_grade_313":9,"minecraft:bee":1,"jujutsucraft:fushiguro_toji_bug":1,"jujutsucraft:cursed_spirit_grade_15":3,"minecraft:chicken":5,"jujutsucraft:kechizu":1,"jujutsucraft:cursed_spirit_grade_16":1,"jujutsucraft:rabbit_escape":37,"jujutsucraft:panda_normal":1,"jujutsucraft:rozetsu_shikigami":8,"jujutsucraft:cursed_spirit_grade_23":1,"jujutsucraft:cursed_spirit_grade_214":2,"jujutsucraft:cursed_spirit_grade_317":9,"jujutsucraft:cursed_spirit_grade_38":10,"jujutsucraft:cursed_spirit_grade_34":13,"jujutsucraft:transfigured_human_1":2,"jujutsucraft:higuruma_hiromi":1,"jujutsucraft:miyo_rokujushi":1,"minecraft:tropical_fish":5,"jujutsucraft:cursed_spirit_grade_27":3,"jujutsucraft:cursed_spirit_grade_210":4,"jujutsucraft:okkotsu_yuta_culling_game":1,"jujutsucraft:kusakabe_yatsuya":1,"jujutsucraft:eight_handled_swrod_divergent_sila_divine_general_mahoraga":3,"jujutsucraft:uraume":1,"minecraft:pig":4,"jujutsucraft:zenin_chojuro":1,"jujutsucraft:kukuru":9,"jujutsucraft:jujutsu_sorcerer":1,"jujutsucraft:truck":1,"minecraft:salmon":16,"jujutsucraft:cursed_spirit_grade_213":2,"jujutsucraft:awasaka_jiro":2,"minecraft:rabbit":1,"minecraft:bat":4,"jujutsucraft:zenin_maki":1,"minecraft:frog":2,"jujutsucraft:curse_user_1":1,"jujutsucraft:cursed_spirit_grade_211":3,"jujutsucraft:curse_user":3,"jujutsucraft:great_serpent":1,"jujutsucraft:itadori_yuji":1,"minecraft:squid":1,"jujutsucraft:cursed_spirit_grade_321":20,"minecraft:sheep":3,"jujutsucraft:panda_gorilla":2,"jujutsucraft:cursed_spirit_grade_29":2,"jujutsucraft:cursed_spirit_grade_28":4,"minecraft:pillager":38,"jujutsucraft:rozetsu":1,"jujutsucraft:cursed_spirit_grade_314":29,"jujutsucraft:cursed_spirit_grade_14":1,"jujutsucraft:crow":3,"jujutsucraft:cockroaches":4,"jujutsucraft:cursed_spirit_grade_311":4,"jujutsucraft:cursed_spirit_grade_310":10,"jujutsucraft:cursed_spirit_grade_17":1,"jujutsucraft:cursed_spirit_grade_18":1,"jujutsucraft:cursed_spirit_grade_36":7,"jujutsucraft:cursed_spirit_grade_25":4,"jujutsucraft:moon_dregs":2,"jujutsucraft:cursed_spirit_grade_110":2,"jujutsucraft:geto_suguru_curse_user":1,"jujutsucraft:cursed_spirit_grade_315":11,"jujutsucraft:cursed_spirit_grade_212":2,"jujutsucraft:cursed_spirit_grade_319":7,"jujutsucraft:cursed_spirit_grade_322":10,"jujutsucraft:takaba_fumihiko":1,"minecraft:villager":6,"jujutsucraft:kamo_noritoshi":1,"jujutsucraft:q":4,"minecraft:cow":1,"jujutsucraft:entity_tornado":2,"jujutsucraft:ogami":2},"minecraft:killed_by":{"jujutsucraft:cursed_spirit_grade_15":1,"minecraft:player":10,"jujutsucraft:nue":2,"jujutsucraft:fushiguro_toji_bug":1,"jujutsucraft:cursed_spirit_grade_04":1,"jujutsucraft:curse_user":1,"jujutsucraft:sukuna_fushiguro":2,"jujutsucraft:higuruma_hiromi":3,"jujutsucraft:moon_dregs":1,"jujutsucraft:panda_gorilla":1,"jujutsucraft:yorozu":1,"jujutsucraft:takaba_fumihiko":1,"jujutsucraft:eight_handled_swrod_divergent_sila_divine_general_mahoraga":9,"jujutsucraft:geto_suguru_curse_user":1},"minecraft:broken":{"minecraft:golden_helmet":1,"minecraft:golden_boots":1,"minecraft:iron_boots":1,"minecraft:iron_chestplate":1,"minecraft:iron_leggings":1,"minecraft:golden_leggings":1,"minecraft:iron_helmet":1},"minecraft:custom":{"minecraft:mob_kills":566,"minecraft:interact_with_crafting_table":6,"minecraft:damage_dealt_resisted":452305,"minecraft:leave_game":1,"minecraft:time_since_death":2320,"minecraft:climb_one_cm":7652,"minecraft:damage_resisted":39696,"minecraft:sprint_one_cm":971219,"minecraft:walk_one_cm":1531403,"minecraft:drop":138,"minecraft:damage_dealt_absorbed":8686,"minecraft:talked_to_villager":5,"minecraft:play_time":236377,"minecraft:sneak_time":364,"minecraft:deaths":36,"minecraft:walk_under_water_one_cm":8173,"minecraft:jump":3161,"minecraft:walk_on_water_one_cm":33647,"minecraft:total_world_time":236377,"minecraft:interact_with_furnace":12,"minecraft:traded_with_villager":4,"minecraft:time_since_rest":2346,"minecraft:damage_taken":19207,"minecraft:damage_dealt":3062,"minecraft:player_kills":13,"minecraft:swim_one_cm":3777,"minecraft:fly_one_cm":1575713,"minecraft:open_chest":14,"minecraft:crouch_one_cm":598,"minecraft:fall_one_cm":186958},"minecraft:crafted":{"minecraft:oak_planks":6,"minecraft:furnace":2,"minecraft:stone_pickaxe":1,"jujutsucraft:stevenson_screen_spawn_egg":4,"minecraft:crafting_table":2,"minecraft:stone_axe":1,"minecraft:air":30,"minecraft:stick":8,"minecraft:iron_pickaxe":1,"minecraft:gold_ingot":40},"minecraft:mined":{"minecraft:dark_oak_planks":1,"minecraft:granite":1,"minecraft:grass_block":1,"minecraft:furnace":2,"treechop:chopped_log":1,"minecraft:stone":25,"minecraft:oak_fence":1,"minecraft:crafting_table":3,"minecraft:blast_furnace":1,"minecraft:dead_bush":3,"minecraft:cobblestone":3,"minecraft:grass":3,"minecraft:coal_ore":9,"minecraft:oak_log":1,"minecraft:gold_ore":32,"minecraft:deepslate":1},"minecraft:used":{"jujutsucraft:uniform_gojo_chestplate":2,"jujutsucraft:sword_ogi":54,"jujutsucraft:uniform_gojo_helmet":1,"jujutsucraft:uniform_q_chestplate":1,"jujutsucraft:uniform_gojo_leggings":1,"minecraft:furnace":3,"minecraft:golden_boots":1,"epicfight:skillbook":1,"minecraft:stone_pickaxe":3,"minecraft:wooden_pickaxe":4,"jujutsucraft:nyoi_staff":10,"jujutsucraft:uniform_gojo_boots":1,"minecraft:crafting_table":4,"jujutsucraft:stevenson_screen_spawn_egg":4,"minecraft:iron_pickaxe":68,"minecraft:golden_helmet":1,"minecraft:golden_leggings":1,"minecraft:stone_axe":9,"minecraft:cobblestone":3}},"DataVersion":3465}