{"stats":{"minecraft:used":{"minecraft:iron_sword":13,"minecraft:torch":22,"minecraft:dirt":8,"sophisticatedbackpacks:netherite_backpack":1,"sophisticatedbackpacks:diamond_backpack":1,"wom:agony":510,"minecraft:iron_axe":39,"minecraft:written_book":1,"minecraft:furnace":1,"minecraft:cooked_beef":11,"sophisticatedbackpacks:gold_backpack":1,"minecraft:cooked_mutton":3,"epicfight:skillbook":2,"minecraft:water_bucket":1,"minecraft:leather_boots":1,"minecraft:crafting_table":5,"minecraft:mushroom_stew":1,"minecraft:blast_furnace":1,"minecraft:apple":6,"minecraft:diamond_shovel":6,"minecraft:bread":3,"minecraft:iron_pickaxe":178,"minecraft:cooked_porkchop":7,"minecraft:bucket":2,"minecraft:experience_bottle":1,"minecraft:chainmail_leggings":1},"minecraft:picked_up":{"minecraft:crafting_table":6,"born_in_chaos_v1:serpumpkinhead_m":1,"minecraft:smithing_table":1,"paraglider:goddess_statue":1,"minecraft:string":17,"minecraft:iron_axe":1,"minecraft:experience_bottle":1,"minecraft:cobbled_deepslate":1,"minecraft:bucket":1,"minecraft:beef":6,"minecraft:iron_pickaxe":1,"minecraft:coal_block":19,"minecraft:furnace":2,"minecraft:raw_iron":23,"minecraft:torch":6,"minecraft:porkchop":7,"minecraft:diorite":3,"minecraft:golden_chestplate":1,"minecraft:arrow":2,"minecraft:rotten_flesh":13,"minecraft:gold_ingot":2,"minecraft:mutton":2,"minecraft:iron_bars":6,"minecraft:cobblestone":13,"born_in_chaos_v1:corpse_maggot":1,"epicfight:stone_spear":2,"minecraft:leather":4,"minecraft:oak_log":7,"minecraft:dirt":1,"minecraft:lantern":2,"minecraft:leather_boots":1,"minecraft:cooked_mutton":1,"minecraft:bone":9,"minecraft:apple":7,"minecraft:stonecutter":1,"minecraft:bow":2,"minecraft:raw_gold":7,"minecraft:iron_sword":2,"minecraft:oak_planks":21,"sophisticatedbackpacks:diamond_backpack":1,"minecraft:cooked_porkchop":4,"minecraft:blast_furnace":2,"minecraft:spider_eye":2,"butcher:sulfur":8,"minecraft:spruce_fence_gate":1,"minecraft:diamond":31,"butcher:butchersguidebook":1,"minecraft:chainmail_leggings":1,"minecraft:emerald":1,"minecraft:bread":7,"minecraft:oak_sapling":1,"minecraft:coal":160},"minecraft:killed_by":{"born_in_chaos_v1:decaying_zombie_not_despawn":1,"minecraft:player":4,"minecraft:spider":1,"jojowos:jean_pierre_polnareff":1,"born_in_chaos_v1:pumpkin_spirit":1,"jojohe:hooded_vampire_4":1,"born_in_chaos_v1:barrel_zombie":1,"jojowos:old_joseph_joestar":1,"minecraft:skeleton":4,"minecraft:zombie":2,"born_in_chaos_v1:door_knight_not_despawn":1},"minecraft:killed":{"born_in_chaos_v1:mr_pumpkin":12,"born_in_chaos_v1:restless_spirit":1,"born_in_chaos_v1:door_knight_not_despawn":1,"born_in_chaos_v1:sir_the_headless":1,"born_in_chaos_v1:pumpkin_spirit":1,"minecraft:spider":10,"born_in_chaos_v1:thornshell_crab":1,"born_in_chaos_v1:maggot":7,"born_in_chaos_v1:pumpkinhead":1,"minecraft:horse":1,"minecraft:skeleton":14,"minecraft:chicken":1,"born_in_chaos_v1:barrel_zombie":1,"minecraft:pig":3,"jojohe:will_a_zeppeli":1,"minecraft:creeper":3,"born_in_chaos_v1:decrepit_skeleton":2,"minecraft:sheep":1,"born_in_chaos_v1:bloody_gadfly":2,"minecraft:zombie":13,"born_in_chaos_v1:dread_hound":1,"jojohe:hooded_vampire_2":1,"minecraft:cow":13},"minecraft:crafted":{"minecraft:oak_planks":56,"minecraft:coal":171,"minecraft:cooked_mutton":2,"sophisticatedbackpacks:smelting_upgrade":1,"minecraft:hopper":3,"minecraft:diamond_helmet":1,"minecraft:diamond_leggings":1,"minecraft:iron_axe":1,"minecraft:chest":4,"sophisticatedbackpacks:iron_backpack":1,"minecraft:cooked_beef":6,"sophisticatedbackpacks:backpack":1,"minecraft:cooked_porkchop":3,"minecraft:crafting_table":2,"sophisticatedbackpacks:gold_backpack":1,"minecraft:air":0,"sophisticatedbackpacks:diamond_backpack":1,"minecraft:stick":8,"sophisticatedbackpacks:auto_smelting_upgrade":1,"minecraft:iron_pickaxe":1,"minecraft:gold_ingot":7,"minecraft:torch":16,"minecraft:diamond_chestplate":1},"minecraft:broken":{"minecraft:leather_boots":1},"minecraft:mined":{"minecraft:diamond_ore":23,"minecraft:deepslate_diamond_ore":8,"jojohe:dark_oak_panel":1,"minecraft:grass_block":2,"minecraft:coal_block":22,"minecraft:packed_mud":4,"minecraft:furnace":2,"minecraft:iron_ore":21,"minecraft:black_concrete":1,"treechop:chopped_log":1,"minecraft:deepslate_iron_ore":6,"minecraft:iron_bars":6,"minecraft:stone":14,"minecraft:smithing_table":1,"jojohe:magenta_wallpaper":1,"minecraft:smoker":1,"minecraft:polished_granite":1,"minecraft:crafting_table":6,"minecraft:blast_furnace":2,"minecraft:tall_grass":3,"minecraft:cobblestone":3,"minecraft:deepslate_gold_ore":2,"minecraft:diorite":3,"minecraft:wall_torch":6,"jojohe:limestone":2,"sophisticatedbackpacks:diamond_backpack":1,"minecraft:tinted_glass":1,"paraglider:horned_statue":1,"butcher:sulfurore":3,"minecraft:grass":11,"minecraft:oak_log":7,"minecraft:coal_ore":36,"minecraft:acacia_fence":1,"minecraft:dripstone_block":3,"minecraft:dirt":4,"minecraft:cobweb":1,"minecraft:stonecutter":1,"minecraft:spruce_fence_gate":1,"born_in_chaos_v1:infernal_evil_pumpkin_s":1,"minecraft:gold_ore":3,"minecraft:oak_leaves":5,"minecraft:deepslate":1,"paraglider:goddess_statue":1},"minecraft:dropped":{"minecraft:iron_sword":1,"minecraft:wheat_seeds":14,"minecraft:dripstone_block":3,"minecraft:feather":2,"minecraft:cobblestone":14,"minecraft:lantern":2,"epicfight:stone_spear":2,"minecraft:polished_andesite":1,"minecraft:spruce_fence_gate":1,"minecraft:packed_mud":4,"minecraft:dirt":17,"born_in_chaos_v1:river_mint":1,"minecraft:diorite":3,"jojohe:limestone":2,"minecraft:iron_leggings":1,"minecraft:black_concrete":8,"minecraft:chainmail_leggings":1,"minecraft:string":2,"minecraft:bone":9,"minecraft:stone_sword":1,"minecraft:tinted_glass":2,"minecraft:wheat":8,"born_in_chaos_v1:rotten_fish":1,"minecraft:rotten_flesh":20,"minecraft:oak_planks":1,"minecraft:azure_bluet":1,"sophisticatedbackpacks:diamond_backpack":1,"butcher:butchersguidebook":1,"minecraft:gunpowder":2,"born_in_chaos_v1:corpse_maggot":3,"minecraft:oak_sapling":5,"minecraft:spider_eye":4,"jojohe:magenta_wallpaper":2,"minecraft:bow":2,"minecraft:iron_bars":4,"minecraft:arrow":2,"minecraft:acacia_fence":1,"minecraft:polished_granite":3,"jojohe:dark_oak_panel":2},"minecraft:custom":{"minecraft:mob_kills":94,"minecraft:interact_with_crafting_table":21,"minecraft:open_barrel":9,"minecraft:damage_dealt_resisted":1605,"minecraft:eat_cake_slice":1,"minecraft:leave_game":4,"minecraft:time_since_death":10708,"minecraft:climb_one_cm":22156,"minecraft:damage_resisted":132,"minecraft:sprint_one_cm":394924,"minecraft:walk_one_cm":623421,"minecraft:drop":52,"minecraft:talked_to_villager":1,"minecraft:play_time":166347,"minecraft:deaths":21,"minecraft:sneak_time":234,"minecraft:walk_under_water_one_cm":5700,"minecraft:interact_with_lectern":2,"minecraft:jump":2196,"minecraft:interact_with_blast_furnace":3,"minecraft:walk_on_water_one_cm":11134,"minecraft:total_world_time":166347,"minecraft:interact_with_furnace":9,"minecraft:time_since_rest":10730,"minecraft:damage_taken":7792,"minecraft:damage_dealt":19996,"minecraft:swim_one_cm":30189,"minecraft:fly_one_cm":684673,"minecraft:player_kills":6,"minecraft:open_chest":48,"minecraft:crouch_one_cm":707,"minecraft:fall_one_cm":73464}},"DataVersion":3465}