{"stats":{"minecraft:mined":{"minecraft:farmland":3,"minecraft:obsidian":4,"minecraft:spruce_trapdoor":8,"minecraft:granite":426,"minecraft:grass_block":61,"minecraft:deepslate_bricks":3,"minecraft:coal_block":19,"minecraft:hopper":1,"minecraft:orange_concrete":2,"minecraft:smooth_stone":1,"minecraft:tall_seagrass":2,"minecraft:iron_ore":104,"minecraft:cobbled_deepslate":28,"minecraft:barrel":4,"minecraft:moss_carpet":1,"diagonalfences:minecraft/dark_oak_fence":4,"minecraft:spruce_slab":1,"minecraft:kelp_plant":12,"minecraft:smoker":2,"minecraft:orange_terracotta":23,"minecraft:light_gray_terracotta":47,"minecraft:blast_furnace":2,"minecraft:poppy":1,"minecraft:melon":9,"minecraft:chest":3,"minecraft:glass":16,"minecraft:slime_block":2,"minecraft:sugar_cane":21,"minecraft:pink_petals":3,"minecraft:seagrass":4,"minecraft:white_terracotta":193,"minecraft:stone_stairs":3,"minecraft:blue_terracotta":3,"minecraft:powered_rail":2,"minecraft:lime_concrete":2,"minecraft:tnt":2,"minecraft:stone_brick_stairs":6,"minecraft:smooth_stone_slab":9,"minecraft:grass":63,"minecraft:oak_log":1,"minecraft:sand":140,"minecraft:dirt":96,"minecraft:piston":3,"minecraft:oak_leaves":3,"minecraft:deepslate":15,"create:zinc_ore":2,"minecraft:diamond_ore":6,"minecraft:deepslate_diamond_ore":5,"minecraft:orange_concrete_powder":4,"minecraft:dark_oak_log":1,"minecraft:allium":1,"minecraft:redstone_wire":1,"minecraft:kelp":3,"minecraft:hay_block":3,"farmersdelight:wild_onions":2,"minecraft:furnace":11,"minecraft:carrots":11,"minecraft:andesite":10,"minecraft:stripped_spruce_log":29,"treechop:chopped_log":72,"minecraft:bookshelf":56,"minecraft:potatoes":7,"minecraft:deepslate_iron_ore":30,"minecraft:rail":3,"minecraft:lantern":11,"minecraft:stripped_oak_log":1,"minecraft:bamboo":2,"minecraft:stone":3136,"minecraft:smithing_table":1,"minecraft:redstone_block":2,"minecraft:potted_lily_of_the_valley":4,"minecraft:observer":6,"minecraft:crafting_table":10,"minecraft:spruce_button":1,"minecraft:lime_concrete_powder":4,"minecraft:rose_bush":1,"minecraft:campfire":1,"minecraft:tall_grass":14,"minecraft:copper_ore":40,"minecraft:diorite":89,"minecraft:spruce_stairs":15,"minecraft:cactus":9,"minecraft:spruce_log":12,"minecraft:coal_ore":213,"minecraft:gravel":115,"minecraft:terracotta":65,"minecraft:polished_andesite":13,"minecraft:stone_bricks":27},"minecraft:crafted":{"minecraft:grindstone":1,"minecraft:smooth_stone":61,"minecraft:oak_planks":1520,"minecraft:barrel":71,"minecraft:stone":1582,"minecraft:bookshelf":49,"minecraft:cooked_mutton":11,"minecraft:glass":64,"minecraft:hopper":8,"minecraft:bow":1,"minecraft:iron_boots":1,"minecraft:melon_seeds":1,"minecraft:stone_pressure_plate":5,"minecraft:chest":139,"minecraft:rail":64,"minecraft:magenta_dye":1,"minecraft:stone_bricks":64,"minecraft:oak_slab":132,"minecraft:cooked_porkchop":40,"minecraft:diamond_axe":1,"minecraft:crafting_table":6,"minecraft:spruce_planks":1212,"minecraft:baked_potato":31,"minecraft:wooden_pickaxe":1,"minecraft:iron_helmet":1,"minecraft:sticky_piston":1,"minecraft:hopper_minecart":1,"sophisticatedbackpacks:feeding_upgrade":1,"sophisticatedbackpacks:upgrade_base":4,"minecraft:dispenser":1,"minecraft:stone_brick_stairs":28,"minecraft:spruce_trapdoor":172,"minecraft:iron_chestplate":1,"minecraft:diamond_pickaxe":2,"sophisticatedbackpacks:diamond_backpack":1,"minecraft:stone_slab":6,"minecraft:stick":160,"minecraft:iron_ingot":194,"minecraft:iron_pickaxe":2,"minecraft:iron_block":3,"minecraft:gold_ingot":30,"sophisticatedbackpacks:blasting_upgrade":1,"epicfight:diamond_tachi":1,"minecraft:dark_oak_fence_gate":6,"minecraft:spruce_fence_gate":11,"minecraft:deepslate_bricks":64,"minecraft:blue_terracotta":128,"minecraft:polished_andesite":48,"minecraft:golden_carrot":1,"minecraft:coal":171,"minecraft:smooth_stone_slab":90,"minecraft:iron_nugget":63,"minecraft:diamond_hoe":1,"minecraft:spruce_button":2,"minecraft:furnace":17,"minecraft:stone_button":2,"minecraft:blast_furnace":2,"minecraft:piston":11,"minecraft:flint_and_steel":1,"minecraft:stone_stairs":56,"minecraft:lantern":6,"minecraft:spruce_stairs":160,"minecraft:dark_oak_fence":96,"minecraft:polished_deepslate":64,"minecraft:iron_axe":1,"minecraft:spruce_slab":24,"minecraft:stone_pickaxe":1,"minecraft:redstone_block":2,"minecraft:dark_oak_planks":416,"minecraft:minecart":1,"minecraft:observer":7,"minecraft:wheat":27,"sophisticatedbackpacks:iron_backpack":1,"minecraft:cooked_beef":20,"minecraft:red_dye":1,"minecraft:cooked_cod":6,"minecraft:magenta_bed":1,"minecraft:diamond_sword":1,"minecraft:enchanting_table":1,"minecraft:powered_rail":24,"minecraft:red_bed":1,"sophisticatedbackpacks:gold_backpack":1,"minecraft:dark_oak_button":1,"minecraft:bucket":3,"minecraft:stone_axe":1,"minecraft:air":0,"minecraft:blue_dye":27,"sophisticatedbackpacks:pickup_upgrade":1,"minecraft:golden_apple":1,"minecraft:gold_nugget":9,"minecraft:wooden_axe":1,"minecraft:iron_shovel":2,"minecraft:iron_leggings":1,"sophisticatedbackpacks:smoking_upgrade":1,"minecraft:stonecutter":2,"minecraft:anvil":1,"minecraft:white_bed":2,"minecraft:torch":36},"minecraft:picked_up":{"minecraft:flower_pot":4,"minecraft:smithing_table":1,"minecraft:string":92,"minecraft:raw_copper":50,"minecraft:smooth_stone_slab":11,"minecraft:armor_stand":1,"minecraft:cobbled_deepslate":8,"minecraft:smooth_stone":1,"minecraft:coal_block":19,"minecraft:furnace":11,"minecraft:stick":134,"minecraft:spruce_stairs":14,"minecraft:porkchop":40,"minecraft:cherry_log":110,"minecraft:diorite":42,"minecraft:cactus":2,"minecraft:rotten_flesh":14,"farmersdelight:onion":2,"minecraft:white_terracotta":193,"minecraft:obsidian":4,"minecraft:cobblestone":2141,"minecraft:birch_log":11,"minecraft:pink_petals":11,"minecraft:cooked_beef":11,"minecraft:andesite":10,"minecraft:smoker":2,"minecraft:flint":5,"create:raw_zinc":2,"minecraft:lantern":24,"minecraft:dirt":96,"minecraft:leather_boots":1,"minecraft:bone":6,"minecraft:wheat_seeds":10,"minecraft:raw_gold":8,"chipped:glow_torch":11,"minecraft:diamond_helmet":1,"minecraft:sand":128,"minecraft:stripped_spruce_log":24,"minecraft:lily_of_the_valley":4,"minecraft:dark_oak_log":40,"minecraft:barrel":4,"minecraft:light_gray_terracotta":46,"minecraft:blue_terracotta":2,"minecraft:diamond":23,"minecraft:slime_block":1,"minecraft:crossbow":2,"minecraft:granite":350,"minecraft:oak_sapling":52,"minecraft:charcoal":2,"minecraft:crafting_table":10,"minecraft:allium":4,"minecraft:azure_bluet":2,"minecraft:cornflower":27,"minecraft:stone_stairs":2,"farmersdelight:beef_patty":1,"minecraft:beef":20,"minecraft:light_gray_wool":1,"minecraft:poppy":1,"minecraft:spruce_slab":1,"minecraft:chest":1,"minecraft:birch_sapling":3,"minecraft:spruce_trapdoor":6,"minecraft:dark_oak_sapling":3,"minecraft:raw_iron":194,"minecraft:stone":64,"minecraft:white_dye":2,"minecraft:redstone":36,"minecraft:arrow":4,"minecraft:diamond_chestplate":1,"sophisticatedbackpacks:copper_backpack":1,"minecraft:mutton":12,"minecraft:rail":1,"minecraft:white_wool":6,"minecraft:stripped_oak_log":1,"minecraft:leather":53,"minecraft:oak_log":382,"minecraft:orange_terracotta":23,"minecraft:apple":4,"minecraft:stone_bricks":10,"minecraft:iron_ingot":6,"minecraft:cobweb":89,"minecraft:iron_sword":2,"minecraft:book":168,"minecraft:gravel":90,"minecraft:spruce_sapling":101,"minecraft:blast_furnace":2,"minecraft:spruce_log":421,"minecraft:slime_ball":2,"minecraft:chainmail_leggings":1,"minecraft:cherry_sapling":66,"minecraft:terracotta":141,"minecraft:black_wool":1,"minecraft:coal":608},"minecraft:broken":{"minecraft:iron_shovel":1,"minecraft:stone_pickaxe":1,"minecraft:diamond_pickaxe":1,"minecraft:iron_axe":1,"minecraft:iron_pickaxe":2,"minecraft:iron_helmet":1},"minecraft:dropped":{"minecraft:iron_sword":1,"minecraft:crafting_table":1,"minecraft:dark_oak_sapling":25,"minecraft:crossbow":2,"minecraft:rail":1,"minecraft:flint":5,"minecraft:dirt":289,"minecraft:dark_oak_log":58,"minecraft:mutton":1,"farmersdelight:onion":2,"minecraft:birch_log":11,"minecraft:bone":6,"minecraft:gravel":90,"minecraft:stone_axe":1,"bountiful:bounty":1,"minecraft:sugar_cane":35,"minecraft:iron_nugget":9,"minecraft:cobbled_deepslate":8,"minecraft:birch_sapling":3,"minecraft:cherry_sapling":66,"minecraft:rotten_flesh":16,"minecraft:azure_bluet":2,"sophisticatedbackpacks:diamond_backpack":1,"minecraft:hopper":6,"minecraft:leather_boots":1,"minecraft:chest":1,"minecraft:white_dye":2,"minecraft:arrow":4,"minecraft:iron_ingot":10,"minecraft:wheat_seeds":11,"minecraft:golden_helmet":1,"minecraft:tnt":2,"minecraft:poisonous_potato":1,"minecraft:cobblestone":150,"minecraft:granite":357,"minecraft:spruce_button":1,"minecraft:grass_block":1,"minecraft:stick":10,"minecraft:cobweb":89,"minecraft:diorite":42,"minecraft:sponge":1,"minecraft:wooden_axe":1,"minecraft:rose_bush":1,"minecraft:dried_kelp":64,"minecraft:cactus":2,"sophisticatedbackpacks:jukebox_upgrade":1,"minecraft:chainmail_leggings":1,"minecraft:string":1,"minecraft:pink_petals":11,"minecraft:bucket":5,"create:raw_zinc":2,"minecraft:spruce_sapling":120,"minecraft:moss_carpet":1,"minecraft:raw_copper":100,"minecraft:light_gray_terracotta":46,"epicfight:diamond_tachi":1,"minecraft:light_gray_wool":1,"minecraft:stripped_oak_log":1,"minecraft:lily_of_the_valley":4,"minecraft:allium":1,"minecraft:orange_terracotta":23,"minecraft:andesite":10,"minecraft:golden_leggings":2,"minecraft:oak_sapling":53,"chipped:glow_torch":11,"minecraft:barrel":10,"minecraft:stone_pressure_plate":1,"minecraft:stone_bricks":9,"minecraft:wooden_pickaxe":1,"minecraft:black_wool":1,"minecraft:terracotta":1},"minecraft:used":{"minecraft:moss_carpet":20,"minecraft:blue_terracotta":87,"minecraft:iron_shovel":420,"minecraft:dispenser":1,"minecraft:spruce_slab":11,"minecraft:diamond_hoe":34,"minecraft:chest":134,"minecraft:white_terracotta":78,"minecraft:stone":3297,"minecraft:rotten_flesh":3,"minecraft:carrot":58,"minecraft:stripped_spruce_log":29,"minecraft:obsidian":13,"minecraft:glass":62,"minecraft:lava_bucket":3,"minecraft:grass_block":72,"minecraft:lantern":29,"minecraft:hopper_minecart":1,"minecraft:dark_oak_button":1,"minecraft:stone_brick_stairs":9,"minecraft:stone_bricks":28,"minecraft:furnace":22,"minecraft:cooked_cod":6,"minecraft:egg":50,"minecraft:potato":19,"epicfight:skillbook":5,"minecraft:cow_spawn_egg":2,"minecraft:powered_rail":2,"minecraft:stone_pickaxe":130,"minecraft:lime_concrete_powder":6,"minecraft:cactus":8,"minecraft:wooden_pickaxe":3,"minecraft:redstone_block":2,"minecraft:sugar_cane":6,"minecraft:diamond_axe":691,"minecraft:sand":8,"minecraft:blast_furnace":3,"minecraft:sponge":16,"minecraft:pumpkin_seeds":1,"minecraft:sticky_piston":2,"minecraft:melon_slice":10,"minecraft:grindstone":1,"minecraft:smithing_table":1,"minecraft:dark_oak_fence":62,"minecraft:green_concrete_powder":22,"minecraft:smooth_stone_slab":89,"minecraft:orange_concrete_powder":6,"minecraft:enchanting_table":1,"minecraft:flint_and_steel":1,"minecraft:armor_stand":1,"minecraft:redstone":12,"minecraft:spruce_planks":1,"minecraft:dirt":39,"minecraft:anvil":1,"minecraft:hopper":20,"minecraft:spruce_stairs":149,"minecraft:stone_stairs":55,"farmersdelight:beef_patty":1,"minecraft:shroomlight":5,"minecraft:wooden_axe":7,"minecraft:bookshelf":16,"minecraft:iron_axe":250,"minecraft:slime_block":4,"minecraft:chicken_spawn_egg":2,"epicfight:diamond_tachi":67,"minecraft:melon_seeds":1,"minecraft:barrel":57,"minecraft:bamboo":2,"minecraft:basalt":6,"minecraft:gray_glazed_terracotta":8,"minecraft:stone_pressure_plate":4,"minecraft:cooked_beef":11,"minecraft:pointed_dripstone":3,"minecraft:observer":11,"minecraft:wheat_seeds":23,"minecraft:cooked_mutton":11,"minecraft:water_bucket":18,"minecraft:polished_andesite":36,"minecraft:baked_potato":2,"minecraft:cauldron":3,"minecraft:sheep_spawn_egg":2,"minecraft:stonecutter":2,"minecraft:deepslate_bricks":29,"minecraft:rail":3,"minecraft:crafting_table":15,"minecraft:red_bed":1,"minecraft:magenta_bed":1,"minecraft:spider_eye":2,"minecraft:dark_oak_fence_gate":5,"minecraft:spruce_log":187,"minecraft:smoker":2,"minecraft:oak_log":2,"minecraft:mud":5,"minecraft:piston":8,"minecraft:flower_pot":4,"minecraft:diamond_pickaxe":3954,"minecraft:apple":9,"minecraft:iron_pickaxe":493,"minecraft:spruce_trapdoor":147,"minecraft:stone_axe":28,"minecraft:cobblestone":15,"minecraft:cooked_porkchop":40,"minecraft:bucket":31,"minecraft:smooth_stone":1},"minecraft:custom":{"lootr:looted_stat":5,"minecraft:animals_bred":32,"minecraft:interact_with_crafting_table":148,"minecraft:open_barrel":7,"minecraft:leave_game":6,"minecraft:time_since_death":400270,"minecraft:sprint_one_cm":1185636,"minecraft:drop":167,"minecraft:talked_to_villager":2,"minecraft:play_time":896327,"minecraft:deaths":13,"minecraft:jump":5935,"minecraft:walk_on_water_one_cm":44020,"minecraft:interact_with_furnace":209,"minecraft:sleep_in_bed":7,"minecraft:damage_dealt":9022,"minecraft:player_kills":1,"minecraft:crouch_one_cm":35103,"minecraft:interact_with_smoker":30,"minecraft:inspect_dispenser":1,"minecraft:interact_with_anvil":1,"minecraft:mob_kills":70,"minecraft:damage_dealt_resisted":275,"minecraft:climb_one_cm":8385,"minecraft:walk_one_cm":3541549,"minecraft:damage_dealt_absorbed":80,"minecraft:sneak_time":9173,"minecraft:walk_under_water_one_cm":87472,"minecraft:interact_with_blast_furnace":35,"minecraft:total_world_time":896327,"minecraft:pot_flower":2,"minecraft:time_since_rest":230175,"minecraft:damage_taken":8467,"minecraft:swim_one_cm":74372,"minecraft:fly_one_cm":1896355,"minecraft:open_chest":186,"minecraft:fall_one_cm":187832},"minecraft:killed":{"minecraft:spider":1,"minecraft:skeleton":5,"minecraft:chicken":4,"minecraft:pig":18,"minecraft:zombie_villager":1,"minecraft:creeper":1,"minecraft:sheep":8,"minecraft:zombie":15,"minecraft:cow":14,"minecraft:drowned":1,"minecraft:husk":2},"minecraft:killed_by":{"minecraft:zombie":1,"minecraft:player":2,"minecraft:enderman":1,"minecraft:skeleton":6}},"DataVersion":3465}