{"stats":{"minecraft:dropped":{"jujutsucraft:harisen":1,"jujutsucraft:uniform_normal_boots":1,"jujutsucraft:uniform_normal_chestplate":1,"jujutsucraft:uniform_normal_leggings":1},"minecraft:custom":{"minecraft:jump":14,"minecraft:time_since_rest":4410,"minecraft:sprint_one_cm":1297,"minecraft:play_time":4410,"minecraft:damage_taken":133,"minecraft:time_since_death":4410,"minecraft:walk_one_cm":21624,"minecraft:total_world_time":4410,"minecraft:drop":4,"minecraft:fly_one_cm":4454}},"DataVersion":3465}