{"stats":{"minecraft:crafted":{"minecraft:oak_door":3,"minecraft:smooth_stone":9,"minecraft:oak_planks":660,"create:wrench":1,"minecraft:iron_nugget":144,"minecraft:cooked_chicken":4,"minecraft:furnace":9,"minecraft:blast_furnace":2,"minecraft:jungle_trapdoor":8,"minecraft:stone":9,"minecraft:bone_meal":6,"minecraft:flint_and_steel":1,"minecraft:cooked_mutton":3,"minecraft:glass_pane":48,"minecraft:glass":30,"create:mechanical_press":1,"minecraft:iron_axe":1,"minecraft:slime_ball":2,"create:millstone":1,"minecraft:lime_dye":4,"minecraft:stone_pickaxe":2,"minecraft:chest":6,"minecraft:birch_door":3,"create:basin":1,"minecraft:stone_hoe":1,"create:cogwheel":21,"minecraft:oak_fence":45,"minecraft:smoker":4,"minecraft:cooked_beef":44,"create:depot":2,"create:andesite_alloy":36,"create:hand_crank":1,"minecraft:cooked_porkchop":17,"minecraft:crafting_table":4,"minecraft:wooden_pickaxe":1,"minecraft:iron_helmet":1,"create:dough":2,"create:goggles":1,"create:large_water_wheel":9,"minecraft:bucket":2,"minecraft:birch_planks":20,"minecraft:stone_axe":3,"create:mechanical_mixer":1,"minecraft:air":0,"minecraft:jungle_planks":192,"create:stressometer":1,"create:speedometer":1,"create:encased_fan":1,"minecraft:oak_boat":1,"create:whisk":1,"create:water_wheel":9,"minecraft:diamond_pickaxe":1,"minecraft:shield":1,"minecraft:white_dye":2,"create:super_glue":1,"minecraft:stick":28,"minecraft:iron_ingot":106,"minecraft:iron_pickaxe":5,"minecraft:iron_block":1,"minecraft:iron_shovel":1,"minecraft:gold_ingot":34,"minecraft:iron_leggings":1,"create:large_cogwheel":11,"create:propeller":1,"create:shaft":56,"minecraft:torch":52,"create:empty_blaze_burner":1},"minecraft:used":{"minecraft:oak_fence":43,"minecraft:iron_shovel":91,"minecraft:flint_and_steel":1,"minecraft:chest":8,"minecraft:shield":1,"minecraft:cooked_chicken":4,"minecraft:stone_hoe":80,"minecraft:oak_door":10,"minecraft:torch":66,"minecraft:dirt":238,"create:mechanical_mixer":1,"create:cogwheel":38,"minecraft:jungle_planks":31,"minecraft:carrot":68,"create:depot":2,"minecraft:tuff":1,"minecraft:jungle_trapdoor":6,"minecraft:obsidian":14,"create:speedometer":1,"minecraft:birch_door":8,"minecraft:lava_bucket":1,"create:wrench":23,"chipped:glassblower":2,"minecraft:iron_axe":201,"minecraft:jungle_log":1,"create:millstone":3,"create:shaft":2,"minecraft:oak_sapling":22,"minecraft:furnace":5,"minecraft:egg":1,"minecraft:cooked_beef":8,"minecraft:potato":31,"minecraft:cobbled_deepslate":284,"minecraft:cooked_mutton":3,"minecraft:water_bucket":28,"epicfight:skillbook":2,"minecraft:cactus":19,"minecraft:birch_planks":12,"minecraft:oak_planks":568,"minecraft:stone_pickaxe":262,"minecraft:wooden_pickaxe":6,"create:blaze_burner":1,"minecraft:sand":1,"create:encased_fan":1,"minecraft:crafting_table":10,"minecraft:blast_furnace":2,"minecraft:white_bed":2,"minecraft:smoker":5,"minecraft:oak_log":1,"minecraft:diamond_pickaxe":121,"minecraft:apple":8,"create:mechanical_press":1,"minecraft:melon_slice":11,"minecraft:iron_pickaxe":1017,"create:large_water_wheel":8,"minecraft:stone_axe":338,"create:basin":1,"minecraft:cobblestone":129,"minecraft:cooked_porkchop":17,"create:stressometer":1,"minecraft:bucket":32,"minecraft:birch_log":5,"minecraft:glass_pane":37,"minecraft:oak_boat":1,"create:hand_crank":2,"minecraft:smooth_stone":3,"create:large_cogwheel":20},"minecraft:dropped":{"minecraft:iron_ingot":1,"minecraft:wheat_seeds":2,"minecraft:cooked_beef":47,"minecraft:glow_ink_sac":1,"minecraft:feather":2,"minecraft:cobblestone":1,"minecraft:copper_ingot":32,"minecraft:flint":1,"minecraft:stick":1,"minecraft:diorite":2,"minecraft:iron_axe":1,"minecraft:white_wool":2,"minecraft:dandelion":8,"minecraft:redstone":3,"minecraft:oak_door":2,"minecraft:kelp":4,"minecraft:iron_nugget":64,"minecraft:cobbled_deepslate":5,"minecraft:wheat":6,"minecraft:birch_sapling":4,"minecraft:rotten_flesh":12,"minecraft:oak_planks":1,"minecraft:gunpowder":3,"create:zinc_ingot":32,"minecraft:andesite":64,"minecraft:birch_door":2,"create:limestone":1,"minecraft:spider_eye":1,"minecraft:arrow":6,"minecraft:wooden_pickaxe":1},"minecraft:picked_up":{"minecraft:wheat":3,"minecraft:crafting_table":6,"minecraft:birch_door":9,"minecraft:chicken":4,"minecraft:nether_wart":20,"minecraft:brown_mushroom":8,"minecraft:jungle_trapdoor":2,"minecraft:string":2,"minecraft:iron_axe":1,"minecraft:raw_copper":136,"create:limestone":1,"minecraft:cobbled_deepslate":324,"minecraft:beef":25,"minecraft:oak_boat":1,"chipped:glassblower":2,"minecraft:melon_slice":16,"minecraft:chest":2,"minecraft:birch_sapling":13,"minecraft:furnace":2,"minecraft:iron_boots":1,"minecraft:egg":1,"minecraft:stick":73,"minecraft:raw_iron":154,"minecraft:oak_door":9,"minecraft:oak_fence":1,"minecraft:torch":25,"create:andesite_casing":2,"epicfight:skillbook":2,"minecraft:porkchop":17,"minecraft:diorite":2,"minecraft:carrot":87,"minecraft:redstone":197,"create:large_cogwheel":3,"minecraft:cactus":25,"minecraft:arrow":6,"minecraft:rotten_flesh":12,"minecraft:diamond_chestplate":1,"minecraft:obsidian":21,"minecraft:mutton":3,"minecraft:birch_log":10,"minecraft:white_wool":4,"minecraft:cobblestone":694,"minecraft:feather":4,"minecraft:cooked_beef":14,"minecraft:glow_ink_sac":1,"minecraft:andesite":169,"minecraft:jungle_log":96,"minecraft:golden_leggings":1,"minecraft:smoker":3,"minecraft:potato":31,"minecraft:birch_planks":3,"minecraft:flint":2,"minecraft:tuff":1,"create:raw_zinc":70,"minecraft:oak_log":201,"minecraft:gunpowder":3,"minecraft:dirt":430,"minecraft:lantern":4,"minecraft:leather_boots":1,"minecraft:bone":6,"minecraft:apple":13,"minecraft:kelp":82,"minecraft:wheat_seeds":2,"minecraft:raw_gold":34,"minecraft:iron_ingot":1,"minecraft:glowstone_dust":39,"minecraft:diamond_helmet":1,"minecraft:soul_sand":19,"minecraft:oak_planks":173,"minecraft:quartz":134,"minecraft:dandelion":8,"minecraft:gravel":21,"minecraft:sand":60,"minecraft:jungle_planks":18,"minecraft:amethyst_shard":8,"minecraft:nether_brick_stairs":2,"minecraft:white_bed":2,"minecraft:spider_eye":1,"minecraft:diamond":9,"minecraft:crossbow":1,"minecraft:oak_sapling":130,"minecraft:netherrack":33,"minecraft:coal":57},"minecraft:broken":{"minecraft:stone_pickaxe":2,"minecraft:stone_axe":2,"minecraft:iron_pickaxe":3},"minecraft:killed":{"minecraft:spider":2,"minecraft:skeleton":5,"minecraft:chicken":4,"minecraft:drowned":2,"minecraft:piglin":1,"minecraft:husk":2,"minecraft:pig":8,"minecraft:creeper":2,"minecraft:sheep":2,"minecraft:zombie":11,"minecraft:wither_skeleton":2},"minecraft:killed_by":{"minecraft:player":1,"minecraft:zombified_piglin":1,"minecraft:skeleton":1},"minecraft:custom":{"lootr:looted_stat":2,"minecraft:mob_kills":41,"minecraft:interact_with_crafting_table":62,"minecraft:open_barrel":1,"minecraft:damage_dealt_resisted":15,"minecraft:leave_game":7,"minecraft:time_since_death":8458,"minecraft:climb_one_cm":2069,"minecraft:sprint_one_cm":718184,"minecraft:damage_blocked_by_shield":75,"minecraft:walk_one_cm":2022158,"minecraft:drop":46,"minecraft:damage_dealt_absorbed":40,"minecraft:play_time":315910,"minecraft:sneak_time":14154,"minecraft:deaths":6,"minecraft:walk_under_water_one_cm":79886,"minecraft:boat_one_cm":73513,"minecraft:jump":4067,"minecraft:walk_on_water_one_cm":142585,"minecraft:total_world_time":315910,"minecraft:interact_with_furnace":38,"minecraft:sleep_in_bed":6,"minecraft:time_since_rest":8483,"minecraft:damage_taken":3069,"minecraft:damage_dealt":7046,"minecraft:player_kills":5,"minecraft:swim_one_cm":105666,"minecraft:fly_one_cm":1297449,"minecraft:open_chest":141,"minecraft:crouch_one_cm":118084,"minecraft:interact_with_smoker":12,"minecraft:fall_one_cm":96999,"minecraft:inspect_dispenser":1},"minecraft:mined":{"create:zinc_ore":56,"minecraft:large_amethyst_bud":1,"create:deepslate_zinc_ore":14,"minecraft:tuff":16,"minecraft:white_bed":2,"minecraft:oak_sapling":18,"minecraft:deepslate_diamond_ore":5,"minecraft:oak_door":7,"minecraft:sculk_vein":6,"create:andesite_casing":2,"farmersdelight:wild_carrots":13,"minecraft:obsidian":21,"minecraft:grass_block":29,"minecraft:jungle_planks":18,"chipped:glassblower":2,"minecraft:nether_wart":20,"minecraft:kelp":21,"minecraft:redstone_ore":1,"minecraft:glowstone":11,"minecraft:furnace":2,"minecraft:carrots":20,"minecraft:iron_ore":79,"minecraft:cobbled_deepslate":60,"minecraft:fire":3,"minecraft:andesite":63,"treechop:chopped_log":33,"minecraft:nether_brick_stairs":2,"minecraft:potatoes":8,"minecraft:deepslate_iron_ore":13,"minecraft:lantern":4,"minecraft:stone":625,"create:limestone":1,"minecraft:jungle_trapdoor":2,"minecraft:soul_sand":20,"minecraft:deepslate_redstone_ore":22,"minecraft:crimson_nylium":1,"minecraft:brown_mushroom":11,"minecraft:kelp_plant":12,"minecraft:smoker":3,"minecraft:amethyst_cluster":2,"minecraft:crafting_table":6,"minecraft:torch":6,"diagonalfences:minecraft/oak_fence":1,"minecraft:melon":3,"minecraft:chest":2,"minecraft:sculk_sensor":1,"minecraft:nether_quartz_ore":48,"minecraft:copper_ore":18,"minecraft:cobblestone":26,"minecraft:oak_planks":180,"minecraft:diorite":2,"minecraft:wall_torch":13,"minecraft:deepslate_copper_ore":3,"minecraft:seagrass":1,"minecraft:cactus":13,"minecraft:birch_planks":3,"minecraft:birch_leaves":2,"minecraft:birch_door":6,"minecraft:grass":4,"diagonalwindows:minecraft/glass_pane":3,"minecraft:oak_log":1,"minecraft:coal_ore":56,"minecraft:gravel":24,"minecraft:dirt":80,"minecraft:sand":60,"minecraft:netherrack":34,"minecraft:gold_ore":8,"minecraft:fern":1,"minecraft:oak_leaves":3,"minecraft:deepslate":207}},"DataVersion":3465}