{"stats":{"minecraft:crafted":{"minecraft:oak_planks":700,"minecraft:smooth_stone":9,"minecraft:cooked_chicken":4,"minecraft:stone":9,"create:mechanical_bearing":1,"create:deployer":3,"minecraft:cooked_mutton":3,"minecraft:glass":30,"create:mechanical_press":1,"minecraft:chest":10,"minecraft:birch_door":3,"minecraft:stone_hoe":1,"create:cogwheel":21,"minecraft:oak_fence":45,"create:brass_hand":3,"minecraft:smoker":4,"create:depot":2,"minecraft:oak_slab":6,"create:rose_quartz":3,"minecraft:cooked_porkchop":17,"minecraft:crafting_table":4,"create:mechanical_saw":3,"minecraft:wooden_pickaxe":1,"minecraft:iron_helmet":1,"create:sand_paper":3,"minecraft:birch_planks":20,"create:mechanical_mixer":1,"create:stressometer":1,"create:encased_fan":1,"minecraft:paper":3,"minecraft:diamond_pickaxe":1,"create:water_wheel":9,"minecraft:shield":1,"create:super_glue":1,"create:portable_storage_interface":2,"minecraft:stick":32,"minecraft:iron_ingot":106,"minecraft:iron_pickaxe":5,"minecraft:iron_block":1,"minecraft:gold_ingot":34,"create:large_cogwheel":11,"create:propeller":1,"create:empty_blaze_burner":10,"create:chute":4,"minecraft:oak_door":3,"create:wrench":1,"minecraft:iron_nugget":144,"minecraft:furnace":9,"minecraft:blast_furnace":2,"minecraft:jungle_trapdoor":8,"minecraft:bone_meal":6,"minecraft:glass_pane":48,"minecraft:flint_and_steel":1,"minecraft:iron_axe":2,"minecraft:slime_ball":2,"create:millstone":1,"minecraft:lime_dye":4,"minecraft:stone_pickaxe":2,"create:basin":1,"create:electron_tube":3,"minecraft:cooked_beef":44,"create:andesite_alloy":36,"create:hand_crank":1,"create:dough":2,"create:goggles":1,"create:large_water_wheel":9,"minecraft:bucket":2,"minecraft:stone_axe":3,"minecraft:air":0,"minecraft:jungle_planks":220,"create:speedometer":1,"minecraft:oak_boat":1,"create:whisk":1,"minecraft:white_dye":2,"minecraft:iron_shovel":1,"minecraft:iron_leggings":1,"create:shaft":64,"minecraft:torch":52},"minecraft:used":{"create:deployer":5,"minecraft:iron_shovel":91,"create:portable_storage_interface":4,"minecraft:chest":15,"minecraft:shield":1,"create:mechanical_bearing":1,"create:cogwheel":38,"minecraft:jungle_planks":34,"minecraft:carrot":97,"create:depot":2,"minecraft:tuff":1,"create:speedometer":1,"minecraft:obsidian":21,"minecraft:lava_bucket":1,"create:millstone":3,"create:shaft":2,"minecraft:furnace":5,"minecraft:oak_sapling":22,"minecraft:egg":1,"minecraft:potato":53,"epicfight:skillbook":3,"minecraft:stone_pickaxe":262,"minecraft:oak_planks":582,"minecraft:cactus":19,"minecraft:wooden_pickaxe":6,"create:mechanical_saw":3,"minecraft:sand":1,"minecraft:blast_furnace":2,"minecraft:melon_slice":11,"create:basin":1,"create:stressometer":1,"minecraft:birch_log":5,"minecraft:oak_boat":1,"minecraft:bone_meal":4,"create:large_cogwheel":20,"minecraft:oak_fence":43,"minecraft:flint_and_steel":3,"minecraft:stone_hoe":80,"minecraft:cooked_chicken":4,"minecraft:netherrack":3,"minecraft:oak_door":10,"minecraft:torch":67,"minecraft:dirt":241,"create:mechanical_mixer":1,"minecraft:jungle_trapdoor":6,"create:chute":1,"minecraft:birch_door":8,"create:wrench":41,"chipped:glassblower":2,"minecraft:iron_axe":247,"minecraft:jungle_log":5,"minecraft:cooked_beef":8,"minecraft:cobbled_deepslate":284,"minecraft:cooked_mutton":3,"minecraft:water_bucket":30,"minecraft:birch_planks":12,"create:empty_blaze_burner":9,"create:blaze_burner":11,"create:encased_fan":1,"minecraft:crafting_table":10,"minecraft:white_bed":2,"minecraft:smoker":5,"minecraft:oak_log":7,"minecraft:diamond_pickaxe":216,"minecraft:apple":8,"create:mechanical_press":1,"minecraft:iron_pickaxe":1017,"create:large_water_wheel":10,"minecraft:stone_axe":338,"minecraft:cobblestone":150,"minecraft:cooked_porkchop":17,"minecraft:bucket":34,"minecraft:glass_pane":37,"create:hand_crank":2,"minecraft:smooth_stone":3},"minecraft:dropped":{"minecraft:cooked_beef":47,"minecraft:glow_ink_sac":1,"minecraft:flint":1,"minecraft:white_wool":2,"minecraft:oak_door":2,"minecraft:iron_nugget":64,"minecraft:cobbled_deepslate":5,"minecraft:birch_sapling":4,"minecraft:wheat":6,"minecraft:rotten_flesh":12,"minecraft:oak_planks":1,"minecraft:gunpowder":3,"minecraft:birch_door":2,"create:limestone":1,"minecraft:arrow":6,"minecraft:iron_ingot":1,"create:rose_quartz":3,"minecraft:wheat_seeds":2,"minecraft:feather":2,"minecraft:cobblestone":1,"minecraft:copper_ingot":32,"minecraft:stick":1,"minecraft:diorite":2,"minecraft:iron_axe":1,"minecraft:dandelion":8,"minecraft:redstone":3,"minecraft:kelp":4,"create:zinc_ingot":32,"minecraft:andesite":64,"minecraft:spider_eye":1,"minecraft:wooden_pickaxe":1},"minecraft:picked_up":{"minecraft:birch_door":9,"minecraft:wheat":3,"minecraft:string":4,"minecraft:raw_copper":136,"create:limestone":1,"minecraft:cobbled_deepslate":324,"chipped:glassblower":2,"minecraft:melon_slice":16,"minecraft:iron_boots":1,"minecraft:furnace":2,"minecraft:stick":79,"minecraft:oak_fence":1,"minecraft:torch":26,"create:andesite_casing":2,"epicfight:skillbook":3,"minecraft:porkchop":17,"minecraft:diorite":2,"create:large_cogwheel":3,"minecraft:cactus":25,"minecraft:rotten_flesh":16,"minecraft:obsidian":28,"minecraft:cobblestone":753,"minecraft:birch_log":10,"minecraft:feather":4,"minecraft:cooked_beef":14,"minecraft:jungle_log":96,"minecraft:andesite":169,"minecraft:golden_leggings":1,"minecraft:smoker":3,"minecraft:potato":62,"minecraft:flint":2,"create:raw_zinc":70,"minecraft:tuff":1,"minecraft:dirt":439,"minecraft:lantern":4,"minecraft:leather_boots":1,"minecraft:bone":6,"minecraft:wheat_seeds":2,"minecraft:raw_gold":34,"minecraft:diamond_helmet":1,"minecraft:glowstone_dust":39,"minecraft:oak_planks":178,"minecraft:ghast_tear":1,"minecraft:jungle_planks":21,"minecraft:sand":60,"minecraft:nether_brick_stairs":2,"minecraft:diamond":9,"minecraft:crossbow":1,"minecraft:oak_sapling":137,"minecraft:netherrack":58,"minecraft:crafting_table":6,"minecraft:chicken":4,"minecraft:nether_wart":20,"minecraft:brown_mushroom":8,"minecraft:jungle_trapdoor":2,"minecraft:iron_axe":1,"minecraft:flint_and_steel":1,"minecraft:beef":25,"minecraft:oak_boat":1,"minecraft:sugar_cane":6,"minecraft:chest":5,"minecraft:birch_sapling":13,"minecraft:egg":1,"minecraft:raw_iron":209,"minecraft:oak_door":9,"minecraft:carrot":87,"minecraft:redstone":197,"minecraft:arrow":6,"minecraft:diamond_chestplate":1,"minecraft:mutton":3,"minecraft:white_wool":4,"minecraft:glow_ink_sac":1,"minecraft:birch_planks":11,"minecraft:oak_log":229,"minecraft:gunpowder":3,"minecraft:apple":14,"minecraft:kelp":82,"minecraft:iron_ingot":2,"minecraft:soul_sand":19,"minecraft:quartz":151,"minecraft:dandelion":8,"minecraft:gravel":24,"minecraft:amethyst_shard":8,"minecraft:white_bed":2,"minecraft:spider_eye":1,"minecraft:coal":57},"minecraft:broken":{"minecraft:stone_pickaxe":2,"minecraft:stone_axe":2,"minecraft:iron_axe":1,"minecraft:iron_pickaxe":3},"minecraft:killed":{"minecraft:spider":3,"minecraft:skeleton":5,"minecraft:chicken":4,"minecraft:piglin":1,"minecraft:pig":8,"minecraft:creeper":2,"minecraft:sheep":2,"minecraft:zombie":14,"minecraft:ghast":1,"minecraft:drowned":2,"minecraft:husk":2,"minecraft:wither_skeleton":2},"minecraft:killed_by":{"minecraft:zombified_piglin":1,"minecraft:player":1,"minecraft:skeleton":1},"minecraft:custom":{"lootr:looted_stat":2,"minecraft:interact_with_crafting_table":74,"minecraft:open_barrel":1,"minecraft:leave_game":7,"minecraft:time_since_death":10987,"minecraft:sprint_one_cm":917810,"minecraft:damage_blocked_by_shield":75,"minecraft:drop":47,"minecraft:play_time":381910,"minecraft:deaths":8,"minecraft:jump":4920,"minecraft:walk_on_water_one_cm":143281,"minecraft:interact_with_furnace":38,"minecraft:sleep_in_bed":7,"minecraft:damage_dealt":7804,"minecraft:player_kills":5,"minecraft:crouch_one_cm":120871,"minecraft:interact_with_smoker":13,"minecraft:inspect_dispenser":1,"minecraft:mob_kills":46,"minecraft:damage_dealt_resisted":15,"minecraft:climb_one_cm":2069,"minecraft:walk_one_cm":2362616,"minecraft:damage_dealt_absorbed":40,"minecraft:sneak_time":14680,"minecraft:walk_under_water_one_cm":80553,"minecraft:boat_one_cm":73513,"minecraft:total_world_time":381910,"minecraft:time_since_rest":11029,"minecraft:damage_taken":3669,"minecraft:swim_one_cm":113596,"minecraft:fly_one_cm":1574923,"minecraft:open_chest":217,"minecraft:fall_one_cm":118609},"minecraft:mined":{"minecraft:large_amethyst_bud":1,"create:deepslate_zinc_ore":14,"minecraft:white_bed":2,"minecraft:oak_sapling":20,"create:andesite_casing":2,"minecraft:sculk_vein":6,"minecraft:obsidian":28,"minecraft:grass_block":29,"chipped:glassblower":2,"minecraft:nether_wart":20,"minecraft:glowstone":11,"minecraft:fire":15,"minecraft:iron_ore":79,"minecraft:cobbled_deepslate":60,"minecraft:nether_brick_stairs":2,"create:limestone":1,"minecraft:jungle_trapdoor":2,"minecraft:deepslate_redstone_ore":22,"minecraft:brown_mushroom":11,"minecraft:smoker":3,"minecraft:kelp_plant":12,"minecraft:crimson_nylium":1,"minecraft:amethyst_cluster":2,"minecraft:torch":6,"diagonalfences:minecraft/oak_fence":1,"minecraft:melon":3,"minecraft:chest":5,"minecraft:nether_quartz_ore":66,"minecraft:cobblestone":27,"minecraft:oak_planks":185,"minecraft:sugar_cane":2,"minecraft:wall_torch":14,"minecraft:deepslate_copper_ore":3,"minecraft:seagrass":1,"minecraft:birch_door":6,"minecraft:grass":4,"diagonalwindows:minecraft/glass_pane":3,"minecraft:oak_log":1,"minecraft:sand":60,"minecraft:dirt":83,"minecraft:netherrack":44,"minecraft:oak_leaves":3,"minecraft:deepslate":207,"create:zinc_ore":56,"minecraft:tuff":16,"minecraft:deepslate_diamond_ore":5,"minecraft:oak_door":7,"farmersdelight:wild_carrots":13,"minecraft:jungle_planks":21,"minecraft:kelp":21,"minecraft:redstone_ore":1,"minecraft:furnace":2,"minecraft:carrots":20,"minecraft:andesite":63,"treechop:chopped_log":35,"minecraft:potatoes":15,"minecraft:deepslate_iron_ore":13,"minecraft:lantern":4,"minecraft:stone":683,"minecraft:soul_sand":20,"minecraft:crafting_table":6,"minecraft:sculk_sensor":1,"minecraft:copper_ore":18,"minecraft:diorite":2,"minecraft:birch_planks":12,"minecraft:cactus":13,"minecraft:birch_leaves":2,"minecraft:coal_ore":56,"minecraft:gravel":27,"minecraft:gold_ore":8,"minecraft:fern":1}},"DataVersion":3465}