{"stats":{"minecraft:crafted":{"minecraft:oak_door":3,"minecraft:oak_planks":544,"create:wrench":1,"minecraft:iron_nugget":72,"minecraft:cooked_chicken":4,"minecraft:furnace":4,"minecraft:cooked_mutton":3,"minecraft:glass_pane":48,"minecraft:glass":30,"create:mechanical_press":1,"minecraft:iron_axe":1,"minecraft:stone_pickaxe":2,"minecraft:chest":5,"minecraft:birch_door":3,"create:basin":1,"create:cogwheel":14,"minecraft:oak_fence":18,"minecraft:smoker":1,"minecraft:cooked_beef":44,"create:depot":1,"create:andesite_alloy":36,"minecraft:cooked_porkchop":17,"minecraft:crafting_table":3,"minecraft:wooden_pickaxe":1,"minecraft:iron_helmet":1,"create:goggles":1,"create:large_water_wheel":8,"minecraft:bucket":1,"minecraft:birch_planks":20,"minecraft:stone_axe":3,"minecraft:air":0,"minecraft:jungle_planks":128,"create:stressometer":1,"create:speedometer":1,"create:water_wheel":8,"minecraft:diamond_pickaxe":1,"minecraft:shield":1,"minecraft:stick":4,"minecraft:iron_pickaxe":2,"minecraft:iron_ingot":106,"minecraft:gold_ingot":16,"minecraft:iron_block":1,"minecraft:iron_shovel":1,"minecraft:iron_leggings":1,"create:large_cogwheel":9,"create:shaft":32,"minecraft:torch":4},"minecraft:used":{"minecraft:oak_fence":17,"minecraft:iron_shovel":32,"minecraft:chest":7,"minecraft:shield":1,"minecraft:cooked_chicken":4,"minecraft:oak_door":6,"minecraft:torch":18,"minecraft:dirt":22,"create:cogwheel":29,"minecraft:jungle_planks":17,"create:depot":1,"minecraft:tuff":1,"create:speedometer":1,"minecraft:birch_door":7,"create:wrench":13,"minecraft:iron_axe":100,"minecraft:furnace":4,"minecraft:cobbled_deepslate":283,"minecraft:cooked_mutton":3,"epicfight:skillbook":2,"minecraft:water_bucket":22,"minecraft:birch_planks":12,"minecraft:oak_planks":504,"minecraft:stone_pickaxe":262,"minecraft:wooden_pickaxe":6,"minecraft:sand":1,"minecraft:crafting_table":9,"minecraft:white_bed":2,"minecraft:smoker":2,"minecraft:apple":5,"create:mechanical_press":1,"minecraft:iron_pickaxe":421,"create:large_water_wheel":8,"minecraft:stone_axe":338,"create:basin":1,"minecraft:cobblestone":9,"minecraft:cooked_porkchop":12,"create:stressometer":1,"minecraft:birch_log":3,"minecraft:bucket":22,"minecraft:glass_pane":37,"create:large_cogwheel":10},"minecraft:dropped":{"minecraft:iron_ingot":1,"minecraft:cooked_beef":44,"minecraft:glow_ink_sac":1,"minecraft:feather":2,"minecraft:cobblestone":1,"minecraft:stick":1,"minecraft:diorite":2,"minecraft:iron_axe":1,"minecraft:white_wool":2,"minecraft:redstone":3,"minecraft:kelp":4,"minecraft:cobbled_deepslate":5,"minecraft:rotten_flesh":9,"minecraft:oak_planks":1,"minecraft:gunpowder":3,"create:limestone":1,"minecraft:spider_eye":1,"minecraft:arrow":4,"minecraft:wooden_pickaxe":1},"minecraft:picked_up":{"minecraft:birch_door":7,"minecraft:crafting_table":6,"minecraft:chicken":4,"minecraft:string":2,"minecraft:iron_axe":1,"minecraft:raw_copper":136,"create:limestone":1,"minecraft:cobbled_deepslate":324,"minecraft:beef":25,"minecraft:chest":2,"minecraft:birch_sapling":9,"minecraft:iron_boots":1,"minecraft:furnace":1,"minecraft:stick":63,"minecraft:raw_iron":114,"minecraft:oak_door":4,"minecraft:oak_fence":1,"minecraft:torch":16,"create:andesite_casing":2,"epicfight:skillbook":2,"minecraft:porkchop":17,"minecraft:diorite":2,"minecraft:carrot":13,"minecraft:redstone":105,"create:large_cogwheel":2,"minecraft:diamond_chestplate":1,"minecraft:arrow":4,"minecraft:rotten_flesh":9,"minecraft:mutton":3,"minecraft:cobblestone":60,"minecraft:white_wool":4,"minecraft:birch_log":10,"minecraft:feather":4,"minecraft:cooked_beef":14,"minecraft:glow_ink_sac":1,"minecraft:jungle_log":96,"minecraft:andesite":169,"minecraft:golden_leggings":1,"minecraft:smoker":2,"minecraft:birch_planks":3,"minecraft:oak_log":140,"minecraft:tuff":1,"create:raw_zinc":64,"minecraft:gunpowder":3,"minecraft:dirt":343,"minecraft:bone":4,"minecraft:apple":10,"minecraft:kelp":75,"minecraft:raw_gold":34,"minecraft:iron_ingot":1,"minecraft:oak_planks":167,"minecraft:dandelion":4,"minecraft:jungle_planks":17,"minecraft:sand":43,"minecraft:amethyst_shard":8,"minecraft:white_bed":2,"minecraft:spider_eye":1,"minecraft:diamond":9,"minecraft:oak_sapling":88,"minecraft:coal":56},"minecraft:broken":{"minecraft:stone_pickaxe":2,"minecraft:stone_axe":2,"minecraft:iron_pickaxe":1},"minecraft:killed":{"minecraft:spider":2,"minecraft:skeleton":4,"minecraft:chicken":4,"minecraft:pig":8,"minecraft:creeper":2,"minecraft:sheep":2,"minecraft:zombie":9},"minecraft:killed_by":{"minecraft:skeleton":1},"minecraft:custom":{"lootr:looted_stat":1,"minecraft:mob_kills":31,"minecraft:interact_with_crafting_table":36,"minecraft:damage_dealt_resisted":15,"minecraft:leave_game":5,"minecraft:time_since_death":147853,"minecraft:climb_one_cm":1441,"minecraft:sprint_one_cm":356066,"minecraft:walk_one_cm":1005959,"minecraft:damage_blocked_by_shield":75,"minecraft:drop":25,"minecraft:damage_dealt_absorbed":40,"minecraft:play_time":176727,"minecraft:deaths":1,"minecraft:sneak_time":11918,"minecraft:walk_under_water_one_cm":64294,"minecraft:jump":2434,"minecraft:walk_on_water_one_cm":120499,"minecraft:total_world_time":176727,"minecraft:interact_with_furnace":32,"minecraft:sleep_in_bed":6,"minecraft:time_since_rest":20442,"minecraft:damage_taken":1217,"minecraft:damage_dealt":4756,"minecraft:swim_one_cm":93466,"minecraft:fly_one_cm":635080,"minecraft:player_kills":2,"minecraft:open_chest":43,"minecraft:crouch_one_cm":104119,"minecraft:interact_with_smoker":10,"minecraft:fall_one_cm":66808,"minecraft:inspect_dispenser":1},"minecraft:mined":{"create:zinc_ore":50,"minecraft:large_amethyst_bud":1,"create:deepslate_zinc_ore":14,"minecraft:tuff":16,"minecraft:white_bed":2,"minecraft:deepslate_diamond_ore":5,"minecraft:oak_door":4,"create:andesite_casing":2,"minecraft:sculk_vein":6,"farmersdelight:wild_carrots":13,"minecraft:grass_block":9,"minecraft:jungle_planks":17,"minecraft:kelp":14,"minecraft:redstone_ore":1,"minecraft:furnace":1,"minecraft:iron_ore":79,"minecraft:cobbled_deepslate":60,"minecraft:andesite":63,"treechop:chopped_log":29,"minecraft:deepslate_iron_ore":13,"minecraft:stone":57,"create:limestone":1,"minecraft:deepslate_redstone_ore":22,"minecraft:kelp_plant":12,"minecraft:smoker":2,"minecraft:amethyst_cluster":2,"minecraft:crafting_table":6,"minecraft:torch":5,"diagonalfences:minecraft/oak_fence":1,"minecraft:chest":2,"minecraft:sculk_sensor":1,"minecraft:copper_ore":18,"minecraft:oak_planks":173,"minecraft:diorite":2,"minecraft:wall_torch":8,"minecraft:deepslate_copper_ore":3,"minecraft:seagrass":1,"minecraft:birch_planks":3,"minecraft:birch_leaves":2,"minecraft:birch_door":6,"diagonalwindows:minecraft/glass_pane":3,"minecraft:grass":4,"minecraft:oak_log":1,"minecraft:coal_ore":56,"minecraft:sand":43,"minecraft:dirt":18,"minecraft:gold_ore":8,"minecraft:oak_leaves":1,"minecraft:deepslate":207}},"DataVersion":3465}