{"stats":{"minecraft:dropped":{"minecraft:birch_sapling":1,"jujutsucraft:cursed_technique_changer":5},"minecraft:killed":{"minecraft:sheep":1,"jujutsucraft:ember_insect":1,"jujutsucraft:cursed_spirit_grade_29":1,"jujutsucraft:cursed_spirit_grade_39":21,"jujutsucraft:cursed_spirit_grade_33":3,"jujutsucraft:shigemo_haruta":1,"jujutsucraft:cursed_spirit_grade_312":1,"jujutsucraft:cursed_spirit_grade_314":3,"jujutsucraft:kukuru":2,"jujutsucraft:jujutsu_sorcerer":3,"jujutsucraft:cursed_spirit_grade_36":3,"jujutsucraft:cursed_spirit_grade_35":1,"jujutsucraft:cursed_spirit_grade_38":1,"jujutsucraft:cursed_spirit_grade_317":5,"jujutsucraft:cursed_spirit_grade_315":5,"jujutsucraft:curse_user_1":1,"jujutsucraft:cursed_spirit_grade_316":1,"jujutsucraft:cursed_spirit_grade_34":2,"jujutsucraft:cursed_spirit_grade_319":1,"jujutsucraft:curse_user":1,"jujutsucraft:cursed_spirit_grade_321":3,"jujutsucraft:q":2,"jujutsucraft:cursed_spirit_grade_32":1},"minecraft:picked_up":{"jujutsucraft:dragon_bone":1,"minecraft:birch_log":7,"minecraft:stick":1,"minecraft:crafting_table":1,"minecraft:mossy_cobblestone_slab":7,"jujutsucraft:glasses_maki_chestplate":1,"jujutsucraft:cursed_technique_changer":2,"jujutsucraft:uniform_q_leggings":1,"minecraft:string":1,"minecraft:gray_wool":1,"minecraft:birch_sapling":3,"minecraft:mutton":2,"minecraft:cobblestone":4},"minecraft:killed_by":{"jujutsucraft:curse_user_1":1,"jujutsucraft:cursed_spirit_grade_15":1,"jujutsucraft:cursed_spirit_grade_29":1},"minecraft:custom":{"minecraft:time_since_rest":8189,"minecraft:sprint_one_cm":159384,"minecraft:damage_taken":3137,"minecraft:walk_one_cm":178957,"minecraft:mob_kills":64,"minecraft:drop":5,"minecraft:damage_dealt":791,"minecraft:talked_to_villager":1,"minecraft:interact_with_crafting_table":1,"minecraft:fly_one_cm":491273,"minecraft:player_kills":12,"minecraft:open_barrel":13,"minecraft:open_chest":18,"minecraft:play_time":40282,"minecraft:deaths":3,"minecraft:sneak_time":10,"minecraft:jump":748,"minecraft:damage_dealt_resisted":10669,"minecraft:time_since_death":8164,"minecraft:climb_one_cm":32,"minecraft:total_world_time":40282,"minecraft:damage_resisted":1809,"minecraft:fall_one_cm":136327},"minecraft:crafted":{"minecraft:crafting_table":1,"minecraft:stick":4,"minecraft:wooden_pickaxe":1,"minecraft:wooden_axe":1,"minecraft:birch_planks":7,"minecraft:air":28},"minecraft:mined":{"minecraft:mossy_cobblestone_slab":9,"minecraft:fire":9,"treechop:chopped_log":1,"minecraft:crafting_table":1,"minecraft:grass":2,"minecraft:cobblestone":4},"minecraft:used":{"minecraft:wooden_axe":1,"minecraft:wooden_pickaxe":14,"minecraft:crafting_table":1}},"DataVersion":3465}