{"stats":{"minecraft:dropped":{"minecraft:porkchop":8,"minecraft:glow_ink_sac":1,"minecraft:diamond":3,"minecraft:crossbow":2,"minecraft:leather":1,"minecraft:item_frame":2,"minecraft:dirt":58,"minecraft:stone_button":3,"minecraft:mutton":3,"jujutsucraft:mei_mei_axe":1,"minecraft:sand":27,"minecraft:iron_pickaxe":1,"jujutsucraft:pendant_todo_aoi":1,"minecraft:white_wool":1,"minecraft:gravel":12,"minecraft:stone_axe":1,"minecraft:sugar_cane":16,"jujutsucraft:sword_miwa_kasumi":1,"minecraft:wheat":4,"minecraft:oak_planks":1,"jujutsucraft:naginata":1,"minecraft:salmon":1,"minecraft:poppy":2,"minecraft:melon_seeds":6,"minecraft:leather_leggings":1,"minecraft:painting":2,"jujutsucraft:clothes_zenin_2_chestplate":2,"minecraft:beef":16,"minecraft:stone_brick_stairs":2,"minecraft:oak_leaves":1,"minecraft:splash_potion":2,"minecraft:water_bucket":1,"minecraft:enchanted_book":1,"minecraft:vine":6,"minecraft:wheat_seeds":4,"minecraft:mangrove_leaves":2,"jujutsucraft:claws":1,"minecraft:feather":2,"minecraft:cobblestone":21,"jujutsucraft:sword_black":1,"minecraft:sculk_vein":2,"minecraft:apple":1,"minecraft:granite":3,"minecraft:tropical_fish":2,"minecraft:grass_block":3,"minecraft:coal":2,"jujutsucraft:hair_fushiguro_megumi_helmet":1,"minecraft:stick":10,"minecraft:gray_wool":2,"minecraft:diorite":3,"minecraft:torch":14,"minecraft:potion":1,"minecraft:iron_axe":1,"minecraft:lily_pad":1,"minecraft:bucket":2,"jujutsucraft:weapon_nanami":1,"jujutsucraft:uniform_normal_leggings":1,"minecraft:chicken":2,"minecraft:white_terracotta":10,"jujutsucraft:uniform_normal_chestplate":3,"minecraft:potato":1,"minecraft:stone":32,"minecraft:orange_terracotta":2,"minecraft:andesite":67,"minecraft:oak_sapling":9,"minecraft:stone_bricks":1,"minecraft:spider_eye":3,"minecraft:bamboo":4,"jujutsucraft:clothes_kusakabe_chestplate":1,"minecraft:sandstone":6,"minecraft:raw_gold":6,"jujutsucraft:uniform_normal_boots":1,"jujutsucraft:g_staff":1,"minecraft:terracotta":5},"minecraft:killed_by":{"jujutsucraft:cursed_spirit_grade_321":1,"jujutsucraft:max_elephant":12,"jujutsucraft:cursed_spirit_grade_24":1,"jujutsucraft:cursed_spirit_grade_07":1,"jujutsucraft:nue":3,"jujutsucraft:cursed_spirit_grade_22":1,"jujutsucraft:cursed_spirit_grade_28":1,"jujutsucraft:uzumaki":1,"jujutsucraft:tsukumo_yuki":1,"jujutsucraft:fushiguro_toji":2,"jujutsucraft:sukuna":2,"jujutsucraft:zenin_maki_culling_game":1,"jujutsucraft:cursed_spirit_grade_23":1,"jujutsucraft:daido_hagane":1,"jujutsucraft:uraume":1,"jujutsucraft:yorozu":1,"jujutsucraft:cursed_spirit_grade_317":1,"jujutsucraft:cursed_spirit_grade_29":1,"jujutsucraft:eight_handled_swrod_divergent_sila_divine_general_mahoraga":7,"jujutsucraft:gojo_satoru_school_days":2,"minecraft:player":69,"jujutsucraft:cursed_spirit_grade_14":2,"jujutsucraft:kenjaku":1,"jujutsucraft:cursed_spirit_grade_12":1,"jujutsucraft:yoshino_junpei":1,"jujutsucraft:flame_arrow":1,"jujutsucraft:cursed_spirit_grade_19":1,"jujutsucraft:fushiguro_toji_bug":2,"jujutsucraft:curse_user":6,"jujutsucraft:gojo_satoru":1,"jujutsucraft:sukuna_fushiguro":2,"jujutsucraft:okkotsu_yuta_culling_game":2,"jujutsucraft:moon_dregs":4,"jujutsucraft:geto_suguru_curse_user":1,"jujutsucraft:cursed_spirit_grade_210":1},"minecraft:killed":{"jujutsucraft:mimiko":5,"jujutsucraft:cursed_spirit_grade_32":45,"jujutsucraft:cursed_spirit_grade_31":14,"jujutsucraft:inumaki_toge":2,"jujutsucraft:cursed_spirit_grade_33":37,"jujutsucraft:stevenson_screen":9,"jujutsucraft:cursed_spirit_grade_11":6,"jujutsucraft:zenin_naobito":4,"jujutsucraft:doll_1":25,"jujutsucraft:cursed_spirit_grade_12":3,"jujutsucraft:earthen_insect_trance":10,"jujutsucraft:tiger_funeral":1,"jujutsucraft:fushiguro_megumi_shibuya":1,"jujutsucraft:cursed_spirit_grade_37":4,"jujutsucraft:cursed_spirit_grade_35":13,"jujutsucraft:round_deer":1,"minecraft:cod":195,"minecraft:dolphin":90,"minecraft:pufferfish":147,"jujutsucraft:cursed_spirit_grade_39":125,"jujutsucraft:cursed_spirit_grade_215":7,"jujutsucraft:larue":3,"minecraft:bee":16,"minecraft:chicken":99,"jujutsucraft:cursed_spirit_grade_15":8,"jujutsucraft:cursed_spirit_grade_19":4,"jujutsucraft:cursed_spirit_grade_16":4,"minecraft:axolotl":1,"jujutsucraft:panda_normal":4,"jujutsucraft:fist":13,"jujutsucraft:cursed_spirit_grade_214":4,"jujutsucraft:zenin_ogi":3,"jujutsucraft:cursed_spirit_grade_38":26,"jujutsucraft:cursed_spirit_grade_34":62,"minecraft:camel":1,"jujutsucraft:nobara_kugisaki":5,"minecraft:tropical_fish":1028,"jujutsucraft:higuruma_hiromi":3,"jujutsucraft:miyo_rokujushi":1,"jujutsucraft:mei_mei":1,"jujutsucraft:hazenoki":2,"jujutsucraft:ember_insect":1,"minecraft:cat":8,"jujutsucraft:eight_handled_swrod_divergent_sila_divine_general_mahoraga":2,"minecraft:wolf":10,"jujutsucraft:garuda":2,"minecraft:parrot":5,"minecraft:pig":60,"jujutsucraft:zenin_chojuro":2,"jujutsucraft:max_elephant":5,"jujutsucraft:truck":1,"jujutsucraft:nishimiya_momo":4,"minecraft:salmon":136,"jujutsucraft:cursed_spirit_grade_213":4,"jujutsucraft:itadori_yuji_shinjuku":3,"jujutsucraft:awasaka_jiro":4,"minecraft:iron_golem":5,"jujutsucraft:choso":1,"jujutsucraft:bathynomus_giganteus":2,"jujutsucraft:curse_user_1":18,"jujutsucraft:cursed_spirit_grade_211":7,"jujutsucraft:cursed_spirit_grade_07":2,"jujutsucraft:itadori_yuji":4,"minecraft:sheep":98,"jujutsucraft:panda_gorilla":5,"jujutsucraft:cursed_spirit_grade_29":10,"jujutsucraft:cursed_spirit_grade_28":3,"jujutsucraft:blue":1,"minecraft:pillager":149,"jujutsucraft:cursed_spirit_grade_314":48,"minecraft:donkey":3,"jujutsucraft:kenjaku":1,"jujutsucraft:cockroaches":120,"jujutsucraft:cursed_spirit_grade_18":5,"jujutsucraft:cursed_spirit_grade_17":2,"jujutsucraft:todo_aoi":1,"jujutsucraft:uro_takako":2,"minecraft:glow_squid":27,"jujutsucraft:zenin_maki_culling_game":1,"jujutsucraft:kashimo_hajime":1,"jujutsucraft:cursed_spirit_grade_110":5,"jujutsucraft:cursed_spirit_grade_315":60,"jujutsucraft:cursed_spirit_grade_212":9,"jujutsucraft:takaba_fumihiko":1,"jujutsucraft:ice_spear":30,"jujutsucraft:cursed_spirit_grade_06":3,"jujutsucraft:ino_takuma":1,"jujutsucraft:wooden_ball_1":6,"minecraft:cow":108,"jujutsucraft:entity_tornado":1,"jujutsucraft:transfigured_human_3":17,"jujutsucraft:cursed_spirit_grade_21":9,"jujutsucraft:reggie_star":1,"jujutsucraft:dhruv_lakdawalla":2,"jujutsucraft:nue":3,"jujutsucraft:nanako":2,"jujutsucraft:charles_bernard":4,"jujutsucraft:divine_dog_totality":1,"jujutsucraft:yorozu":2,"jujutsucraft:liquid_metal":4,"jujutsucraft:cursed_spirit_grade_24":9,"jujutsucraft:yoshino_junpei":6,"jujutsucraft:rock_fragment":3,"jujutsucraft:cursed_spirit_grade_318":57,"jujutsucraft:mahito":1,"jujutsucraft:cursed_spirit_grade_316":17,"jujutsucraft:cursed_spirit_grade_26":8,"jujutsucraft:cursed_spirit_grade_22":1,"jujutsucraft:kumiya_juzo":5,"jujutsucraft:transfigured_human_2":21,"jujutsucraft:cursed_spirit_grade_03":3,"jujutsucraft:cursed_spirit_grade_01":1,"jujutsucraft:miwa_kasumi":6,"jujutsucraft:cursed_spirit_grade_04":4,"minecraft:horse":28,"jujutsucraft:wooden_spear_1":1,"jujutsucraft:cursed_spirit_grade_05":3,"jujutsucraft:fox_fire":51,"jujutsucraft:shigemo_haruta":3,"jujutsucraft:body_repel":2,"jujutsucraft:cursed_spirit_grade_312":11,"jujutsucraft:cursed_spirit_grade_313":25,"jujutsucraft:kechizu":4,"jujutsucraft:toad":5,"jujutsucraft:rabbit_escape":92,"jujutsucraft:rozetsu_shikigami":2,"jujutsucraft:cursed_spirit_grade_08":1,"jujutsucraft:cursed_spirit_grade_23":7,"jujutsucraft:itadori_yuji_shibuya":2,"jujutsucraft:eso":2,"jujutsucraft:cursed_spirit_grade_317":64,"jujutsucraft:cockroach_larva":1,"jujutsucraft:transfigured_human_1":6,"jujutsucraft:kurusu_hana":9,"jujutsucraft:cursed_spirit_grade_27":7,"minecraft:ocelot":75,"jujutsucraft:okkotsu_yuta_culling_game":1,"jujutsucraft:dagon_2":1,"jujutsucraft:uraume":1,"jujutsucraft:cursed_spirit_grade_210":12,"jujutsucraft:entity_door":9,"jujutsucraft:dagon_1":1,"jujutsucraft:kukuru":9,"jujutsucraft:ice_spear_2":13,"jujutsucraft:jujutsu_sorcerer":30,"minecraft:rabbit":25,"jujutsucraft:cursed_spirit_grade_09":1,"jujutsucraft:piercing_ox":1,"minecraft:bat":82,"jujutsucraft:zenin_maki":2,"jujutsucraft:merged_beast_agito":1,"jujutsucraft:zenin_ranta":2,"jujutsucraft:curse_user":32,"jujutsucraft:mechamaru":2,"jujutsucraft:great_serpent":4,"jujutsucraft:yaga_masamichi":3,"minecraft:squid":1435,"jujutsucraft:divine_dog_white":2,"jujutsucraft:cursed_spirit_grade_321":58,"jujutsucraft:rozetsu":1,"jujutsucraft:entity_scissors":20,"jujutsucraft:cursed_spirit_grade_14":4,"jujutsucraft:cursed_spirit_grade_311":20,"jujutsucraft:cursed_spirit_grade_310":39,"jujutsucraft:negi_toshihisa":4,"jujutsucraft:slicing_exorcism":3,"jujutsucraft:miguel_dancer":3,"jujutsucraft:cursed_spirit_grade_36":48,"jujutsucraft:cursed_spirit_grade_25":9,"jujutsucraft:moon_dregs":3,"jujutsucraft:cursed_spirit_grade_02":2,"jujutsucraft:cursed_spirit_grade_319":38,"jujutsucraft:killer_1":4,"jujutsucraft:hoshi_kirara":3,"jujutsucraft:geto_suguru_curse_user":2,"jujutsucraft:cursed_spirit_grade_322":52,"minecraft:villager":107,"jujutsucraft:kamo_noritoshi":3,"jujutsucraft:q":6,"jujutsucraft:fushiguro_megumi":1,"jujutsucraft:gravestone_3":8,"jujutsucraft:ogami":5},"minecraft:mined":{"minecraft:dark_oak_planks":3,"minecraft:granite":2,"minecraft:grass_block":5,"minecraft:iron_ore":25,"minecraft:barrel":1,"minecraft:fire":12,"minecraft:iron_block":10,"minecraft:spruce_slab":2,"minecraft:deepslate_redstone_ore":2,"minecraft:orange_terracotta":2,"minecraft:torch":3,"minecraft:dead_bush":4,"minecraft:sugar_cane":6,"minecraft:wall_torch":2,"minecraft:white_terracotta":12,"minecraft:grass":8,"minecraft:sand":7,"minecraft:dirt":7,"minecraft:diamond_ore":32,"minecraft:dark_oak_log":1,"minecraft:decorated_pot":1,"minecraft:andesite":68,"treechop:chopped_log":1,"minecraft:deepslate_iron_ore":4,"minecraft:stone":17,"minecraft:crafting_table":1,"minecraft:tall_grass":3,"minecraft:ice":1,"minecraft:birch_leaves":1,"minecraft:coal_ore":45,"minecraft:terracotta":1,"minecraft:brown_terracotta":27,"minecraft:gold_ore":6},"minecraft:custom":{"minecraft:interact_with_crafting_table":6,"minecraft:open_barrel":17,"minecraft:leave_game":6,"minecraft:time_since_death":2742,"minecraft:damage_resisted":295961,"minecraft:sprint_one_cm":1398135,"minecraft:drop":111,"minecraft:talked_to_villager":1,"minecraft:play_time":449015,"minecraft:deaths":144,"minecraft:interact_with_brewingstand":2,"minecraft:jump":11919,"minecraft:walk_on_water_one_cm":91142,"minecraft:damage_dealt":372,"minecraft:player_kills":59,"minecraft:crouch_one_cm":20731,"minecraft:mob_kills":5853,"minecraft:damage_dealt_resisted":2908403,"minecraft:climb_one_cm":14661,"minecraft:walk_one_cm":3110589,"minecraft:damage_dealt_absorbed":1453,"minecraft:sneak_time":4192,"minecraft:walk_under_water_one_cm":38188,"minecraft:interact_with_blast_furnace":3,"minecraft:total_world_time":449015,"minecraft:time_since_rest":2782,"minecraft:damage_taken":112904,"minecraft:swim_one_cm":25245,"minecraft:fly_one_cm":12645942,"minecraft:open_chest":21,"minecraft:fall_one_cm":436092},"minecraft:picked_up":{"jujutsucraft:clothes_zenin_2_chestplate":2,"minecraft:wheat":4,"jujutsucraft:uniform_normal_boots":4,"minecraft:potion":2,"minecraft:enchanted_book":2,"minecraft:stone_brick_stairs":2,"minecraft:string":16,"minecraft:iron_leggings":1,"jujutsucraft:sword_black":5,"jujutsucraft:clothes_angel_chestplate":1,"minecraft:stick":10,"minecraft:oak_fence":1,"minecraft:torch":18,"epicfight:skillbook":2,"minecraft:porkchop":8,"minecraft:diorite":3,"minecraft:vine":6,"minecraft:andesite_wall":2,"minecraft:cactus":2,"jujutsucraft:naginata":2,"minecraft:tropical_fish":2,"minecraft:iron_block":10,"jujutsucraft:item_master_falling_blossom_emotion":1,"minecraft:white_terracotta":12,"minecraft:cobblestone":33,"jujutsucraft:clothes_kusakabe_chestplate":1,"minecraft:feather":2,"minecraft:andesite":131,"minecraft:brown_wool":1,"minecraft:potato":1,"minecraft:dirt":65,"minecraft:lantern":3,"jujutsucraft:pendant_todo_aoi":1,"minecraft:wheat_seeds":4,"jujutsucraft:split_soul_katana":1,"minecraft:raw_gold":6,"jujutsucraft:mei_mei_axe":2,"jujutsucraft:clothes_zenin_2_leggings":1,"minecraft:rabbit":1,"minecraft:bamboo":4,"jujutsucraft:glasses_maki_helmet":1,"minecraft:sand":29,"jujutsucraft:uniform_normal_chestplate":5,"minecraft:grass_block":3,"minecraft:dark_oak_log":1,"minecraft:barrel":1,"minecraft:diamond":35,"minecraft:crossbow":3,"minecraft:granite":3,"minecraft:bread":9,"jujutsucraft:claws":1,"minecraft:oak_sapling":9,"minecraft:oak_leaves":1,"minecraft:crafting_table":1,"minecraft:splash_potion":3,"minecraft:chicken":2,"minecraft:clay_ball":1,"minecraft:leather_leggings":1,"minecraft:chain":1,"minecraft:iron_axe":1,"minecraft:item_frame":2,"jujutsucraft:sword_ogi":2,"minecraft:beef":33,"jujutsucraft:sword_shigemo":1,"minecraft:poppy":2,"minecraft:sugar_cane":16,"jujutsucraft:hair_fushiguro_megumi_helmet":5,"minecraft:raw_iron":29,"minecraft:sandstone":6,"minecraft:stone":32,"minecraft:stone_button":3,"minecraft:redstone":10,"minecraft:dark_oak_planks":4,"minecraft:decorated_pot":1,"minecraft:mutton":8,"minecraft:white_wool":3,"minecraft:stripped_oak_log":1,"jujutsucraft:g_staff":1,"minecraft:glow_ink_sac":1,"minecraft:salmon":2,"minecraft:leather":11,"jujutsucraft:sukuna_finger":3,"minecraft:oak_log":13,"minecraft:lily_pad":1,"minecraft:sculk_vein":2,"jujutsucraft:uniform_normal_leggings":3,"minecraft:orange_terracotta":2,"jujutsucraft:weapon_nanami":1,"minecraft:apple":1,"minecraft:stone_bricks":1,"jujutsucraft:knife":1,"minecraft:iron_ingot":29,"jujutsucraft:sword_miwa_kasumi":1,"minecraft:gravel":12,"minecraft:spider_eye":3,"minecraft:mangrove_leaves":2,"minecraft:iron_helmet":1,"minecraft:painting":2,"minecraft:gray_wool":2,"minecraft:terracotta":5,"minecraft:melon_seeds":6,"minecraft:coal":45},"minecraft:used":{"jujutsucraft:mei_mei_axe":6,"minecraft:decorated_pot":1,"minecraft:white_terracotta":2,"jujutsucraft:sukuna_finger":10,"jujutsucraft:hair_fushiguro_megumi_helmet":1,"epicfight:skillbook":2,"minecraft:stone_pickaxe":98,"minecraft:oak_planks":44,"minecraft:wooden_pickaxe":7,"minecraft:sand":2,"jujutsucraft:uniform_normal_leggings":3,"minecraft:chain":1,"minecraft:oak_fence":1,"minecraft:torch":14,"minecraft:dirt":7,"jujutsucraft:cursed_spirit_grade_01_spawn_egg":1,"jujutsucraft:sword_black":16,"jujutsucraft:uniform_normal_boots":1,"minecraft:crafting_table":4,"jujutsucraft:uniform_normal_chestplate":3,"minecraft:iron_pickaxe":151,"jujutsucraft:dragon_bone":6,"minecraft:stone_axe":1,"minecraft:cobblestone":5,"minecraft:bucket":14,"minecraft:gray_wool":75,"jujutsucraft:mahoraga_wheel_helmet":1,"minecraft:splash_potion":1},"minecraft:crafted":{"minecraft:oak_planks":14,"minecraft:crafting_table":3,"minecraft:wooden_pickaxe":1,"minecraft:iron_chestplate":1,"minecraft:stick":8,"minecraft:iron_ingot":10,"minecraft:iron_pickaxe":1,"minecraft:stone_pickaxe":1,"minecraft:dark_oak_planks":1,"minecraft:bucket":3,"minecraft:stone_axe":1,"minecraft:air":157},"minecraft:broken":{"minecraft:iron_boots":1,"minecraft:iron_chestplate":1,"minecraft:iron_leggings":2}},"DataVersion":3465}