{"stats":{"minecraft:dropped":{"minecraft:vine":1,"minecraft:birch_leaves":2,"minecraft:wheat_seeds":3,"minecraft:mossy_cobblestone":1,"jujutsucraft:sword_shigemo":1,"minecraft:cobblestone":3,"jujutsucraft:sword_black":2,"minecraft:andesite_wall":1,"minecraft:leather":7,"minecraft:grass_block":1,"minecraft:birch_slab":1,"minecraft:item_frame":7,"minecraft:iron_block":2,"minecraft:dirt":1,"jujutsucraft:clothes_zenin_leggings":2,"minecraft:grass":2,"minecraft:gray_wool":2,"minecraft:mossy_cobblestone_slab":14,"minecraft:mutton":3,"minecraft:wooden_axe":1,"minecraft:polished_andesite_stairs":1,"minecraft:string":2,"jujutsucraft:dragon_bone":1,"minecraft:white_wool":1,"jujutsucraft:sukuna_finger":1,"minecraft:dandelion":1,"minecraft:bone":4,"minecraft:gravel":3,"jujutsucraft:nyoi_staff":1,"minecraft:sugar_cane":2,"jujutsucraft:uniform_normal_leggings":2,"minecraft:coarse_dirt":2,"jujutsucraft:playful_cloud":1,"jujutsucraft:sword_miwa_kasumi":3,"jujutsucraft:item_master_simple_domain":1,"minecraft:birch_sapling":5,"minecraft:wheat":1,"minecraft:obsidian":3,"jujutsucraft:cursed_technique_changer":5,"minecraft:tall_grass":4,"minecraft:wither_skeleton_skull":1,"jujutsucraft:sword_okkotsu_yuta":1,"jujutsucraft:naginata":1,"minecraft:glow_lichen":2,"minecraft:salmon":1,"jujutsucraft:glasses_maki_chestplate":2,"jujutsucraft:uniform_normal_chestplate":2,"minecraft:poppy":2,"minecraft:flower_pot":3,"jujutsucraft:sword_kusakabe":1,"minecraft:stone_brick_wall":1,"minecraft:wooden_pickaxe":1,"minecraft:beef":7,"jujutsucraft:uniform_normal_boots":1,"minecraft:oak_leaves":32},"minecraft:picked_up":{"minecraft:suspicious_gravel":1,"minecraft:coarse_dirt":2,"minecraft:crafting_table":2,"minecraft:flower_pot":3,"minecraft:stone_brick_wall":1,"jujutsucraft:cursed_technique_changer":2,"minecraft:string":3,"minecraft:smooth_stone_slab":3,"jujutsucraft:clothes_zenin_leggings":1,"minecraft:item_frame":7,"jujutsucraft:sword_black":1,"minecraft:spruce_planks":2,"minecraft:beef":7,"jujutsucraft:sword_shigemo":1,"minecraft:poppy":2,"minecraft:sugar_cane":2,"minecraft:birch_sapling":7,"minecraft:stick":3,"jujutsucraft:playful_cloud":1,"jujutsucraft:item_master_simple_domain":1,"jujutsucraft:glasses_maki_chestplate":2,"jujutsucraft:sword_okkotsu_yuta":1,"minecraft:porkchop":4,"minecraft:vine":1,"jujutsucraft:uniform_q_leggings":1,"minecraft:andesite_wall":1,"minecraft:stone_sword":1,"jujutsucraft:naginata":1,"minecraft:iron_block":13,"minecraft:gold_ingot":5,"minecraft:mutton":5,"minecraft:white_wool":1,"minecraft:cobblestone":6,"minecraft:birch_log":7,"minecraft:birch_leaves":2,"minecraft:mossy_cobblestone_slab":15,"minecraft:birch_slab":1,"minecraft:salmon":1,"minecraft:leather":7,"jujutsucraft:sukuna_finger":1,"jujutsucraft:sword_kusakabe":1,"minecraft:dirt":1,"jujutsucraft:uniform_normal_leggings":1,"minecraft:bone":4,"minecraft:wheat_seeds":3,"minecraft:iron_ingot":3,"minecraft:tall_grass":4,"jujutsucraft:sword_miwa_kasumi":3,"minecraft:verdant_froglight":1,"minecraft:polished_andesite_stairs":1,"jujutsucraft:dragon_bone":1,"minecraft:glow_lichen":2,"minecraft:dandelion":1,"minecraft:gravel":3,"jujutsucraft:uniform_normal_chestplate":1,"minecraft:grass_block":1,"minecraft:barrel":2,"minecraft:mossy_cobblestone":1,"minecraft:grass":2,"jujutsucraft:clothes_sukuna_fushiguro_chestplate":1,"minecraft:gray_wool":2,"minecraft:oak_leaves":32},"minecraft:killed":{"jujutsucraft:mimiko":1,"jujutsucraft:cursed_spirit_grade_32":14,"jujutsucraft:transfigured_human_3":5,"jujutsucraft:cursed_spirit_grade_31":3,"jujutsucraft:cursed_spirit_grade_33":15,"jujutsucraft:stevenson_screen":5,"jujutsucraft:nanako":1,"jujutsucraft:cursed_spirit_grade_11":2,"jujutsucraft:cursed_spirit_grade_12":1,"jujutsucraft:cursed_spirit_grade_24":3,"jujutsucraft:cursed_spirit_grade_37":1,"jujutsucraft:cursed_spirit_grade_35":2,"jujutsucraft:cursed_spirit_grade_318":5,"jujutsucraft:cursed_spirit_grade_316":8,"jujutsucraft:cursed_spirit_grade_26":5,"jujutsucraft:cursed_spirit_grade_22":1,"jujutsucraft:kumiya_juzo":1,"jujutsucraft:transfigured_human_2":3,"jujutsucraft:cursed_spirit_grade_01":1,"jujutsucraft:zenin_naoya_cursed_spirit_1":1,"jujutsucraft:cursed_spirit_grade_39":54,"jujutsucraft:shigemo_haruta":2,"jujutsucraft:cursed_spirit_grade_312":4,"jujutsucraft:cursed_spirit_grade_313":2,"jujutsucraft:cursed_spirit_grade_215":2,"jujutsucraft:larue":1,"jujutsucraft:cursed_spirit_grade_15":1,"jujutsucraft:kechizu":1,"jujutsucraft:cursed_spirit_grade_19":2,"jujutsucraft:rozetsu_shikigami":11,"jujutsucraft:cursed_spirit_grade_08":2,"jujutsucraft:cursed_spirit_grade_214":3,"jujutsucraft:cursed_spirit_grade_317":23,"jujutsucraft:cursed_spirit_grade_38":4,"jujutsucraft:cursed_spirit_grade_34":7,"jujutsucraft:transfigured_human_1":3,"jujutsucraft:miyo_rokujushi":1,"jujutsucraft:cursed_spirit_grade_27":3,"jujutsucraft:hazenoki":1,"jujutsucraft:ember_insect":1,"jujutsucraft:cursed_spirit_grade_210":1,"jujutsucraft:kukuru":4,"jujutsucraft:ice_spear_2":3,"jujutsucraft:jujutsu_sorcerer":5,"jujutsucraft:cursed_spirit_grade_213":2,"jujutsucraft:awasaka_jiro":1,"minecraft:iron_golem":1,"jujutsucraft:zenin_maki":2,"jujutsucraft:cursed_spirit_grade_211":1,"jujutsucraft:curse_user_1":5,"jujutsucraft:coffin":4,"jujutsucraft:curse_user":5,"jujutsucraft:itadori_yuji":1,"jujutsucraft:cursed_spirit_grade_321":13,"minecraft:sheep":1,"jujutsucraft:cursed_spirit_grade_29":3,"jujutsucraft:cursed_spirit_grade_28":2,"jujutsucraft:rozetsu":1,"jujutsucraft:cursed_spirit_grade_314":14,"jujutsucraft:entity_scissors":1,"jujutsucraft:cursed_spirit_grade_14":3,"jujutsucraft:cursed_spirit_grade_311":7,"jujutsucraft:cursed_spirit_grade_310":5,"jujutsucraft:negi_toshihisa":3,"jujutsucraft:slicing_exorcism":1,"jujutsucraft:cursed_spirit_grade_18":2,"jujutsucraft:cursed_spirit_grade_36":15,"jujutsucraft:cursed_spirit_grade_25":4,"jujutsucraft:cursed_spirit_grade_110":2,"jujutsucraft:cursed_spirit_grade_315":17,"jujutsucraft:cursed_spirit_grade_212":2,"jujutsucraft:cursed_spirit_grade_319":9,"jujutsucraft:cursed_spirit_grade_322":14,"minecraft:villager":1,"jujutsucraft:q":4,"jujutsucraft:entity_tornado":1,"jujutsucraft:gravestone_3":4},"minecraft:killed_by":{"jujutsucraft:cursed_spirit_grade_01":3,"jujutsucraft:cursed_spirit_grade_15":1,"jujutsucraft:shikigami_pterosaur":1,"jujutsucraft:cursed_spirit_grade_16":2,"jujutsucraft:cursed_spirit_grade_05":2,"jujutsucraft:uro_takako":1,"jujutsucraft:miyo_rokujushi":1,"jujutsucraft:curse_user_1":1,"jujutsucraft:zenin_ogi":4,"jujutsucraft:higuruma_hiromi":1,"jujutsucraft:uraume":1,"jujutsucraft:cursed_spirit_grade_29":1},"minecraft:custom":{"minecraft:mob_kills":387,"minecraft:interact_with_crafting_table":3,"minecraft:open_barrel":40,"minecraft:damage_dealt_resisted":212105,"minecraft:time_since_death":45754,"minecraft:damage_resisted":42079,"minecraft:climb_one_cm":3464,"minecraft:sprint_one_cm":1396631,"minecraft:walk_one_cm":779682,"minecraft:drop":85,"minecraft:damage_dealt_absorbed":55,"minecraft:talked_to_villager":2,"minecraft:play_time":136282,"minecraft:deaths":21,"minecraft:sneak_time":376,"minecraft:walk_under_water_one_cm":1234,"minecraft:jump":3662,"minecraft:walk_on_water_one_cm":22441,"minecraft:total_world_time":136282,"minecraft:interact_with_loom":1,"minecraft:time_since_rest":45776,"minecraft:damage_taken":18684,"minecraft:damage_dealt":12792,"minecraft:swim_one_cm":577,"minecraft:player_kills":19,"minecraft:fly_one_cm":3034373,"minecraft:open_chest":27,"minecraft:crouch_one_cm":1870,"minecraft:fall_one_cm":516943},"minecraft:crafted":{"minecraft:stone_pickaxe":1,"minecraft:crafting_table":2,"minecraft:wooden_pickaxe":1,"minecraft:birch_planks":7,"minecraft:air":132,"minecraft:stick":5,"minecraft:iron_ingot":11,"minecraft:iron_pickaxe":1,"minecraft:wooden_axe":1},"minecraft:mined":{"minecraft:mossy_cobblestone":1,"minecraft:mossy_cobblestone_slab":10,"minecraft:fire":9,"minecraft:barrel":2,"treechop:chopped_log":1,"minecraft:iron_block":12,"minecraft:crafting_table":2,"minecraft:polished_andesite_stairs":1,"minecraft:andesite_wall":1,"minecraft:cobblestone":4,"minecraft:sculk":1,"minecraft:smooth_stone_slab":3,"minecraft:grass":5,"minecraft:dirt":1},"minecraft:used":{"minecraft:spruce_planks":2,"minecraft:wooden_axe":2,"minecraft:mossy_cobblestone_slab":1,"minecraft:birch_planks":8,"minecraft:stone_pickaxe":13,"minecraft:wooden_pickaxe":14,"minecraft:crafting_table":3,"minecraft:iron_pickaxe":7,"minecraft:verdant_froglight":1}},"DataVersion":3465}