{"stats":{"minecraft:mined":{"minecraft:large_amethyst_bud":1,"create:deepslate_zinc_ore":14,"minecraft:spruce_planks":80,"minecraft:white_bed":2,"minecraft:oak_sapling":60,"create:andesite_casing":2,"minecraft:sculk_vein":6,"minecraft:obsidian":28,"minecraft:spruce_trapdoor":2,"minecraft:granite":4,"minecraft:grass_block":66,"chipped:glassblower":2,"minecraft:deepslate_bricks":98,"diagonalfences:createdeco/andesite_mesh_fence":4,"minecraft:nether_wart":20,"minecraft:tall_seagrass":3,"minecraft:magma_block":25,"minecraft:glowstone":11,"minecraft:iron_ore":80,"minecraft:cobbled_deepslate":280,"minecraft:fire":71,"minecraft:barrel":4,"minecraft:moss_carpet":2,"minecraft:nether_brick_stairs":2,"chunkloaders:single_chunk_loader":4,"minecraft:deepslate_brick_stairs":5,"create:limestone":1,"minecraft:spruce_slab":6,"minecraft:jungle_trapdoor":2,"minecraft:jungle_button":1,"minecraft:deepslate_redstone_ore":22,"minecraft:brown_mushroom":11,"minecraft:kelp_plant":22,"minecraft:smoker":3,"minecraft:crimson_nylium":3,"minecraft:amethyst_cluster":2,"minecraft:clay":1,"minecraft:torch":8,"diagonalfences:minecraft/oak_fence":1,"minecraft:melon":3,"minecraft:chest":9,"minecraft:glass":1,"minecraft:nether_quartz_ore":102,"minecraft:cobblestone":235,"chunkloaders:ultimate_chunk_loader":3,"minecraft:sugar_cane":7,"minecraft:oak_planks":483,"minecraft:wall_torch":23,"minecraft:deepslate_copper_ore":3,"minecraft:seagrass":2,"minecraft:pumpkin_stem":1,"minecraft:birch_door":6,"minecraft:grass":4,"diagonalwindows:minecraft/glass_pane":3,"minecraft:oak_log":1,"minecraft:sand":61,"minecraft:dirt":145,"minecraft:netherrack":72,"minecraft:oak_leaves":6,"minecraft:deepslate":207,"create:zinc_ore":72,"minecraft:tuff":16,"minecraft:deepslate_diamond_ore":5,"minecraft:oak_door":10,"farmersdelight:wild_carrots":13,"minecraft:ladder":9,"minecraft:jungle_planks":27,"minecraft:spruce_leaves":11,"minecraft:kelp":46,"minecraft:redstone_ore":1,"minecraft:spruce_sapling":72,"minecraft:furnace":2,"minecraft:carrots":27,"minecraft:stripped_spruce_log":1,"minecraft:andesite":68,"treechop:chopped_log":39,"minecraft:polished_deepslate":2,"minecraft:potatoes":15,"minecraft:deepslate_iron_ore":13,"minecraft:lantern":4,"minecraft:wet_sponge":7,"minecraft:stone":1146,"minecraft:white_wool":11,"minecraft:oak_slab":1,"minecraft:soul_sand":20,"minecraft:spruce_door":4,"minecraft:crafting_table":10,"minecraft:sponge":6,"minecraft:sculk_sensor":1,"minecraft:lightning_rod":1,"minecraft:copper_ore":56,"minecraft:diorite":2,"minecraft:birch_planks":12,"minecraft:cactus":13,"minecraft:spruce_log":25,"minecraft:birch_leaves":9,"minecraft:coal_ore":58,"minecraft:gravel":38,"minecraft:oak_button":43,"minecraft:spruce_fence_gate":4,"minecraft:gold_ore":8,"minecraft:fern":1},"minecraft:crafted":{"minecraft:smooth_stone":9,"minecraft:oak_planks":1608,"minecraft:barrel":215,"create_sa:brass_leggings":1,"minecraft:cooked_chicken":4,"minecraft:stone":74,"minecraft:lever":6,"create:item_vault":88,"create:mechanical_bearing":1,"create:deployer":6,"minecraft:cooked_mutton":3,"minecraft:iron_bars":16,"minecraft:deepslate_brick_stairs":52,"create:rotation_speed_controller":2,"minecraft:glass":30,"minecraft:hopper":3,"create:andesite_funnel":10,"create:mechanical_press":3,"create_sa:brass_helmet":1,"minecraft:chest":29,"create:spout":2,"minecraft:copper_block":7,"minecraft:birch_door":3,"minecraft:dried_kelp_block":1,"create:brass_funnel":10,"minecraft:stone_hoe":1,"create:cogwheel":181,"minecraft:oak_fence":45,"create:brass_hand":6,"minecraft:smoker":4,"create:depot":5,"minecraft:oak_slab":198,"create:rose_quartz":25,"create_sa:large_filling_tank":1,"minecraft:cooked_porkchop":17,"minecraft:crafting_table":17,"minecraft:spruce_planks":1268,"create:mechanical_saw":4,"create:fluid_pipe":32,"minecraft:wooden_pickaxe":1,"minecraft:iron_helmet":1,"minecraft:spruce_door":3,"create:sand_paper":4,"minecraft:birch_planks":20,"create:gearshift":3,"create:encased_chain_drive":15,"create:mechanical_mixer":1,"create:stressometer":2,"create:gearbox":6,"create:encased_fan":8,"minecraft:spruce_trapdoor":6,"minecraft:paper":6,"create:water_wheel":17,"minecraft:diamond_pickaxe":1,"minecraft:shield":1,"minecraft:stone_slab":6,"create:portable_storage_interface":2,"create:super_glue":1,"minecraft:stick":112,"create:mechanical_pump":4,"minecraft:iron_ingot":106,"minecraft:iron_pickaxe":7,"minecraft:iron_block":3,"minecraft:gold_ingot":34,"create_sa:medium_filling_tank":1,"create:large_cogwheel":57,"create:propeller":11,"minecraft:spruce_fence_gate":6,"minecraft:deepslate_bricks":492,"minecraft:shears":2,"create:empty_blaze_burner":11,"create:chute":72,"create_sa:large_fueling_tank":1,"minecraft:oak_door":3,"create:wrench":1,"create:steam_engine":7,"minecraft:iron_nugget":558,"create:white_sail":32,"create:smart_chute":5,"minecraft:furnace":9,"minecraft:blast_furnace":2,"minecraft:jungle_trapdoor":8,"create_sa:medium_fueling_tank":1,"minecraft:bone_meal":288,"minecraft:spruce_fence":18,"minecraft:glass_pane":48,"minecraft:flint_and_steel":1,"minecraft:lantern":2,"minecraft:polished_deepslate":672,"minecraft:iron_axe":5,"minecraft:ladder":12,"minecraft:spruce_slab":528,"minecraft:slime_ball":4,"create:millstone":14,"minecraft:lime_dye":8,"minecraft:stone_pickaxe":2,"create:fluid_tank":129,"minecraft:diamond_boots":1,"create_sa:brass_boots":1,"minecraft:redstone_block":1,"create:hose_pulley":1,"create:basin":2,"create:electron_tube":25,"create:belt_connector":14,"create:filter":6,"create:windmill_bearing":1,"minecraft:cooked_beef":44,"create:andesite_alloy":36,"create:hand_crank":3,"minecraft:dried_kelp":102,"minecraft:deepslate_brick_slab":6,"create:dough":4,"create:goggles":1,"create:large_water_wheel":15,"create_sa:small_filling_tank":1,"minecraft:bucket":12,"create:item_drain":1,"minecraft:stone_axe":3,"minecraft:jungle_slab":12,"minecraft:air":0,"minecraft:jungle_planks":260,"create:speedometer":1,"minecraft:oak_boat":1,"create:whisk":1,"create:mechanical_arm":1,"minecraft:white_dye":4,"create:mechanical_crafter":21,"minecraft:iron_shovel":1,"minecraft:iron_leggings":1,"create_sa:small_fueling_tank":1,"create:mechanical_drill":15,"create:shaft":248,"minecraft:acacia_planks":8,"minecraft:torch":52},"minecraft:picked_up":{"minecraft:birch_door":9,"minecraft:wheat":3,"create:wrench":1,"minecraft:enchanted_book":7,"minecraft:polished_deepslate":2,"minecraft:string":9,"minecraft:raw_copper":618,"create:limestone":1,"create:unprocessed_obsidian_sheet":9,"create:sand_paper":1,"minecraft:gold_nugget":1,"minecraft:cobbled_deepslate":1042,"minecraft:bucket":5,"minecraft:spruce_planks":79,"chipped:glassblower":2,"minecraft:melon_slice":16,"minecraft:iron_boots":2,"minecraft:furnace":2,"minecraft:stick":89,"minecraft:oak_fence":1,"minecraft:torch":42,"create:andesite_casing":2,"minecraft:porkchop":17,"epicfight:skillbook":3,"minecraft:dried_kelp":64,"minecraft:lightning_rod":2,"minecraft:diorite":2,"create:large_cogwheel":4,"minecraft:cactus":28,"minecraft:rotten_flesh":27,"minecraft:obsidian":28,"minecraft:deepslate_brick_stairs":5,"minecraft:sponge":4,"minecraft:cobblestone":1870,"minecraft:birch_log":10,"minecraft:magma_block":17,"minecraft:feather":5,"minecraft:cooked_beef":21,"minecraft:andesite":366,"minecraft:jungle_log":96,"minecraft:golden_leggings":1,"minecraft:smoker":3,"minecraft:potato":62,"minecraft:flint":193,"minecraft:tuff":1,"create:raw_zinc":93,"create:incomplete_precision_mechanism":1,"minecraft:dirt":568,"minecraft:lantern":4,"minecraft:name_tag":2,"minecraft:leather_boots":1,"minecraft:bone":9,"minecraft:wheat_seeds":2,"chipped:glow_torch":11,"minecraft:raw_gold":34,"minecraft:mossy_stone_bricks":3,"minecraft:diamond_helmet":1,"minecraft:glowstone_dust":39,"minecraft:oak_planks":428,"minecraft:ghast_tear":1,"create:cogwheel":6,"minecraft:sand":61,"minecraft:jungle_planks":27,"minecraft:stripped_spruce_log":1,"minecraft:nether_brick_stairs":2,"minecraft:barrel":14,"minecraft:spruce_fence_gate":4,"create:filter":1,"minecraft:diamond":27,"minecraft:lever":1,"minecraft:granite":3,"minecraft:crossbow":1,"minecraft:golden_apple":2,"minecraft:oak_sapling":182,"minecraft:netherrack":99,"minecraft:crafting_table":10,"minecraft:ladder":9,"minecraft:chicken":6,"minecraft:nether_wart":20,"minecraft:clay_ball":4,"minecraft:brown_mushroom":8,"farmersdelight:chicken_soup":1,"minecraft:shield":1,"minecraft:jungle_trapdoor":2,"minecraft:moss_carpet":18,"minecraft:iron_axe":2,"minecraft:flint_and_steel":2,"create:chute":1,"minecraft:beef":33,"minecraft:oak_boat":1,"minecraft:spruce_slab":6,"minecraft:sugar_cane":19,"minecraft:chest":9,"minecraft:birch_sapling":13,"minecraft:spruce_trapdoor":2,"minecraft:egg":3,"minecraft:raw_iron":425,"minecraft:oak_door":12,"minecraft:copper_ingot":1,"sophisticatedbackpacks:backpack":1,"create_sa:brass_jetpack_chestplate":1,"create:hand_crank":1,"minecraft:redstone":345,"minecraft:carrot":112,"minecraft:arrow":6,"minecraft:diamond_chestplate":1,"minecraft:deepslate_bricks":97,"farmersdelight:hamburger":1,"minecraft:gold_ingot":76,"minecraft:mutton":3,"minecraft:white_wool":28,"createdeco:andesite_mesh_fence":4,"minecraft:wet_sponge":7,"minecraft:birch_leaves":2,"minecraft:glow_ink_sac":1,"minecraft:leather":3,"minecraft:birch_planks":11,"chunkloaders:single_chunk_loader":4,"minecraft:oak_log":233,"minecraft:jungle_button":1,"minecraft:gunpowder":3,"create:crushing_wheel":4,"minecraft:stone_bricks":2,"minecraft:apple":14,"minecraft:kelp":143,"farmersdelight:apple_cider":2,"minecraft:iron_ingot":151,"minecraft:soul_sand":19,"sophisticatedbackpacks:diamond_backpack":1,"minecraft:book":9,"minecraft:oak_slab":1,"create:large_water_wheel":3,"minecraft:quartz":182,"minecraft:dandelion":8,"minecraft:gravel":35,"minecraft:lava_bucket":34,"minecraft:amethyst_shard":8,"minecraft:spruce_sapling":90,"minecraft:white_bed":2,"minecraft:spruce_log":43,"minecraft:spruce_door":4,"minecraft:spider_eye":4,"create:electron_tube":1,"minecraft:iron_helmet":1,"minecraft:gray_wool":3,"minecraft:oak_button":41,"chunkloaders:ultimate_chunk_loader":3,"minecraft:coal":61,"minecraft:hopper":6},"minecraft:broken":{"minecraft:iron_leggings":1,"minecraft:stone_pickaxe":2,"minecraft:stone_axe":2,"minecraft:iron_axe":4,"minecraft:iron_pickaxe":4,"create:sand_paper":3},"minecraft:dropped":{"minecraft:cooked_beef":48,"minecraft:glow_ink_sac":1,"chunkloaders:advanced_chunk_loader":1,"minecraft:flint":89,"minecraft:dirt":2,"minecraft:bone_meal":1,"minecraft:white_wool":2,"minecraft:oak_door":2,"minecraft:iron_nugget":356,"minecraft:cobbled_deepslate":5,"minecraft:wheat":6,"minecraft:birch_sapling":4,"minecraft:rotten_flesh":14,"minecraft:oak_planks":1,"minecraft:eye_armor_trim_smithing_template":1,"minecraft:gunpowder":3,"minecraft:hopper":1,"create:wrench":1,"create:limestone":1,"minecraft:birch_door":2,"minecraft:spruce_slab":2,"minecraft:arrow":6,"create:andesite_alloy":6,"minecraft:iron_ingot":130,"create:rose_quartz":27,"minecraft:wheat_seeds":2,"minecraft:feather":2,"minecraft:cobblestone":151,"create:chute":1,"minecraft:copper_ingot":65,"minecraft:spruce_door":1,"minecraft:stick":1,"minecraft:lava_bucket":40,"minecraft:diorite":2,"minecraft:iron_axe":2,"minecraft:string":2,"minecraft:bucket":8,"create:sand_paper":1,"minecraft:dandelion":8,"minecraft:redstone":3,"minecraft:kelp":11,"create:shaft":2,"sophisticatedbackpacks:backpack":1,"create:zinc_ingot":64,"minecraft:andesite":352,"minecraft:spider_eye":1,"minecraft:slime_ball":2,"minecraft:wooden_pickaxe":1,"create:electron_tube":1,"epicfight:skillbook":3},"minecraft:used":{"minecraft:moss_carpet":18,"create:deployer":12,"minecraft:iron_shovel":91,"minecraft:polished_deepslate":155,"minecraft:spruce_slab":163,"minecraft:ladder":14,"create:portable_storage_interface":4,"minecraft:chest":33,"minecraft:shield":23,"minecraft:stone":150,"create:mechanical_bearing":1,"create:fluid_tank":45,"minecraft:soul_sand":1,"create:white_sail":31,"create:cogwheel":415,"minecraft:jungle_planks":80,"create:mechanical_crafter":31,"minecraft:carrot":138,"minecraft:deepslate_brick_slab":1,"create:depot":12,"createchunkloading:chunk_loader":7,"minecraft:tuff":1,"create:speedometer":2,"minecraft:stripped_spruce_log":27,"minecraft:obsidian":21,"minecraft:lava_bucket":19,"minecraft:lantern":6,"minecraft:wet_sponge":6,"create:millstone":17,"create:rope_pulley":2,"create:andesite_funnel":14,"createdeco:andesite_mesh_fence":4,"create:rotation_speed_controller":10,"create:shaft":397,"minecraft:oak_sapling":22,"create:steam_engine":11,"minecraft:furnace":5,"create:mechanical_drill":27,"create_power_loader:brass_chunk_loader":2,"minecraft:egg":3,"minecraft:potato":53,"farmersdelight:hamburger":1,"farmersdelight:chicken_soup":1,"epicfight:skillbook":7,"minecraft:birch_leaves":4,"minecraft:spruce_door":5,"create:crushing_wheel":10,"minecraft:oak_planks":785,"minecraft:stone_pickaxe":262,"minecraft:cactus":19,"minecraft:wooden_pickaxe":6,"minecraft:redstone_block":1,"minecraft:sugar_cane":5,"chunkloaders:single_chunk_loader":25,"create:mechanical_saw":8,"create:spout":5,"minecraft:sand":1,"minecraft:blast_furnace":2,"minecraft:sponge":15,"minecraft:shears":6,"minecraft:pumpkin_seeds":1,"minecraft:deepslate_brick_stairs":57,"minecraft:lightning_rod":2,"minecraft:lever":5,"chipped:glow_torch":1,"minecraft:melon_slice":13,"create:andesite_casing":3,"create:basin":2,"create:stressometer":4,"minecraft:andesite":5,"minecraft:birch_log":5,"minecraft:oak_boat":1,"minecraft:bone_meal":291,"create:large_cogwheel":98,"minecraft:oak_fence":43,"minecraft:acacia_log":1,"minecraft:flint_and_steel":5,"create:item_vault":70,"minecraft:spruce_planks":275,"minecraft:stone_hoe":80,"minecraft:cooked_chicken":4,"minecraft:netherrack":84,"minecraft:oak_door":10,"minecraft:torch":85,"create:mechanical_pump":10,"minecraft:dirt":298,"create:mechanical_mixer":1,"minecraft:hopper":26,"minecraft:jungle_trapdoor":6,"create:smart_chute":6,"create:chute":66,"minecraft:birch_door":8,"create:gearbox":15,"chunkloaders:ultimate_chunk_loader":4,"create:wrench":670,"chipped:glassblower":2,"minecraft:iron_axe":971,"create:hose_pulley":1,"minecraft:jungle_log":10,"minecraft:melon_seeds":1,"create:creative_motor":3,"minecraft:barrel":13,"create:encased_chain_drive":13,"minecraft:beef":8,"minecraft:gray_glazed_terracotta":2,"create:fluid_pipe":82,"minecraft:cooked_beef":15,"minecraft:cobbled_deepslate":322,"create:belt_connector":35,"create:gearshift":9,"minecraft:cooked_mutton":4,"minecraft:water_bucket":104,"chunkloaders:basic_chunk_loader":1,"minecraft:birch_planks":12,"create:empty_blaze_burner":10,"minecraft:baked_potato":2,"minecraft:spruce_fence_gate":9,"minecraft:deepslate_bricks":490,"create:blaze_burner":13,"create:item_drain":1,"create:encased_fan":9,"create:brass_funnel":15,"minecraft:oak_slab":1,"minecraft:crafting_table":17,"minecraft:white_bed":2,"minecraft:spruce_log":175,"create:filter":15,"minecraft:smoker":5,"minecraft:oak_log":7,"minecraft:wooden_hoe":4,"farmersdelight:apple_cider":2,"minecraft:diamond_pickaxe":1119,"minecraft:apple":9,"create:mechanical_press":3,"create:windmill_bearing":1,"minecraft:iron_pickaxe":1314,"minecraft:stone_slab":1,"create:water_wheel":3,"minecraft:spruce_trapdoor":8,"create:mechanical_arm":43,"minecraft:spruce_sapling":19,"create:large_water_wheel":46,"minecraft:stone_axe":338,"minecraft:cobblestone":926,"minecraft:cooked_porkchop":17,"minecraft:bucket":104,"minecraft:glass_pane":40,"create:hand_crank":8,"create:elevator_pulley":2,"minecraft:smooth_stone":3},"minecraft:custom":{"lootr:looted_stat":4,"minecraft:interact_with_crafting_table":265,"minecraft:open_barrel":81,"minecraft:leave_game":20,"minecraft:time_since_death":39690,"minecraft:sprint_one_cm":2493534,"minecraft:damage_blocked_by_shield":632,"minecraft:drop":151,"minecraft:talked_to_villager":1,"minecraft:play_time":1394741,"minecraft:deaths":77,"minecraft:jump":12311,"minecraft:walk_on_water_one_cm":380417,"minecraft:interact_with_furnace":89,"minecraft:sleep_in_bed":16,"minecraft:damage_dealt":14271,"minecraft:player_kills":15,"minecraft:crouch_one_cm":220985,"minecraft:interact_with_smoker":17,"minecraft:use_cauldron":1,"minecraft:inspect_dispenser":2,"minecraft:interact_with_smithing_table":1,"minecraft:interact_with_anvil":3,"minecraft:mob_kills":72,"minecraft:inspect_hopper":25,"minecraft:damage_dealt_resisted":69,"minecraft:climb_one_cm":109828,"minecraft:walk_one_cm":6530280,"minecraft:damage_dealt_absorbed":121,"minecraft:sneak_time":43954,"minecraft:walk_under_water_one_cm":1101390,"minecraft:boat_one_cm":73513,"minecraft:interact_with_blast_furnace":6,"minecraft:total_world_time":1394741,"minecraft:time_since_rest":39713,"minecraft:damage_taken":20076,"minecraft:damage_absorbed":3,"minecraft:swim_one_cm":522335,"minecraft:fly_one_cm":4685994,"minecraft:open_chest":1100,"minecraft:fall_one_cm":402038},"minecraft:killed":{"minecraft:zombified_piglin":1,"minecraft:spider":5,"minecraft:skeleton":6,"minecraft:chicken":6,"minecraft:silverfish":2,"minecraft:magma_cube":1,"minecraft:piglin":1,"minecraft:pig":8,"minecraft:creeper":2,"minecraft:sheep":2,"minecraft:zombie":17,"minecraft:ghast":3,"minecraft:cow":4,"minecraft:drowned":10,"minecraft:husk":2,"minecraft:wither_skeleton":2},"minecraft:killed_by":{"minecraft:zombified_piglin":2,"minecraft:magma_cube":2,"minecraft:player":12,"minecraft:skeleton":3}},"DataVersion":3465}