{"stats":{"minecraft:used":{"minecraft:iron_shovel":122,"minecraft:chest":4,"minecraft:shield":1,"minecraft:stone":2,"minecraft:torch":20,"minecraft:dirt":111,"create:mechanical_mixer":1,"create:white_sail":74,"create:cogwheel":35,"create:depot":1,"create:speedometer":1,"create:wrench":42,"minecraft:iron_axe":94,"create:millstone":1,"minecraft:stone_bricks":1,"create:shaft":3,"minecraft:oak_sapling":12,"minecraft:furnace":2,"minecraft:acacia_fence":1,"minecraft:cobbled_deepslate":3,"minecraft:cooked_mutton":9,"minecraft:water_bucket":8,"epicfight:skillbook":2,"minecraft:stone_pickaxe":261,"minecraft:oak_planks":19,"minecraft:wooden_pickaxe":8,"minecraft:stonecutter":1,"minecraft:white_wool":4,"minecraft:crafting_table":9,"minecraft:blast_furnace":1,"minecraft:white_bed":1,"minecraft:shears":8,"minecraft:smoker":2,"minecraft:oak_log":6,"jojohe:red_wine":1,"minecraft:diamond_pickaxe":11,"minecraft:apple":1,"create:mechanical_press":2,"create:windmill_bearing":1,"minecraft:string":1,"minecraft:bread":10,"minecraft:iron_pickaxe":360,"minecraft:stone_axe":112,"create:basin":1,"minecraft:cobblestone":116,"born_in_chaos_v1:rotten_fish":1,"minecraft:bucket":9,"minecraft:bone_meal":15,"create:hand_crank":1,"create:large_cogwheel":12,"minecraft:cobweb":1},"minecraft:picked_up":{"born_in_chaos_v1:diamond_termite_shard":3,"minecraft:crafting_table":7,"minecraft:wheat":18,"minecraft:chicken":1,"minecraft:brewing_stand":1,"minecraft:cornflower":1,"minecraft:string":34,"minecraft:raw_copper":200,"minecraft:diamond_leggings":1,"minecraft:cobbled_deepslate":11,"jojohe:return_from_the_verge_of_death":1,"minecraft:poppy":5,"minecraft:light_gray_wool":2,"minecraft:sugar_cane":61,"minecraft:mangrove_log":2,"minecraft:furnace":3,"minecraft:stick":13,"minecraft:raw_iron":101,"minecraft:acacia_fence":1,"create:golden_sheet":3,"minecraft:oak_fence":1,"minecraft:torch":15,"minecraft:acacia_log":16,"create:andesite_casing":1,"minecraft:porkchop":4,"minecraft:pointed_dripstone":25,"minecraft:diorite":2,"minecraft:redstone":89,"minecraft:orange_bed":1,"minecraft:diamond_chestplate":1,"minecraft:rotten_flesh":4,"minecraft:obsidian":10,"minecraft:mutton":27,"minecraft:rail":12,"minecraft:white_wool":78,"minecraft:cobblestone":277,"create:iron_sheet":1,"born_in_chaos_v1:corpse_maggot":1,"born_in_chaos_v1:monster_flesh":1,"born_in_chaos_v1:pumpkin_staff":1,"minecraft:andesite":241,"minecraft:brown_wool":2,"minecraft:smoker":1,"create:raw_zinc":52,"minecraft:oak_log":32,"minecraft:yellow_bed":1,"minecraft:lapis_lazuli":53,"minecraft:dirt":126,"born_in_chaos_v1:monster_skin":1,"minecraft:bone":57,"born_in_chaos_v1:soul_cutlass":1,"minecraft:apple":2,"minecraft:stone_bricks":1,"minecraft:stonecutter":1,"minecraft:wheat_seeds":52,"minecraft:raw_gold":2,"minecraft:iron_ingot":6,"create:goggles":1,"minecraft:mossy_stone_bricks":1,"minecraft:diamond_helmet":1,"minecraft:acacia_sapling":7,"minecraft:oak_planks":40,"minecraft:sand":2,"minecraft:dark_oak_log":1,"minecraft:spider_eye":2,"minecraft:pumpkin_seeds":27,"minecraft:slime_ball":2,"minecraft:yellow_carpet":2,"minecraft:diamond":16,"minecraft:oak_sapling":14,"born_in_chaos_v1:rotten_fish":1,"jojowos:stand_arrow":1,"minecraft:black_wool":5,"minecraft:coal":43,"create:white_sail":10},"minecraft:killed_by":{"minecraft:player":4,"jojowos:jotaro_kujo_part_3":1,"born_in_chaos_v1:sir_pumpkinhead_without_horse":1,"minecraft:skeleton":1,"minecraft:zombie":1},"minecraft:killed":{"born_in_chaos_v1:zombie_lumberjack":2,"minecraft:spider":2,"minecraft:chicken":2,"born_in_chaos_v1:corpse_fish":1,"born_in_chaos_v1:felsteed":1,"minecraft:pig":2,"born_in_chaos_v1:diamond_termite":4,"born_in_chaos_v1:spirit_guide_assistant":1,"minecraft:iron_golem":1,"born_in_chaos_v1:decrepit_skeleton":2,"minecraft:sheep":19,"minecraft:zombie":5,"born_in_chaos_v1:dread_hound":1,"born_in_chaos_v1:corpse_fly":2},"minecraft:crafted":{"minecraft:smooth_stone":3,"minecraft:oak_planks":76,"create:wrench":1,"create:white_sail":64,"minecraft:iron_nugget":144,"minecraft:furnace":1,"minecraft:blast_furnace":1,"minecraft:stone":21,"minecraft:bone_meal":15,"minecraft:cooked_mutton":11,"minecraft:glass":2,"create:mechanical_press":1,"minecraft:iron_axe":1,"create:millstone":1,"minecraft:stone_pickaxe":2,"minecraft:chest":4,"create:basin":1,"create:cogwheel":12,"create:windmill_bearing":6,"minecraft:smoker":1,"create:depot":1,"minecraft:oak_slab":6,"create:andesite_alloy":68,"create:hand_crank":1,"minecraft:crafting_table":3,"minecraft:wooden_pickaxe":1,"minecraft:iron_helmet":1,"create:goggles":1,"minecraft:stone_axe":2,"create:mechanical_mixer":1,"minecraft:air":0,"create:speedometer":1,"create:whisk":1,"minecraft:diamond_pickaxe":1,"minecraft:shield":1,"create:super_glue":1,"minecraft:stick":148,"minecraft:iron_pickaxe":2,"minecraft:iron_ingot":102,"minecraft:iron_block":1,"minecraft:white_bed":1,"minecraft:iron_shovel":1,"minecraft:gold_ingot":4,"create:large_cogwheel":5,"create:shaft":32,"minecraft:acacia_planks":64,"minecraft:torch":4,"minecraft:shears":1},"minecraft:broken":{"minecraft:stone_pickaxe":2,"minecraft:stone_axe":1},"minecraft:mined":{"create:zinc_ore":25,"minecraft:diamond_ore":5,"create:deepslate_zinc_ore":27,"minecraft:farmland":3,"minecraft:deepslate_diamond_ore":7,"create:andesite_casing":1,"minecraft:sculk_vein":1,"minecraft:brewing_stand":1,"born_in_chaos_v1:infected_diamond_ore":3,"minecraft:obsidian":10,"minecraft:grass_block":91,"minecraft:yellow_carpet":2,"minecraft:redstone_ore":7,"minecraft:furnace":3,"minecraft:iron_ore":84,"minecraft:cobbled_deepslate":1,"create:white_sail":10,"minecraft:andesite":147,"treechop:chopped_log":7,"minecraft:deepslate_lapis_ore":4,"minecraft:pointed_dripstone":8,"minecraft:deepslate_iron_ore":4,"minecraft:dirt_path":30,"minecraft:stone":45,"minecraft:white_wool":8,"minecraft:tripwire":1,"minecraft:orange_bed":1,"minecraft:deepslate_redstone_ore":14,"minecraft:smoker":1,"minecraft:oak_fence":1,"minecraft:crafting_table":5,"minecraft:torch":9,"minecraft:poppy":2,"minecraft:tall_grass":2,"minecraft:copper_ore":58,"minecraft:cobblestone":108,"minecraft:lapis_ore":6,"minecraft:sugar_cane":23,"minecraft:oak_planks":19,"minecraft:diorite":2,"minecraft:wall_torch":5,"minecraft:wheat":10,"minecraft:birch_leaves":2,"minecraft:yellow_bed":1,"minecraft:grass":36,"minecraft:oak_log":1,"minecraft:coal_ore":44,"minecraft:sand":2,"minecraft:acacia_fence":1,"minecraft:gravel":1,"minecraft:dripstone_block":1,"minecraft:dirt":32,"minecraft:stonecutter":1,"minecraft:stone_bricks":1,"minecraft:mossy_stone_bricks":1,"minecraft:gold_ore":2,"minecraft:oak_leaves":8,"minecraft:deepslate":14},"minecraft:dropped":{"minecraft:iron_ingot":3,"minecraft:glass_bottle":1,"minecraft:feather":7,"minecraft:cobblestone":2,"minecraft:leather":2,"minecraft:saddle":1,"minecraft:rail":12,"minecraft:dirt":8,"jojohe:return_from_the_verge_of_death":1,"create:goggles":1,"minecraft:string":5,"minecraft:gold_ingot":3,"minecraft:detector_rail":1,"minecraft:rotten_flesh":2,"minecraft:oak_planks":1,"butcher:butchersguidebook":1,"minecraft:poppy":2,"minecraft:mangrove_log":2,"born_in_chaos_v1:corpse_maggot":1,"born_in_chaos_v1:diamond_termite_shard":1,"minecraft:spider_eye":1,"minecraft:wooden_pickaxe":1,"minecraft:arrow":6},"minecraft:custom":{"minecraft:mob_kills":45,"minecraft:interact_with_crafting_table":44,"minecraft:open_barrel":15,"minecraft:damage_dealt_resisted":396,"minecraft:leave_game":4,"minecraft:time_since_death":20221,"minecraft:climb_one_cm":3007,"minecraft:sprint_one_cm":462830,"minecraft:walk_one_cm":854830,"minecraft:damage_blocked_by_shield":15,"minecraft:drop":26,"minecraft:play_time":192701,"minecraft:sneak_time":2045,"minecraft:deaths":21,"minecraft:walk_under_water_one_cm":8858,"minecraft:jump":3177,"minecraft:interact_with_blast_furnace":16,"minecraft:walk_on_water_one_cm":38228,"minecraft:total_world_time":192701,"minecraft:interact_with_furnace":41,"minecraft:sleep_in_bed":1,"minecraft:time_since_rest":20244,"minecraft:damage_taken":7302,"minecraft:damage_dealt":8212,"minecraft:player_kills":2,"minecraft:swim_one_cm":8197,"minecraft:fly_one_cm":747692,"minecraft:open_chest":145,"minecraft:crouch_one_cm":11681,"minecraft:interact_with_smoker":4,"minecraft:fall_one_cm":140453}},"DataVersion":3465}