{"stats":{"minecraft:mined":{"minecraft:large_amethyst_bud":1,"create:deepslate_zinc_ore":14,"minecraft:spruce_planks":4,"minecraft:white_bed":2,"minecraft:oak_sapling":60,"create:andesite_casing":2,"minecraft:sculk_vein":6,"minecraft:obsidian":28,"minecraft:grass_block":33,"chipped:glassblower":2,"minecraft:deepslate_bricks":36,"minecraft:nether_wart":20,"minecraft:glowstone":11,"minecraft:iron_ore":79,"minecraft:cobbled_deepslate":278,"minecraft:fire":27,"minecraft:nether_brick_stairs":2,"minecraft:deepslate_brick_stairs":3,"minecraft:spruce_slab":5,"create:limestone":1,"minecraft:jungle_trapdoor":2,"minecraft:deepslate_redstone_ore":22,"minecraft:brown_mushroom":11,"minecraft:kelp_plant":12,"minecraft:smoker":3,"minecraft:crimson_nylium":1,"minecraft:amethyst_cluster":2,"minecraft:torch":8,"diagonalfences:minecraft/oak_fence":1,"minecraft:melon":3,"minecraft:chest":5,"minecraft:nether_quartz_ore":66,"minecraft:cobblestone":90,"minecraft:sugar_cane":3,"minecraft:oak_planks":478,"minecraft:wall_torch":23,"minecraft:deepslate_copper_ore":3,"minecraft:seagrass":1,"minecraft:birch_door":6,"minecraft:grass":4,"diagonalwindows:minecraft/glass_pane":3,"minecraft:oak_log":1,"minecraft:sand":60,"minecraft:dirt":124,"minecraft:netherrack":44,"minecraft:oak_leaves":6,"minecraft:deepslate":207,"create:zinc_ore":60,"minecraft:tuff":16,"minecraft:deepslate_diamond_ore":5,"minecraft:oak_door":9,"farmersdelight:wild_carrots":13,"minecraft:ladder":9,"minecraft:jungle_planks":26,"minecraft:spruce_leaves":11,"minecraft:kelp":24,"minecraft:redstone_ore":1,"minecraft:spruce_sapling":69,"minecraft:furnace":2,"minecraft:carrots":27,"minecraft:andesite":63,"treechop:chopped_log":39,"minecraft:polished_deepslate":2,"minecraft:potatoes":15,"minecraft:deepslate_iron_ore":13,"minecraft:lantern":4,"minecraft:stone":960,"minecraft:soul_sand":20,"minecraft:spruce_door":4,"minecraft:crafting_table":6,"minecraft:sculk_sensor":1,"minecraft:copper_ore":46,"minecraft:diorite":2,"minecraft:birch_planks":12,"minecraft:cactus":13,"minecraft:spruce_log":15,"minecraft:birch_leaves":2,"minecraft:coal_ore":56,"minecraft:gravel":34,"minecraft:gold_ore":8,"minecraft:fern":1},"minecraft:custom":{"lootr:looted_stat":2,"minecraft:interact_with_crafting_table":94,"minecraft:open_barrel":1,"minecraft:leave_game":12,"minecraft:time_since_death":22947,"minecraft:sprint_one_cm":1312442,"minecraft:damage_blocked_by_shield":160,"minecraft:drop":52,"minecraft:talked_to_villager":1,"minecraft:play_time":594199,"minecraft:deaths":21,"minecraft:jump":7417,"minecraft:walk_on_water_one_cm":208791,"minecraft:interact_with_furnace":38,"minecraft:sleep_in_bed":7,"minecraft:damage_dealt":8697,"minecraft:player_kills":6,"minecraft:crouch_one_cm":172018,"minecraft:interact_with_smoker":14,"minecraft:inspect_dispenser":1,"minecraft:mob_kills":51,"minecraft:damage_dealt_resisted":15,"minecraft:climb_one_cm":22208,"minecraft:walk_one_cm":3497818,"minecraft:damage_dealt_absorbed":40,"minecraft:sneak_time":23141,"minecraft:walk_under_water_one_cm":400841,"minecraft:boat_one_cm":73513,"minecraft:interact_with_blast_furnace":1,"minecraft:total_world_time":594199,"minecraft:time_since_rest":22972,"minecraft:damage_taken":7172,"minecraft:damage_absorbed":3,"minecraft:swim_one_cm":259786,"minecraft:fly_one_cm":2093694,"minecraft:open_chest":321,"minecraft:fall_one_cm":174132},"minecraft:killed_by":{"minecraft:zombified_piglin":1,"minecraft:player":3,"minecraft:skeleton":1},"minecraft:crafted":{"minecraft:oak_planks":1224,"minecraft:smooth_stone":9,"minecraft:barrel":71,"minecraft:cooked_chicken":4,"minecraft:stone":9,"create:mechanical_bearing":1,"create:deployer":3,"minecraft:cooked_mutton":3,"minecraft:deepslate_brick_stairs":52,"minecraft:glass":30,"create:mechanical_press":1,"minecraft:chest":16,"minecraft:copper_block":1,"minecraft:birch_door":3,"minecraft:stone_hoe":1,"create:cogwheel":25,"minecraft:oak_fence":45,"create:brass_hand":3,"minecraft:smoker":4,"create:depot":2,"minecraft:oak_slab":186,"create:rose_quartz":10,"minecraft:cooked_porkchop":17,"minecraft:crafting_table":11,"minecraft:spruce_planks":300,"create:mechanical_saw":3,"create:fluid_pipe":8,"minecraft:wooden_pickaxe":1,"minecraft:iron_helmet":1,"minecraft:spruce_door":3,"create:sand_paper":3,"minecraft:birch_planks":20,"create:mechanical_mixer":1,"create:stressometer":1,"create:encased_fan":1,"minecraft:paper":3,"minecraft:diamond_pickaxe":1,"create:water_wheel":12,"minecraft:shield":1,"create:super_glue":1,"create:portable_storage_interface":2,"minecraft:stick":56,"create:mechanical_pump":2,"minecraft:iron_ingot":106,"minecraft:iron_pickaxe":5,"minecraft:iron_block":1,"minecraft:gold_ingot":34,"create:large_cogwheel":11,"create:propeller":1,"minecraft:deepslate_bricks":404,"create:empty_blaze_burner":10,"create:chute":4,"minecraft:oak_door":3,"create:wrench":1,"create:steam_engine":1,"minecraft:iron_nugget":144,"minecraft:furnace":9,"minecraft:blast_furnace":2,"minecraft:jungle_trapdoor":8,"minecraft:bone_meal":288,"minecraft:glass_pane":48,"minecraft:flint_and_steel":1,"minecraft:polished_deepslate":560,"minecraft:iron_axe":3,"minecraft:ladder":12,"minecraft:spruce_slab":162,"minecraft:slime_ball":4,"create:millstone":1,"minecraft:lime_dye":8,"minecraft:stone_pickaxe":2,"create:fluid_tank":81,"create:basin":1,"create:electron_tube":3,"minecraft:cooked_beef":44,"create:andesite_alloy":36,"create:hand_crank":1,"create:dough":4,"create:goggles":1,"create:large_water_wheel":11,"minecraft:bucket":2,"minecraft:stone_axe":3,"minecraft:jungle_slab":12,"minecraft:air":0,"minecraft:jungle_planks":260,"create:speedometer":1,"minecraft:oak_boat":1,"create:whisk":1,"minecraft:white_dye":4,"minecraft:iron_shovel":1,"minecraft:iron_leggings":1,"create:shaft":72,"minecraft:torch":52},"minecraft:picked_up":{"minecraft:wheat":3,"minecraft:birch_door":9,"minecraft:enchanted_book":1,"minecraft:polished_deepslate":2,"minecraft:string":5,"minecraft:raw_copper":395,"create:limestone":1,"minecraft:cobbled_deepslate":918,"minecraft:spruce_planks":4,"chipped:glassblower":2,"minecraft:melon_slice":16,"minecraft:furnace":2,"minecraft:iron_boots":1,"minecraft:stick":87,"minecraft:oak_fence":1,"minecraft:torch":41,"create:andesite_casing":2,"minecraft:porkchop":17,"epicfight:skillbook":3,"minecraft:diorite":2,"create:large_cogwheel":3,"minecraft:cactus":27,"minecraft:rotten_flesh":16,"minecraft:deepslate_brick_stairs":3,"minecraft:obsidian":28,"minecraft:cobblestone":1303,"minecraft:birch_log":10,"minecraft:feather":4,"minecraft:cooked_beef":20,"minecraft:andesite":169,"minecraft:jungle_log":96,"minecraft:golden_leggings":1,"minecraft:smoker":3,"minecraft:potato":62,"minecraft:flint":3,"minecraft:tuff":1,"create:raw_zinc":74,"minecraft:dirt":515,"minecraft:lantern":4,"minecraft:name_tag":1,"minecraft:leather_boots":1,"minecraft:bone":9,"minecraft:wheat_seeds":2,"minecraft:raw_gold":34,"minecraft:glowstone_dust":39,"minecraft:diamond_helmet":1,"minecraft:oak_planks":423,"minecraft:ghast_tear":1,"minecraft:jungle_planks":26,"minecraft:sand":60,"minecraft:nether_brick_stairs":2,"minecraft:barrel":10,"minecraft:diamond":9,"minecraft:crossbow":1,"minecraft:golden_apple":2,"minecraft:oak_sapling":182,"minecraft:netherrack":58,"minecraft:crafting_table":6,"minecraft:ladder":9,"minecraft:chicken":4,"minecraft:nether_wart":20,"minecraft:brown_mushroom":8,"minecraft:jungle_trapdoor":2,"minecraft:iron_axe":1,"minecraft:flint_and_steel":1,"minecraft:beef":33,"minecraft:oak_boat":1,"minecraft:spruce_slab":5,"minecraft:sugar_cane":8,"minecraft:chest":5,"minecraft:birch_sapling":13,"minecraft:egg":1,"minecraft:raw_iron":225,"minecraft:oak_door":11,"minecraft:redstone":215,"minecraft:carrot":112,"minecraft:arrow":6,"minecraft:diamond_chestplate":1,"minecraft:deepslate_bricks":36,"minecraft:mutton":3,"minecraft:white_wool":4,"minecraft:glow_ink_sac":1,"minecraft:leather":3,"minecraft:birch_planks":11,"minecraft:oak_log":233,"minecraft:gunpowder":3,"minecraft:apple":14,"minecraft:kelp":85,"farmersdelight:apple_cider":1,"minecraft:iron_ingot":2,"minecraft:soul_sand":19,"minecraft:book":9,"create:large_water_wheel":3,"minecraft:quartz":151,"minecraft:dandelion":8,"minecraft:gravel":30,"minecraft:amethyst_shard":8,"minecraft:spruce_sapling":87,"minecraft:white_bed":2,"minecraft:spruce_log":33,"minecraft:spruce_door":4,"minecraft:spider_eye":1,"minecraft:coal":59},"minecraft:killed":{"minecraft:spider":4,"minecraft:skeleton":5,"minecraft:chicken":4,"minecraft:piglin":1,"minecraft:pig":8,"minecraft:creeper":2,"minecraft:sheep":2,"minecraft:zombie":14,"minecraft:ghast":1,"minecraft:cow":4,"minecraft:drowned":2,"minecraft:husk":2,"minecraft:wither_skeleton":2},"minecraft:dropped":{"minecraft:cooked_beef":47,"minecraft:glow_ink_sac":1,"minecraft:flint":1,"minecraft:white_wool":2,"minecraft:oak_door":2,"minecraft:iron_nugget":64,"minecraft:cobbled_deepslate":5,"minecraft:birch_sapling":4,"minecraft:wheat":6,"minecraft:rotten_flesh":12,"minecraft:oak_planks":1,"minecraft:gunpowder":3,"create:limestone":1,"minecraft:birch_door":2,"minecraft:arrow":6,"minecraft:iron_ingot":1,"create:rose_quartz":11,"minecraft:wheat_seeds":2,"minecraft:feather":2,"minecraft:cobblestone":2,"minecraft:copper_ingot":32,"minecraft:spruce_door":1,"minecraft:stick":1,"minecraft:diorite":2,"minecraft:iron_axe":1,"minecraft:dandelion":8,"minecraft:redstone":3,"minecraft:kelp":4,"create:zinc_ingot":32,"minecraft:andesite":64,"minecraft:spider_eye":1,"minecraft:slime_ball":2,"minecraft:wooden_pickaxe":1},"minecraft:used":{"create:deployer":5,"minecraft:iron_shovel":91,"minecraft:polished_deepslate":155,"minecraft:spruce_slab":161,"minecraft:ladder":14,"create:portable_storage_interface":4,"minecraft:chest":21,"minecraft:shield":2,"create:mechanical_bearing":1,"create:fluid_tank":18,"create:cogwheel":78,"minecraft:jungle_planks":79,"minecraft:carrot":121,"create:depot":2,"minecraft:tuff":1,"create:speedometer":2,"minecraft:obsidian":21,"minecraft:lava_bucket":1,"minecraft:lantern":4,"create:millstone":3,"create:shaft":13,"create:steam_engine":5,"minecraft:furnace":5,"minecraft:oak_sapling":22,"minecraft:egg":1,"minecraft:potato":53,"epicfight:skillbook":3,"minecraft:spruce_door":5,"minecraft:oak_planks":777,"minecraft:stone_pickaxe":262,"minecraft:cactus":19,"minecraft:wooden_pickaxe":6,"minecraft:sugar_cane":5,"create:mechanical_saw":3,"minecraft:sand":1,"minecraft:blast_furnace":2,"minecraft:sponge":8,"minecraft:deepslate_brick_stairs":51,"minecraft:melon_slice":11,"create:basin":1,"create:stressometer":1,"minecraft:birch_log":5,"minecraft:oak_boat":1,"minecraft:bone_meal":283,"create:large_cogwheel":29,"minecraft:oak_fence":43,"minecraft:flint_and_steel":3,"minecraft:spruce_planks":164,"minecraft:cooked_chicken":4,"minecraft:stone_hoe":80,"minecraft:netherrack":3,"minecraft:oak_door":10,"minecraft:torch":81,"create:mechanical_pump":3,"minecraft:dirt":266,"create:mechanical_mixer":1,"minecraft:jungle_trapdoor":6,"create:chute":1,"minecraft:birch_door":8,"create:wrench":65,"chipped:glassblower":2,"minecraft:iron_axe":641,"minecraft:jungle_log":6,"minecraft:beef":8,"create:fluid_pipe":8,"minecraft:cooked_beef":10,"minecraft:cobbled_deepslate":321,"minecraft:cooked_mutton":3,"minecraft:water_bucket":41,"minecraft:birch_planks":12,"create:empty_blaze_burner":9,"minecraft:deepslate_bricks":342,"create:blaze_burner":12,"create:encased_fan":1,"minecraft:crafting_table":10,"minecraft:white_bed":2,"minecraft:spruce_log":104,"minecraft:smoker":5,"minecraft:oak_log":7,"farmersdelight:apple_cider":1,"minecraft:diamond_pickaxe":864,"minecraft:apple":9,"create:mechanical_press":1,"minecraft:iron_pickaxe":1017,"create:water_wheel":2,"minecraft:spruce_sapling":19,"create:large_water_wheel":21,"minecraft:stone_axe":338,"minecraft:cobblestone":237,"minecraft:cooked_porkchop":17,"minecraft:bucket":40,"minecraft:glass_pane":37,"create:hand_crank":2,"minecraft:smooth_stone":3},"minecraft:broken":{"minecraft:stone_pickaxe":2,"minecraft:stone_axe":2,"minecraft:iron_axe":2,"minecraft:iron_pickaxe":3,"create:sand_paper":1}},"DataVersion":3465}