{"stats":{"minecraft:used":{"minecraft:iron_shovel":203,"minecraft:flint_and_steel":1,"minecraft:chest":4,"minecraft:shield":1,"minecraft:stone":2,"minecraft:torch":20,"minecraft:dirt":175,"create:mechanical_mixer":1,"create:white_sail":156,"create:cogwheel":35,"create:depot":1,"create:speedometer":1,"minecraft:obsidian":11,"create:wrench":59,"minecraft:iron_axe":182,"create:millstone":2,"minecraft:stone_bricks":1,"create:shaft":3,"minecraft:oak_sapling":59,"minecraft:furnace":2,"minecraft:acacia_fence":1,"minecraft:cobbled_deepslate":3,"jojohe:straizo_armor_helmet":1,"minecraft:cooked_mutton":9,"minecraft:water_bucket":8,"epicfight:skillbook":2,"minecraft:stone_pickaxe":261,"minecraft:oak_planks":187,"minecraft:wooden_pickaxe":8,"minecraft:stonecutter":1,"minecraft:white_wool":8,"minecraft:crafting_table":9,"minecraft:blast_furnace":1,"minecraft:white_bed":1,"minecraft:shears":8,"minecraft:smoker":2,"minecraft:oak_log":6,"jojohe:red_wine":1,"minecraft:diamond_pickaxe":13,"minecraft:apple":3,"create:mechanical_press":3,"create:windmill_bearing":2,"minecraft:string":1,"minecraft:bread":10,"minecraft:iron_pickaxe":393,"minecraft:stone_axe":112,"create:basin":1,"minecraft:cobblestone":221,"born_in_chaos_v1:rotten_fish":1,"minecraft:bucket":9,"minecraft:yellow_bed":1,"minecraft:bone_meal":15,"create:hand_crank":1,"create:large_cogwheel":14,"minecraft:cobweb":1},"minecraft:picked_up":{"born_in_chaos_v1:diamond_termite_shard":3,"minecraft:crafting_table":7,"minecraft:wheat":21,"minecraft:chicken":1,"minecraft:lead":2,"minecraft:brewing_stand":1,"minecraft:cornflower":1,"minecraft:string":60,"minecraft:raw_copper":200,"minecraft:diamond_leggings":1,"minecraft:cobbled_deepslate":11,"jojohe:return_from_the_verge_of_death":1,"minecraft:poppy":5,"minecraft:light_gray_wool":2,"minecraft:sugar_cane":61,"minecraft:mangrove_log":2,"minecraft:furnace":3,"minecraft:stick":22,"minecraft:raw_iron":162,"born_in_chaos_v1:shattered_skull":1,"minecraft:acacia_fence":1,"create:golden_sheet":3,"minecraft:oak_fence":1,"minecraft:torch":16,"minecraft:acacia_log":17,"create:andesite_casing":1,"minecraft:porkchop":4,"minecraft:pointed_dripstone":25,"minecraft:diorite":2,"minecraft:redstone":89,"create:large_cogwheel":1,"minecraft:orange_bed":1,"minecraft:arrow":4,"minecraft:diamond_chestplate":1,"minecraft:rotten_flesh":7,"jojowos:empty_stand_disc":1,"jojohe:straizo_armor_helmet":1,"minecraft:obsidian":11,"minecraft:mutton":27,"minecraft:rail":12,"minecraft:white_wool":78,"minecraft:cobblestone":311,"create:iron_sheet":1,"born_in_chaos_v1:corpse_maggot":2,"born_in_chaos_v1:monster_flesh":2,"born_in_chaos_v1:pumpkin_staff":1,"minecraft:andesite":241,"minecraft:brown_wool":2,"minecraft:smoker":1,"minecraft:potato":2,"create:raw_zinc":52,"minecraft:oak_log":109,"minecraft:yellow_bed":1,"minecraft:lapis_lazuli":53,"minecraft:dirt":228,"born_in_chaos_v1:monster_skin":1,"minecraft:bone":66,"born_in_chaos_v1:soul_cutlass":1,"minecraft:apple":6,"minecraft:stone_bricks":1,"minecraft:stonecutter":1,"minecraft:wheat_seeds":84,"minecraft:raw_gold":2,"minecraft:iron_ingot":7,"create:goggles":1,"minecraft:mossy_stone_bricks":1,"minecraft:diamond_helmet":1,"minecraft:acacia_sapling":7,"minecraft:oak_planks":52,"minecraft:dandelion":1,"minecraft:dripstone_block":1,"minecraft:sand":2,"minecraft:dark_oak_log":1,"minecraft:spider_eye":3,"create:millstone":1,"minecraft:pumpkin_seeds":27,"minecraft:slime_ball":2,"minecraft:yellow_carpet":2,"minecraft:diamond":16,"minecraft:oak_sapling":59,"born_in_chaos_v1:rotten_fish":1,"jojowos:stand_arrow":2,"minecraft:black_wool":5,"minecraft:coal":43,"create:white_sail":11},"minecraft:killed_by":{"minecraft:player":7,"jojowos:jotaro_kujo_part_3":1,"born_in_chaos_v1:barrel_zombie":1,"born_in_chaos_v1:sir_pumpkinhead_without_horse":1,"minecraft:skeleton":2,"minecraft:zombie":1},"minecraft:killed":{"born_in_chaos_v1:zombie_lumberjack":3,"minecraft:spider":4,"born_in_chaos_v1:maggot":2,"minecraft:skeleton":2,"minecraft:chicken":2,"born_in_chaos_v1:corpse_fish":1,"jojohe:straizo":1,"born_in_chaos_v1:felsteed":1,"minecraft:pig":2,"born_in_chaos_v1:diamond_termite":4,"born_in_chaos_v1:baby_skeleton":1,"born_in_chaos_v1:spirit_guide_assistant":1,"minecraft:iron_golem":1,"born_in_chaos_v1:decrepit_skeleton":4,"minecraft:sheep":19,"minecraft:zombie":7,"born_in_chaos_v1:dread_hound":2,"born_in_chaos_v1:corpse_fly":2,"jojohe:hooded_vampire_1":1},"minecraft:crafted":{"minecraft:smooth_stone":3,"minecraft:oak_planks":336,"create:wrench":1,"create:white_sail":128,"minecraft:iron_nugget":216,"minecraft:furnace":1,"minecraft:blast_furnace":1,"minecraft:stone":21,"minecraft:bone_meal":15,"minecraft:cooked_mutton":11,"minecraft:flint_and_steel":1,"minecraft:glass":2,"create:mechanical_press":1,"minecraft:iron_axe":1,"create:millstone":1,"minecraft:stone_pickaxe":2,"minecraft:chest":4,"create:basin":1,"create:cogwheel":12,"create:windmill_bearing":6,"minecraft:smoker":1,"create:depot":1,"minecraft:oak_slab":6,"create:andesite_alloy":68,"create:hand_crank":1,"minecraft:crafting_table":3,"minecraft:wooden_pickaxe":1,"minecraft:iron_helmet":1,"create:goggles":1,"minecraft:stone_axe":2,"create:mechanical_mixer":1,"minecraft:air":0,"create:speedometer":1,"create:whisk":1,"minecraft:diamond_pickaxe":2,"minecraft:shield":1,"create:super_glue":1,"minecraft:stick":276,"minecraft:iron_pickaxe":2,"minecraft:iron_ingot":102,"minecraft:iron_block":1,"minecraft:white_bed":1,"minecraft:iron_shovel":1,"minecraft:gold_ingot":4,"create:large_cogwheel":5,"create:shaft":32,"minecraft:acacia_planks":64,"minecraft:torch":4,"minecraft:shears":1},"minecraft:broken":{"minecraft:stone_pickaxe":2,"minecraft:stone_axe":1},"minecraft:mined":{"create:zinc_ore":25,"minecraft:diamond_ore":5,"create:deepslate_zinc_ore":27,"minecraft:oak_sapling":17,"minecraft:farmland":3,"minecraft:deepslate_diamond_ore":7,"create:andesite_casing":1,"minecraft:sculk_vein":1,"minecraft:brewing_stand":1,"born_in_chaos_v1:infected_diamond_ore":3,"minecraft:obsidian":11,"minecraft:grass_block":159,"minecraft:yellow_carpet":2,"minecraft:redstone_ore":7,"minecraft:furnace":3,"minecraft:iron_ore":84,"minecraft:cobbled_deepslate":1,"create:white_sail":11,"minecraft:andesite":147,"treechop:chopped_log":12,"minecraft:deepslate_lapis_ore":4,"minecraft:azure_bluet":1,"minecraft:pointed_dripstone":8,"minecraft:deepslate_iron_ore":4,"minecraft:dirt_path":30,"minecraft:stone":47,"minecraft:white_wool":8,"minecraft:tripwire":2,"minecraft:orange_bed":1,"minecraft:deepslate_redstone_ore":14,"minecraft:smoker":1,"minecraft:oak_fence":1,"minecraft:crafting_table":5,"minecraft:torch":9,"minecraft:poppy":2,"minecraft:tall_grass":5,"minecraft:copper_ore":58,"minecraft:cobblestone":139,"minecraft:lapis_ore":6,"minecraft:sugar_cane":23,"minecraft:oak_planks":31,"minecraft:diorite":2,"minecraft:wall_torch":5,"minecraft:wheat":11,"minecraft:birch_leaves":2,"minecraft:yellow_bed":1,"minecraft:grass":59,"minecraft:oak_log":1,"minecraft:coal_ore":44,"minecraft:sand":2,"minecraft:acacia_fence":1,"minecraft:gravel":1,"minecraft:dripstone_block":1,"minecraft:dirt":46,"minecraft:netherrack":1,"minecraft:stonecutter":1,"minecraft:stone_bricks":1,"minecraft:mossy_stone_bricks":1,"minecraft:gold_ore":2,"minecraft:oak_leaves":11,"minecraft:deepslate":14},"minecraft:dropped":{"minecraft:iron_ingot":3,"minecraft:glass_bottle":1,"minecraft:dripstone_block":1,"minecraft:feather":7,"minecraft:cobblestone":3,"minecraft:lead":2,"minecraft:leather":2,"minecraft:saddle":1,"minecraft:rail":12,"minecraft:dirt":8,"jojohe:return_from_the_verge_of_death":1,"create:goggles":1,"minecraft:string":34,"minecraft:gold_ingot":3,"minecraft:iron_nugget":64,"minecraft:detector_rail":1,"minecraft:rotten_flesh":3,"minecraft:oak_planks":1,"butcher:butchersguidebook":1,"minecraft:poppy":2,"minecraft:potato":2,"minecraft:mangrove_log":2,"minecraft:andesite":64,"born_in_chaos_v1:corpse_maggot":2,"born_in_chaos_v1:diamond_termite_shard":1,"minecraft:spider_eye":1,"minecraft:wooden_pickaxe":1,"minecraft:arrow":9},"minecraft:custom":{"minecraft:mob_kills":60,"minecraft:interact_with_crafting_table":52,"minecraft:open_barrel":15,"minecraft:damage_dealt_resisted":456,"minecraft:leave_game":4,"minecraft:time_since_death":7791,"minecraft:climb_one_cm":3007,"minecraft:damage_resisted":4,"minecraft:sprint_one_cm":565080,"minecraft:walk_one_cm":1255735,"minecraft:damage_blocked_by_shield":15,"minecraft:drop":37,"minecraft:play_time":270701,"minecraft:sneak_time":3868,"minecraft:deaths":31,"minecraft:walk_under_water_one_cm":14999,"minecraft:jump":4413,"minecraft:interact_with_blast_furnace":18,"minecraft:walk_on_water_one_cm":42698,"minecraft:total_world_time":270701,"minecraft:interact_with_furnace":42,"minecraft:sleep_in_bed":2,"minecraft:time_since_rest":7813,"minecraft:damage_taken":10264,"minecraft:damage_dealt":9049,"minecraft:player_kills":4,"minecraft:swim_one_cm":10180,"minecraft:fly_one_cm":1031919,"minecraft:open_chest":191,"minecraft:crouch_one_cm":21591,"minecraft:interact_with_smoker":4,"minecraft:fall_one_cm":188877}},"DataVersion":3465}