{"stats":{"minecraft:crafted":{"minecraft:oak_door":3,"minecraft:oak_planks":544,"create:wrench":1,"minecraft:iron_nugget":144,"minecraft:cooked_chicken":4,"minecraft:furnace":8,"minecraft:cooked_mutton":3,"minecraft:glass_pane":48,"minecraft:glass":30,"create:mechanical_press":1,"minecraft:iron_axe":1,"minecraft:stone_pickaxe":2,"minecraft:chest":5,"minecraft:birch_door":3,"create:basin":1,"create:cogwheel":17,"minecraft:oak_fence":18,"minecraft:smoker":4,"minecraft:cooked_beef":44,"create:depot":1,"create:andesite_alloy":36,"minecraft:cooked_porkchop":17,"minecraft:crafting_table":3,"minecraft:wooden_pickaxe":1,"minecraft:iron_helmet":1,"create:goggles":1,"create:large_water_wheel":8,"minecraft:bucket":1,"minecraft:birch_planks":20,"minecraft:stone_axe":3,"create:mechanical_mixer":1,"minecraft:air":0,"minecraft:jungle_planks":128,"create:stressometer":1,"create:speedometer":1,"create:whisk":1,"create:water_wheel":8,"minecraft:diamond_pickaxe":1,"minecraft:shield":1,"minecraft:stick":20,"minecraft:iron_pickaxe":3,"minecraft:iron_ingot":106,"minecraft:gold_ingot":34,"minecraft:iron_block":1,"minecraft:iron_shovel":1,"minecraft:iron_leggings":1,"create:large_cogwheel":10,"create:shaft":40,"minecraft:torch":36},"minecraft:used":{"minecraft:oak_fence":17,"minecraft:iron_shovel":43,"minecraft:chest":7,"minecraft:shield":1,"minecraft:cooked_chicken":4,"minecraft:oak_door":6,"minecraft:torch":39,"minecraft:dirt":26,"create:mechanical_mixer":1,"create:cogwheel":32,"minecraft:jungle_planks":17,"create:depot":1,"minecraft:tuff":1,"create:speedometer":1,"minecraft:birch_door":8,"create:wrench":16,"chipped:glassblower":2,"minecraft:iron_axe":103,"create:shaft":1,"minecraft:furnace":5,"minecraft:cobbled_deepslate":283,"minecraft:cooked_mutton":3,"epicfight:skillbook":2,"minecraft:water_bucket":23,"minecraft:birch_planks":12,"minecraft:oak_planks":504,"minecraft:stone_pickaxe":262,"minecraft:wooden_pickaxe":6,"minecraft:sand":1,"minecraft:crafting_table":9,"minecraft:white_bed":2,"minecraft:smoker":5,"minecraft:apple":5,"create:mechanical_press":1,"minecraft:iron_pickaxe":632,"create:large_water_wheel":8,"minecraft:stone_axe":338,"create:basin":1,"minecraft:cobblestone":10,"minecraft:cooked_porkchop":12,"create:stressometer":1,"minecraft:birch_log":4,"minecraft:bucket":23,"minecraft:glass_pane":37,"create:large_cogwheel":16},"minecraft:dropped":{"minecraft:iron_ingot":1,"minecraft:cooked_beef":44,"minecraft:glow_ink_sac":1,"minecraft:feather":2,"minecraft:cobblestone":1,"minecraft:stick":1,"minecraft:diorite":2,"minecraft:iron_axe":1,"minecraft:white_wool":2,"minecraft:dandelion":4,"minecraft:redstone":3,"minecraft:oak_door":2,"minecraft:kelp":4,"minecraft:iron_nugget":64,"minecraft:cobbled_deepslate":5,"minecraft:birch_sapling":4,"minecraft:rotten_flesh":9,"minecraft:oak_planks":1,"minecraft:gunpowder":3,"minecraft:andesite":64,"minecraft:birch_door":2,"create:limestone":1,"minecraft:spider_eye":1,"minecraft:arrow":4,"minecraft:wooden_pickaxe":1},"minecraft:picked_up":{"minecraft:birch_door":9,"minecraft:crafting_table":6,"minecraft:chicken":4,"minecraft:string":2,"minecraft:iron_axe":1,"minecraft:raw_copper":136,"create:limestone":1,"minecraft:cobbled_deepslate":324,"minecraft:beef":25,"chipped:glassblower":2,"minecraft:chest":2,"minecraft:birch_sapling":13,"minecraft:iron_boots":1,"minecraft:furnace":1,"minecraft:stick":63,"minecraft:raw_iron":114,"minecraft:oak_door":5,"minecraft:oak_fence":1,"minecraft:torch":18,"create:andesite_casing":2,"epicfight:skillbook":2,"minecraft:porkchop":17,"minecraft:diorite":2,"minecraft:carrot":13,"minecraft:redstone":105,"create:large_cogwheel":3,"minecraft:diamond_chestplate":1,"minecraft:arrow":4,"minecraft:rotten_flesh":9,"minecraft:mutton":3,"minecraft:cobblestone":295,"minecraft:white_wool":4,"minecraft:birch_log":10,"minecraft:feather":4,"minecraft:cooked_beef":14,"minecraft:glow_ink_sac":1,"minecraft:jungle_log":96,"minecraft:andesite":169,"minecraft:golden_leggings":1,"minecraft:smoker":2,"minecraft:birch_planks":3,"minecraft:oak_log":140,"minecraft:tuff":1,"create:raw_zinc":70,"minecraft:gunpowder":3,"minecraft:dirt":363,"minecraft:bone":4,"minecraft:apple":10,"minecraft:kelp":75,"minecraft:raw_gold":34,"minecraft:iron_ingot":1,"minecraft:oak_planks":167,"minecraft:dandelion":8,"minecraft:jungle_planks":17,"minecraft:sand":43,"minecraft:amethyst_shard":8,"minecraft:white_bed":2,"minecraft:spider_eye":1,"minecraft:diamond":9,"minecraft:oak_sapling":88,"minecraft:coal":56},"minecraft:broken":{"minecraft:stone_pickaxe":2,"minecraft:stone_axe":2,"minecraft:iron_pickaxe":1},"minecraft:killed":{"minecraft:spider":2,"minecraft:skeleton":4,"minecraft:chicken":4,"minecraft:pig":8,"minecraft:creeper":2,"minecraft:sheep":2,"minecraft:zombie":9},"minecraft:killed_by":{"minecraft:skeleton":1},"minecraft:custom":{"lootr:looted_stat":1,"minecraft:mob_kills":31,"minecraft:interact_with_crafting_table":43,"minecraft:damage_dealt_resisted":15,"minecraft:leave_game":5,"minecraft:time_since_death":171853,"minecraft:climb_one_cm":1441,"minecraft:sprint_one_cm":389543,"minecraft:walk_one_cm":1190016,"minecraft:damage_blocked_by_shield":75,"minecraft:drop":32,"minecraft:damage_dealt_absorbed":40,"minecraft:play_time":200727,"minecraft:deaths":1,"minecraft:sneak_time":11946,"minecraft:walk_under_water_one_cm":64294,"minecraft:jump":2507,"minecraft:walk_on_water_one_cm":120637,"minecraft:total_world_time":200727,"minecraft:interact_with_furnace":35,"minecraft:sleep_in_bed":6,"minecraft:time_since_rest":44442,"minecraft:damage_taken":1217,"minecraft:damage_dealt":4756,"minecraft:swim_one_cm":93466,"minecraft:fly_one_cm":650063,"minecraft:player_kills":2,"minecraft:open_chest":48,"minecraft:crouch_one_cm":104318,"minecraft:interact_with_smoker":10,"minecraft:fall_one_cm":67644,"minecraft:inspect_dispenser":1},"minecraft:mined":{"create:zinc_ore":56,"minecraft:large_amethyst_bud":1,"create:deepslate_zinc_ore":14,"minecraft:tuff":16,"minecraft:white_bed":2,"minecraft:deepslate_diamond_ore":5,"minecraft:oak_door":4,"create:andesite_casing":2,"minecraft:sculk_vein":6,"farmersdelight:wild_carrots":13,"minecraft:grass_block":9,"minecraft:jungle_planks":17,"chipped:glassblower":2,"minecraft:kelp":14,"minecraft:redstone_ore":1,"minecraft:furnace":1,"minecraft:iron_ore":79,"minecraft:cobbled_deepslate":60,"minecraft:andesite":63,"treechop:chopped_log":29,"minecraft:deepslate_iron_ore":13,"minecraft:stone":261,"create:limestone":1,"minecraft:deepslate_redstone_ore":22,"minecraft:kelp_plant":12,"minecraft:smoker":2,"minecraft:amethyst_cluster":2,"minecraft:crafting_table":6,"minecraft:torch":5,"diagonalfences:minecraft/oak_fence":1,"minecraft:chest":2,"minecraft:sculk_sensor":1,"minecraft:copper_ore":18,"minecraft:oak_planks":173,"minecraft:diorite":2,"minecraft:wall_torch":8,"minecraft:deepslate_copper_ore":3,"minecraft:seagrass":1,"minecraft:birch_planks":3,"minecraft:birch_leaves":2,"minecraft:birch_door":6,"diagonalwindows:minecraft/glass_pane":3,"minecraft:grass":4,"minecraft:oak_log":1,"minecraft:coal_ore":56,"minecraft:sand":43,"minecraft:dirt":38,"minecraft:gold_ore":8,"minecraft:oak_leaves":1,"minecraft:deepslate":207}},"DataVersion":3465}