{"stats":{"minecraft:broken":{"minecraft:stone_pickaxe":2,"minecraft:stone_axe":1},"minecraft:picked_up":{"minecraft:crafting_table":5,"born_in_chaos_v1:diamond_termite_shard":1,"minecraft:wheat":8,"minecraft:chicken":1,"minecraft:brewing_stand":1,"minecraft:cornflower":1,"minecraft:string":3,"minecraft:raw_copper":200,"minecraft:cobbled_deepslate":10,"jojohe:return_from_the_verge_of_death":1,"minecraft:poppy":4,"minecraft:light_gray_wool":2,"minecraft:sugar_cane":61,"minecraft:mangrove_log":2,"minecraft:furnace":2,"minecraft:stick":8,"minecraft:raw_iron":88,"minecraft:acacia_fence":1,"minecraft:torch":10,"minecraft:acacia_log":16,"minecraft:porkchop":4,"minecraft:pointed_dripstone":25,"minecraft:redstone":89,"minecraft:orange_bed":1,"minecraft:diamond_chestplate":1,"minecraft:rotten_flesh":2,"minecraft:mutton":27,"minecraft:obsidian":10,"minecraft:white_wool":70,"minecraft:rail":12,"minecraft:cobblestone":213,"born_in_chaos_v1:corpse_maggot":1,"born_in_chaos_v1:pumpkin_staff":1,"minecraft:andesite":78,"minecraft:brown_wool":2,"minecraft:smoker":1,"create:raw_zinc":42,"minecraft:oak_log":18,"minecraft:yellow_bed":1,"minecraft:lapis_lazuli":53,"minecraft:dirt":87,"minecraft:bone":2,"born_in_chaos_v1:soul_cutlass":1,"minecraft:apple":2,"minecraft:stone_bricks":1,"minecraft:stonecutter":1,"minecraft:wheat_seeds":24,"minecraft:raw_gold":2,"minecraft:iron_ingot":4,"minecraft:mossy_stone_bricks":1,"minecraft:acacia_sapling":7,"minecraft:oak_planks":23,"minecraft:spider_eye":1,"minecraft:pumpkin_seeds":27,"minecraft:diamond":16,"born_in_chaos_v1:rotten_fish":1,"minecraft:oak_sapling":7,"minecraft:black_wool":5,"minecraft:coal":43},"minecraft:killed_by":{"minecraft:player":4,"born_in_chaos_v1:sir_pumpkinhead_without_horse":1,"minecraft:skeleton":1,"minecraft:zombie":1},"minecraft:used":{"minecraft:iron_shovel":84,"minecraft:chest":3,"minecraft:stone":2,"minecraft:torch":15,"minecraft:iron_axe":31,"minecraft:stone_bricks":1,"minecraft:furnace":1,"minecraft:acacia_fence":1,"minecraft:cobbled_deepslate":3,"minecraft:cooked_mutton":9,"epicfight:skillbook":2,"minecraft:water_bucket":4,"minecraft:stone_pickaxe":261,"minecraft:oak_planks":1,"minecraft:wooden_pickaxe":8,"minecraft:crafting_table":8,"minecraft:blast_furnace":1,"minecraft:shears":8,"minecraft:smoker":1,"jojohe:red_wine":1,"minecraft:diamond_pickaxe":11,"minecraft:apple":1,"minecraft:bread":10,"minecraft:iron_pickaxe":214,"minecraft:stone_axe":112,"minecraft:cobblestone":24,"born_in_chaos_v1:rotten_fish":1,"minecraft:bucket":5,"minecraft:cobweb":1},"minecraft:custom":{"minecraft:mob_kills":40,"minecraft:interact_with_crafting_table":20,"minecraft:open_barrel":14,"minecraft:damage_dealt_resisted":396,"minecraft:leave_game":3,"minecraft:time_since_death":2561,"minecraft:climb_one_cm":1154,"minecraft:sprint_one_cm":387626,"minecraft:walk_one_cm":478344,"minecraft:drop":19,"minecraft:play_time":103610,"minecraft:deaths":11,"minecraft:sneak_time":556,"minecraft:walk_under_water_one_cm":2295,"minecraft:jump":2412,"minecraft:interact_with_blast_furnace":9,"minecraft:walk_on_water_one_cm":29160,"minecraft:total_world_time":103610,"minecraft:interact_with_furnace":24,"minecraft:time_since_rest":2584,"minecraft:damage_taken":4084,"minecraft:damage_dealt":7271,"minecraft:player_kills":2,"minecraft:swim_one_cm":8197,"minecraft:fly_one_cm":625364,"minecraft:open_chest":65,"minecraft:crouch_one_cm":3130,"minecraft:interact_with_smoker":4,"minecraft:fall_one_cm":91176},"minecraft:mined":{"create:zinc_ore":15,"minecraft:diamond_ore":5,"create:deepslate_zinc_ore":27,"minecraft:farmland":2,"minecraft:deepslate_diamond_ore":7,"minecraft:sculk_vein":1,"minecraft:brewing_stand":1,"born_in_chaos_v1:infected_diamond_ore":3,"minecraft:obsidian":10,"minecraft:grass_block":83,"minecraft:redstone_ore":7,"minecraft:furnace":2,"minecraft:iron_ore":84,"minecraft:andesite":82,"treechop:chopped_log":6,"minecraft:deepslate_lapis_ore":4,"minecraft:pointed_dripstone":8,"minecraft:dirt_path":14,"minecraft:deepslate_iron_ore":4,"minecraft:stone":39,"minecraft:white_wool":8,"minecraft:orange_bed":1,"minecraft:deepslate_redstone_ore":14,"minecraft:smoker":1,"minecraft:crafting_table":5,"minecraft:torch":8,"minecraft:poppy":1,"minecraft:tall_grass":2,"minecraft:copper_ore":58,"minecraft:cobblestone":48,"minecraft:lapis_ore":6,"minecraft:sugar_cane":23,"minecraft:wall_torch":1,"minecraft:wheat":1,"minecraft:birch_leaves":2,"minecraft:yellow_bed":1,"minecraft:grass":22,"minecraft:coal_ore":44,"minecraft:oak_log":1,"minecraft:acacia_fence":1,"minecraft:dirt":18,"minecraft:gravel":1,"minecraft:dripstone_block":1,"minecraft:stonecutter":1,"minecraft:stone_bricks":1,"minecraft:mossy_stone_bricks":1,"minecraft:gold_ore":2,"minecraft:oak_leaves":8,"minecraft:deepslate":14},"minecraft:killed":{"born_in_chaos_v1:zombie_lumberjack":1,"minecraft:spider":1,"minecraft:chicken":2,"born_in_chaos_v1:corpse_fish":1,"born_in_chaos_v1:felsteed":1,"minecraft:pig":2,"born_in_chaos_v1:diamond_termite":4,"minecraft:iron_golem":1,"born_in_chaos_v1:decrepit_skeleton":2,"minecraft:sheep":19,"minecraft:zombie":4,"born_in_chaos_v1:corpse_fly":2},"minecraft:crafted":{"minecraft:smooth_stone":3,"minecraft:oak_planks":40,"minecraft:iron_nugget":72,"minecraft:furnace":1,"minecraft:blast_furnace":1,"minecraft:stone":5,"minecraft:cooked_mutton":11,"minecraft:iron_axe":1,"minecraft:stone_pickaxe":2,"minecraft:chest":3,"minecraft:smoker":1,"create:andesite_alloy":32,"minecraft:crafting_table":3,"minecraft:wooden_pickaxe":1,"minecraft:iron_helmet":1,"minecraft:stone_axe":2,"minecraft:air":0,"minecraft:diamond_pickaxe":1,"minecraft:shield":1,"minecraft:stick":20,"minecraft:iron_pickaxe":2,"minecraft:iron_ingot":89,"minecraft:iron_shovel":1,"minecraft:torch":4,"minecraft:shears":1},"minecraft:dropped":{"minecraft:glass_bottle":1,"minecraft:cobblestone":2,"minecraft:leather":2,"minecraft:saddle":1,"minecraft:rail":12,"minecraft:dirt":8,"jojohe:return_from_the_verge_of_death":1,"minecraft:string":3,"minecraft:detector_rail":1,"minecraft:rotten_flesh":2,"minecraft:oak_planks":1,"butcher:butchersguidebook":1,"minecraft:poppy":2,"minecraft:mangrove_log":2,"born_in_chaos_v1:corpse_maggot":1,"born_in_chaos_v1:diamond_termite_shard":1,"minecraft:spider_eye":1,"minecraft:arrow":6,"minecraft:wooden_pickaxe":1}},"DataVersion":3465}