{"stats":{"minecraft:killed":{"minecraft:sheep":1,"jujutsucraft:cursed_spirit_grade_39":2,"jujutsucraft:cursed_spirit_grade_314":2,"jujutsucraft:cursed_spirit_grade_313":1,"jujutsucraft:stevenson_screen":1,"jujutsucraft:cursed_spirit_grade_36":1,"minecraft:salmon":3,"jujutsucraft:cursed_spirit_grade_317":1,"jujutsucraft:cursed_spirit_grade_315":1,"jujutsucraft:cursed_spirit_grade_38":1,"jujutsucraft:cursed_spirit_grade_316":2,"jujutsucraft:cursed_spirit_grade_322":1,"minecraft:squid":1},"minecraft:dropped":{"jujutsucraft:clothes_geto_leggings":1,"minecraft:wheat_seeds":1,"jujutsucraft:uniform_normal_leggings":1,"jujutsucraft:clothes_decisive_battle_leggings":1,"jujutsucraft:cursed_technique_changer":3,"minecraft:oak_sapling":1,"jujutsucraft:clothes_geto_helmet":1,"jujutsucraft:clothes_geto_boots":2,"jujutsucraft:clothes_fushiguro_toji_chestplate":1,"jujutsucraft:uniform_gojo_helmet":1,"jujutsucraft:uniform_normal_boots":1,"jujutsucraft:clothes_geto_chestplate":1,"jujutsucraft:uniform_normal_chestplate":1},"minecraft:custom":{"minecraft:time_since_rest":47,"minecraft:sprint_one_cm":95689,"minecraft:damage_taken":3220,"minecraft:walk_one_cm":167053,"minecraft:mob_kills":20,"minecraft:drop":15,"minecraft:damage_dealt":100,"minecraft:swim_one_cm":353,"minecraft:fly_one_cm":268083,"minecraft:open_barrel":9,"minecraft:open_chest":4,"minecraft:interact_with_loom":1,"minecraft:crouch_one_cm":108,"minecraft:play_time":34935,"minecraft:deaths":10,"minecraft:sneak_time":14,"minecraft:walk_under_water_one_cm":510,"minecraft:jump":532,"minecraft:damage_dealt_resisted":2171,"minecraft:leave_game":1,"minecraft:time_since_death":0,"minecraft:walk_on_water_one_cm":7105,"minecraft:total_world_time":34935,"minecraft:fall_one_cm":12055},"minecraft:crafted":{"minecraft:oak_planks":3,"minecraft:crafting_table":1,"minecraft:air":13},"minecraft:picked_up":{"minecraft:stick":4,"minecraft:crafting_table":1,"minecraft:feather":2,"minecraft:chicken":2,"jujutsucraft:clothes_geto_boots":1,"jujutsucraft:cursed_technique_changer":1,"minecraft:oak_log":3,"jujutsucraft:uniform_normal_chestplate":1,"jujutsucraft:clothes_geto_leggings":1,"jujutsucraft:clothes_geto_helmet":1,"jujutsucraft:bullet_ball":25,"jujutsucraft:clothes_geto_chestplate":1,"jujutsucraft:sword_ogi":3,"minecraft:wheat_seeds":1,"minecraft:oak_sapling":5,"minecraft:oak_planks":8,"minecraft:egg":2},"minecraft:used":{"jujutsucraft:clothes_geto_helmet":2,"jujutsucraft:clothes_geto_boots":1,"jujutsucraft:sword_ogi":2,"jujutsucraft:uniform_normal_boots":1,"jujutsucraft:uniform_normal_leggings":1,"jujutsucraft:clothes_geto_leggings":2,"minecraft:egg":1,"jujutsucraft:clothes_geto_chestplate":2,"jujutsucraft:uniform_normal_chestplate":1},"minecraft:killed_by":{"jujutsucraft:cursed_spirit_grade_36":1,"minecraft:player":2,"jujutsucraft:cursed_spirit_grade_312":1,"jujutsucraft:sukuna":1,"jujutsucraft:higuruma_hiromi":1,"jujutsucraft:cursed_spirit_grade_34":1,"jujutsucraft:cursed_spirit_grade_32":1,"jujutsucraft:cursed_spirit_grade_26":1},"minecraft:mined":{"treechop:chopped_log":1,"minecraft:grass":2,"minecraft:oak_leaves":3}},"DataVersion":3465}