{"stats":{"minecraft:crafted":{"minecraft:oak_door":3,"minecraft:smooth_stone":9,"minecraft:oak_planks":644,"create:wrench":1,"minecraft:iron_nugget":144,"minecraft:cooked_chicken":4,"minecraft:furnace":9,"minecraft:blast_furnace":2,"minecraft:jungle_trapdoor":8,"minecraft:stone":9,"minecraft:cooked_mutton":3,"minecraft:glass_pane":48,"minecraft:glass":30,"create:mechanical_press":1,"minecraft:iron_axe":1,"minecraft:stone_pickaxe":2,"minecraft:chest":6,"minecraft:birch_door":3,"create:basin":1,"minecraft:stone_hoe":1,"create:cogwheel":19,"minecraft:oak_fence":45,"minecraft:smoker":4,"minecraft:cooked_beef":44,"create:depot":2,"create:andesite_alloy":36,"create:hand_crank":1,"minecraft:cooked_porkchop":17,"minecraft:crafting_table":3,"minecraft:wooden_pickaxe":1,"minecraft:iron_helmet":1,"create:goggles":1,"create:large_water_wheel":9,"minecraft:bucket":1,"minecraft:birch_planks":20,"minecraft:stone_axe":3,"create:mechanical_mixer":1,"minecraft:air":0,"minecraft:jungle_planks":192,"create:stressometer":1,"create:speedometer":1,"create:encased_fan":1,"create:whisk":1,"create:water_wheel":9,"minecraft:diamond_pickaxe":1,"minecraft:shield":1,"minecraft:stick":28,"minecraft:iron_ingot":106,"minecraft:iron_pickaxe":5,"minecraft:iron_block":1,"minecraft:iron_shovel":1,"minecraft:gold_ingot":34,"minecraft:iron_leggings":1,"create:large_cogwheel":11,"create:propeller":1,"create:shaft":48,"minecraft:torch":52},"minecraft:used":{"minecraft:oak_fence":43,"minecraft:iron_shovel":55,"minecraft:chest":8,"minecraft:shield":1,"minecraft:cooked_chicken":4,"minecraft:stone_hoe":27,"minecraft:oak_door":10,"minecraft:torch":57,"minecraft:dirt":189,"create:mechanical_mixer":1,"create:cogwheel":35,"minecraft:jungle_planks":31,"minecraft:carrot":24,"create:depot":2,"minecraft:tuff":1,"minecraft:jungle_trapdoor":6,"create:speedometer":1,"minecraft:birch_door":8,"minecraft:lava_bucket":1,"create:wrench":20,"chipped:glassblower":2,"minecraft:iron_axe":154,"minecraft:jungle_log":1,"create:shaft":1,"minecraft:furnace":5,"minecraft:egg":1,"minecraft:potato":6,"minecraft:cobbled_deepslate":284,"minecraft:cooked_mutton":3,"minecraft:water_bucket":27,"epicfight:skillbook":2,"minecraft:birch_planks":12,"minecraft:oak_planks":568,"minecraft:stone_pickaxe":262,"minecraft:wooden_pickaxe":6,"minecraft:sand":1,"create:encased_fan":1,"minecraft:crafting_table":9,"minecraft:blast_furnace":2,"minecraft:white_bed":2,"minecraft:smoker":5,"minecraft:diamond_pickaxe":36,"minecraft:apple":8,"create:mechanical_press":1,"minecraft:iron_pickaxe":926,"create:large_water_wheel":8,"minecraft:stone_axe":338,"create:basin":1,"minecraft:cobblestone":124,"minecraft:cooked_porkchop":17,"create:stressometer":1,"minecraft:bucket":29,"minecraft:birch_log":5,"minecraft:glass_pane":37,"create:hand_crank":2,"minecraft:smooth_stone":3,"create:large_cogwheel":20},"minecraft:dropped":{"minecraft:iron_ingot":1,"minecraft:cooked_beef":44,"minecraft:glow_ink_sac":1,"minecraft:feather":2,"minecraft:cobblestone":1,"minecraft:stick":1,"minecraft:diorite":2,"minecraft:iron_axe":1,"minecraft:white_wool":2,"minecraft:dandelion":8,"minecraft:redstone":3,"minecraft:oak_door":2,"minecraft:kelp":4,"minecraft:iron_nugget":64,"minecraft:cobbled_deepslate":5,"minecraft:birch_sapling":4,"minecraft:rotten_flesh":9,"minecraft:oak_planks":1,"minecraft:gunpowder":3,"minecraft:andesite":64,"minecraft:birch_door":2,"create:limestone":1,"minecraft:spider_eye":1,"minecraft:arrow":4,"minecraft:wooden_pickaxe":1},"minecraft:picked_up":{"minecraft:crafting_table":6,"minecraft:birch_door":9,"minecraft:chicken":4,"minecraft:jungle_trapdoor":2,"minecraft:string":2,"minecraft:iron_axe":1,"minecraft:raw_copper":136,"create:limestone":1,"minecraft:cobbled_deepslate":324,"minecraft:beef":25,"chipped:glassblower":2,"minecraft:chest":2,"minecraft:birch_sapling":13,"minecraft:furnace":2,"minecraft:iron_boots":1,"minecraft:egg":1,"minecraft:stick":73,"minecraft:raw_iron":114,"minecraft:oak_door":9,"minecraft:oak_fence":1,"minecraft:torch":23,"create:andesite_casing":2,"epicfight:skillbook":2,"minecraft:porkchop":17,"minecraft:diorite":2,"minecraft:carrot":21,"minecraft:redstone":197,"create:large_cogwheel":3,"minecraft:arrow":4,"minecraft:rotten_flesh":9,"minecraft:diamond_chestplate":1,"minecraft:obsidian":21,"minecraft:mutton":3,"minecraft:birch_log":10,"minecraft:white_wool":4,"minecraft:cobblestone":601,"minecraft:feather":4,"minecraft:cooked_beef":14,"minecraft:glow_ink_sac":1,"minecraft:andesite":169,"minecraft:jungle_log":96,"minecraft:golden_leggings":1,"minecraft:smoker":3,"minecraft:potato":6,"minecraft:birch_planks":3,"minecraft:flint":1,"minecraft:tuff":1,"create:raw_zinc":70,"minecraft:oak_log":201,"minecraft:gunpowder":3,"minecraft:dirt":411,"minecraft:lantern":4,"minecraft:bone":4,"minecraft:apple":13,"minecraft:kelp":75,"minecraft:raw_gold":34,"minecraft:iron_ingot":1,"minecraft:oak_planks":173,"minecraft:dandelion":8,"minecraft:gravel":16,"minecraft:sand":43,"minecraft:jungle_planks":18,"minecraft:amethyst_shard":8,"minecraft:white_bed":2,"minecraft:spider_eye":1,"minecraft:diamond":9,"minecraft:oak_sapling":112,"minecraft:coal":56},"minecraft:broken":{"minecraft:stone_pickaxe":2,"minecraft:stone_axe":2,"minecraft:iron_pickaxe":2},"minecraft:killed":{"minecraft:spider":2,"minecraft:skeleton":4,"minecraft:chicken":4,"minecraft:pig":8,"minecraft:creeper":2,"minecraft:sheep":2,"minecraft:zombie":9},"minecraft:killed_by":{"minecraft:player":1,"minecraft:skeleton":1},"minecraft:custom":{"lootr:looted_stat":1,"minecraft:mob_kills":31,"minecraft:interact_with_crafting_table":55,"minecraft:open_barrel":1,"minecraft:damage_dealt_resisted":15,"minecraft:leave_game":6,"minecraft:time_since_death":13524,"minecraft:climb_one_cm":1542,"minecraft:sprint_one_cm":551759,"minecraft:damage_blocked_by_shield":75,"minecraft:walk_one_cm":1725146,"minecraft:drop":33,"minecraft:damage_dealt_absorbed":40,"minecraft:play_time":268065,"minecraft:sneak_time":13233,"minecraft:deaths":3,"minecraft:walk_under_water_one_cm":73220,"minecraft:jump":3251,"minecraft:walk_on_water_one_cm":139274,"minecraft:total_world_time":268065,"minecraft:interact_with_furnace":38,"minecraft:sleep_in_bed":6,"minecraft:time_since_rest":13549,"minecraft:damage_taken":1817,"minecraft:damage_dealt":5179,"minecraft:player_kills":4,"minecraft:swim_one_cm":95928,"minecraft:fly_one_cm":829700,"minecraft:open_chest":105,"minecraft:crouch_one_cm":113589,"minecraft:interact_with_smoker":12,"minecraft:fall_one_cm":78686,"minecraft:inspect_dispenser":1},"minecraft:mined":{"create:zinc_ore":56,"minecraft:large_amethyst_bud":1,"create:deepslate_zinc_ore":14,"minecraft:tuff":16,"minecraft:white_bed":2,"minecraft:deepslate_diamond_ore":5,"minecraft:oak_door":7,"minecraft:sculk_vein":6,"create:andesite_casing":2,"farmersdelight:wild_carrots":13,"minecraft:obsidian":21,"minecraft:grass_block":21,"minecraft:jungle_planks":18,"chipped:glassblower":2,"minecraft:kelp":14,"minecraft:redstone_ore":1,"minecraft:furnace":2,"minecraft:carrots":2,"minecraft:iron_ore":79,"minecraft:cobbled_deepslate":60,"minecraft:fire":3,"minecraft:andesite":63,"treechop:chopped_log":33,"minecraft:potatoes":2,"minecraft:deepslate_iron_ore":13,"minecraft:lantern":4,"minecraft:stone":536,"create:limestone":1,"minecraft:jungle_trapdoor":2,"minecraft:deepslate_redstone_ore":22,"minecraft:kelp_plant":12,"minecraft:smoker":3,"minecraft:amethyst_cluster":2,"minecraft:crafting_table":6,"minecraft:torch":6,"diagonalfences:minecraft/oak_fence":1,"minecraft:chest":2,"minecraft:sculk_sensor":1,"minecraft:copper_ore":18,"minecraft:cobblestone":25,"minecraft:oak_planks":179,"minecraft:diorite":2,"minecraft:wall_torch":11,"minecraft:deepslate_copper_ore":3,"minecraft:seagrass":1,"minecraft:birch_planks":3,"minecraft:birch_leaves":2,"minecraft:birch_door":6,"minecraft:grass":4,"diagonalwindows:minecraft/glass_pane":3,"minecraft:oak_log":1,"minecraft:coal_ore":56,"minecraft:gravel":17,"minecraft:dirt":69,"minecraft:sand":43,"minecraft:gold_ore":8,"minecraft:oak_leaves":3,"minecraft:deepslate":207}},"DataVersion":3465}