{"stats":{"minecraft:crafted":{"minecraft:oak_planks":1352,"minecraft:smooth_stone":9,"minecraft:barrel":108,"minecraft:cooked_chicken":4,"minecraft:stone":10,"minecraft:lever":6,"create:item_vault":3,"create:mechanical_bearing":1,"create:deployer":6,"minecraft:cooked_mutton":3,"minecraft:iron_bars":16,"minecraft:deepslate_brick_stairs":52,"create:rotation_speed_controller":1,"minecraft:glass":30,"minecraft:hopper":3,"create:andesite_funnel":4,"create:mechanical_press":2,"minecraft:chest":23,"create:spout":2,"minecraft:copper_block":1,"minecraft:birch_door":3,"minecraft:dried_kelp_block":1,"create:brass_funnel":4,"minecraft:stone_hoe":1,"create:cogwheel":109,"minecraft:oak_fence":45,"create:brass_hand":6,"minecraft:smoker":4,"create:depot":3,"minecraft:oak_slab":198,"create:rose_quartz":16,"minecraft:cooked_porkchop":17,"minecraft:crafting_table":15,"minecraft:spruce_planks":484,"create:mechanical_saw":4,"create:fluid_pipe":32,"minecraft:wooden_pickaxe":1,"minecraft:iron_helmet":1,"minecraft:spruce_door":3,"create:sand_paper":3,"minecraft:birch_planks":20,"create:gearshift":2,"create:mechanical_mixer":1,"create:stressometer":1,"create:gearbox":5,"create:encased_fan":1,"minecraft:paper":3,"minecraft:diamond_pickaxe":1,"create:water_wheel":16,"minecraft:shield":1,"create:portable_storage_interface":2,"create:super_glue":1,"minecraft:stick":96,"create:mechanical_pump":4,"minecraft:iron_ingot":106,"minecraft:iron_pickaxe":5,"minecraft:iron_block":2,"minecraft:gold_ingot":34,"create:large_cogwheel":37,"create:propeller":1,"minecraft:deepslate_bricks":404,"minecraft:shears":1,"create:empty_blaze_burner":10,"create:chute":8,"minecraft:oak_door":3,"create:wrench":1,"create:steam_engine":1,"minecraft:iron_nugget":279,"create:white_sail":32,"minecraft:furnace":9,"create:smart_chute":1,"minecraft:blast_furnace":2,"minecraft:jungle_trapdoor":8,"minecraft:bone_meal":288,"minecraft:glass_pane":48,"minecraft:flint_and_steel":1,"minecraft:polished_deepslate":560,"minecraft:iron_axe":4,"minecraft:ladder":12,"minecraft:spruce_slab":228,"minecraft:slime_ball":4,"create:millstone":1,"minecraft:lime_dye":8,"minecraft:stone_pickaxe":2,"create:fluid_tank":108,"minecraft:diamond_boots":1,"create:hose_pulley":1,"create:basin":1,"create:electron_tube":16,"create:belt_connector":9,"create:windmill_bearing":1,"minecraft:cooked_beef":44,"create:andesite_alloy":36,"create:hand_crank":2,"minecraft:dried_kelp":74,"create:dough":4,"create:goggles":1,"create:large_water_wheel":15,"minecraft:bucket":9,"create:item_drain":1,"minecraft:stone_axe":3,"minecraft:jungle_slab":12,"minecraft:air":0,"minecraft:jungle_planks":260,"create:speedometer":1,"minecraft:oak_boat":1,"create:whisk":1,"create:mechanical_arm":1,"minecraft:white_dye":4,"create:mechanical_crafter":21,"minecraft:iron_shovel":1,"minecraft:iron_leggings":1,"create:shaft":176,"minecraft:acacia_planks":8,"minecraft:torch":52},"minecraft:used":{"create:deployer":12,"minecraft:iron_shovel":91,"minecraft:polished_deepslate":155,"minecraft:spruce_slab":161,"minecraft:ladder":14,"create:portable_storage_interface":4,"minecraft:chest":23,"minecraft:shield":20,"minecraft:stone":2,"create:mechanical_bearing":1,"create:fluid_tank":33,"create:white_sail":31,"create:cogwheel":307,"minecraft:jungle_planks":80,"create:mechanical_crafter":23,"minecraft:carrot":121,"create:depot":10,"createchunkloading:chunk_loader":7,"minecraft:tuff":1,"create:speedometer":2,"minecraft:obsidian":21,"minecraft:lava_bucket":9,"minecraft:lantern":4,"create:millstone":3,"create:andesite_funnel":6,"createdeco:andesite_mesh_fence":4,"create:rotation_speed_controller":8,"create:shaft":153,"minecraft:oak_sapling":22,"create:steam_engine":5,"minecraft:furnace":5,"create_power_loader:brass_chunk_loader":2,"minecraft:egg":1,"minecraft:potato":53,"farmersdelight:chicken_soup":1,"epicfight:skillbook":3,"minecraft:spruce_door":5,"create:crushing_wheel":3,"minecraft:oak_planks":782,"minecraft:stone_pickaxe":262,"minecraft:cactus":19,"minecraft:wooden_pickaxe":6,"minecraft:sugar_cane":5,"chunkloaders:single_chunk_loader":25,"create:mechanical_saw":8,"create:spout":5,"minecraft:sand":1,"minecraft:blast_furnace":2,"minecraft:sponge":8,"minecraft:deepslate_brick_stairs":52,"minecraft:lever":5,"minecraft:melon_slice":11,"create:basin":1,"create:stressometer":1,"minecraft:birch_log":5,"minecraft:oak_boat":1,"minecraft:bone_meal":283,"create:large_cogwheel":78,"minecraft:oak_fence":43,"minecraft:acacia_log":1,"minecraft:flint_and_steel":4,"create:item_vault":6,"minecraft:spruce_planks":228,"minecraft:stone_hoe":80,"minecraft:cooked_chicken":4,"minecraft:netherrack":79,"minecraft:oak_door":10,"minecraft:torch":81,"create:mechanical_pump":8,"minecraft:dirt":280,"create:mechanical_mixer":1,"minecraft:hopper":3,"minecraft:jungle_trapdoor":6,"create:smart_chute":1,"create:chute":9,"minecraft:birch_door":8,"create:gearbox":14,"chunkloaders:ultimate_chunk_loader":4,"create:wrench":361,"chipped:glassblower":2,"minecraft:iron_axe":754,"create:hose_pulley":1,"minecraft:jungle_log":10,"create:creative_motor":2,"minecraft:barrel":9,"minecraft:beef":8,"create:fluid_pipe":81,"minecraft:cooked_beef":14,"minecraft:cobbled_deepslate":321,"create:belt_connector":22,"create:gearshift":8,"minecraft:cooked_mutton":3,"minecraft:water_bucket":70,"chunkloaders:basic_chunk_loader":1,"minecraft:birch_planks":12,"create:empty_blaze_burner":9,"minecraft:deepslate_bricks":392,"create:blaze_burner":12,"create:item_drain":1,"create:encased_fan":1,"create:brass_funnel":7,"minecraft:crafting_table":15,"minecraft:white_bed":2,"minecraft:spruce_log":144,"create:filter":2,"minecraft:smoker":5,"minecraft:oak_log":7,"farmersdelight:apple_cider":1,"minecraft:diamond_pickaxe":1014,"minecraft:apple":9,"create:mechanical_press":2,"create:windmill_bearing":1,"minecraft:iron_pickaxe":1017,"create:water_wheel":2,"create:mechanical_arm":43,"minecraft:spruce_sapling":19,"create:large_water_wheel":46,"minecraft:stone_axe":338,"minecraft:cobblestone":332,"minecraft:cooked_porkchop":17,"minecraft:bucket":60,"minecraft:glass_pane":37,"create:hand_crank":3,"minecraft:smooth_stone":3},"minecraft:dropped":{"minecraft:cooked_beef":47,"minecraft:glow_ink_sac":1,"chunkloaders:advanced_chunk_loader":1,"minecraft:flint":1,"minecraft:dirt":2,"minecraft:white_wool":2,"minecraft:oak_door":2,"minecraft:iron_nugget":164,"minecraft:cobbled_deepslate":5,"minecraft:wheat":6,"minecraft:birch_sapling":4,"minecraft:rotten_flesh":12,"minecraft:oak_planks":1,"minecraft:gunpowder":3,"create:limestone":1,"minecraft:birch_door":2,"minecraft:arrow":6,"minecraft:iron_ingot":2,"create:rose_quartz":18,"minecraft:wheat_seeds":2,"minecraft:feather":2,"minecraft:cobblestone":2,"create:chute":1,"minecraft:copper_ingot":32,"minecraft:spruce_door":1,"minecraft:stick":1,"minecraft:lava_bucket":25,"minecraft:diorite":2,"minecraft:iron_axe":1,"minecraft:bucket":8,"minecraft:dandelion":8,"minecraft:redstone":3,"minecraft:kelp":4,"sophisticatedbackpacks:backpack":1,"create:zinc_ingot":32,"minecraft:andesite":160,"minecraft:spider_eye":1,"minecraft:slime_ball":2,"minecraft:wooden_pickaxe":1},"minecraft:picked_up":{"minecraft:wheat":3,"minecraft:birch_door":9,"minecraft:enchanted_book":1,"minecraft:polished_deepslate":2,"minecraft:string":7,"minecraft:raw_copper":430,"create:limestone":1,"minecraft:gold_nugget":1,"minecraft:cobbled_deepslate":918,"minecraft:bucket":1,"minecraft:spruce_planks":49,"chipped:glassblower":2,"minecraft:melon_slice":16,"minecraft:furnace":2,"minecraft:iron_boots":1,"minecraft:stick":89,"minecraft:oak_fence":1,"minecraft:torch":41,"create:andesite_casing":2,"minecraft:porkchop":17,"epicfight:skillbook":3,"minecraft:diorite":2,"create:large_cogwheel":3,"minecraft:cactus":27,"minecraft:rotten_flesh":16,"minecraft:obsidian":28,"minecraft:deepslate_brick_stairs":5,"minecraft:cobblestone":1386,"minecraft:birch_log":10,"minecraft:feather":4,"minecraft:cooked_beef":20,"minecraft:andesite":169,"minecraft:jungle_log":96,"minecraft:golden_leggings":1,"minecraft:smoker":3,"minecraft:potato":62,"minecraft:flint":3,"minecraft:tuff":1,"create:raw_zinc":74,"create:incomplete_precision_mechanism":1,"minecraft:dirt":540,"minecraft:lantern":4,"minecraft:name_tag":2,"minecraft:leather_boots":1,"minecraft:bone":9,"minecraft:wheat_seeds":2,"minecraft:raw_gold":34,"minecraft:glowstone_dust":39,"minecraft:diamond_helmet":1,"minecraft:oak_planks":428,"minecraft:ghast_tear":1,"create:cogwheel":6,"minecraft:sand":60,"minecraft:jungle_planks":27,"minecraft:nether_brick_stairs":2,"minecraft:barrel":12,"minecraft:diamond":17,"minecraft:lever":1,"minecraft:crossbow":1,"minecraft:golden_apple":2,"minecraft:oak_sapling":182,"minecraft:netherrack":73,"minecraft:crafting_table":9,"minecraft:ladder":9,"minecraft:chicken":4,"minecraft:nether_wart":20,"minecraft:brown_mushroom":8,"farmersdelight:chicken_soup":1,"minecraft:jungle_trapdoor":2,"minecraft:iron_axe":1,"minecraft:flint_and_steel":2,"create:chute":1,"minecraft:beef":33,"minecraft:oak_boat":1,"minecraft:spruce_slab":5,"minecraft:sugar_cane":13,"minecraft:chest":5,"minecraft:birch_sapling":13,"minecraft:egg":1,"minecraft:raw_iron":296,"minecraft:oak_door":11,"sophisticatedbackpacks:backpack":1,"minecraft:redstone":215,"minecraft:carrot":112,"minecraft:arrow":6,"minecraft:diamond_chestplate":1,"minecraft:deepslate_bricks":89,"farmersdelight:hamburger":1,"minecraft:gold_ingot":76,"minecraft:mutton":3,"minecraft:white_wool":18,"createdeco:andesite_mesh_fence":4,"minecraft:glow_ink_sac":1,"minecraft:leather":3,"minecraft:birch_planks":11,"chunkloaders:single_chunk_loader":4,"minecraft:oak_log":233,"minecraft:gunpowder":3,"create:crushing_wheel":2,"minecraft:apple":14,"minecraft:kelp":110,"farmersdelight:apple_cider":2,"minecraft:iron_ingot":78,"minecraft:soul_sand":19,"minecraft:book":9,"create:large_water_wheel":3,"minecraft:quartz":151,"minecraft:dandelion":8,"minecraft:gravel":30,"minecraft:lava_bucket":25,"minecraft:amethyst_shard":8,"minecraft:spruce_sapling":90,"minecraft:white_bed":2,"minecraft:spruce_log":42,"minecraft:spruce_door":4,"minecraft:spider_eye":4,"minecraft:gray_wool":3,"chunkloaders:ultimate_chunk_loader":3,"minecraft:coal":59},"minecraft:broken":{"minecraft:stone_pickaxe":2,"minecraft:stone_axe":2,"minecraft:iron_axe":3,"minecraft:iron_pickaxe":3,"create:sand_paper":2},"minecraft:killed":{"minecraft:zombified_piglin":1,"minecraft:spider":4,"minecraft:skeleton":5,"minecraft:chicken":4,"minecraft:piglin":1,"minecraft:pig":8,"minecraft:creeper":2,"minecraft:sheep":2,"minecraft:zombie":14,"minecraft:ghast":1,"minecraft:cow":4,"minecraft:drowned":2,"minecraft:husk":2,"minecraft:wither_skeleton":2},"minecraft:killed_by":{"minecraft:zombified_piglin":1,"minecraft:player":6,"minecraft:skeleton":1},"minecraft:custom":{"lootr:looted_stat":2,"minecraft:interact_with_crafting_table":161,"minecraft:open_barrel":39,"minecraft:leave_game":16,"minecraft:time_since_death":96,"minecraft:sprint_one_cm":1764643,"minecraft:damage_blocked_by_shield":438,"minecraft:drop":95,"minecraft:talked_to_villager":1,"minecraft:play_time":873826,"minecraft:deaths":40,"minecraft:jump":9995,"minecraft:walk_on_water_one_cm":232049,"minecraft:interact_with_furnace":57,"minecraft:sleep_in_bed":7,"minecraft:damage_dealt":9266,"minecraft:player_kills":7,"minecraft:crouch_one_cm":193290,"minecraft:interact_with_smoker":15,"minecraft:inspect_dispenser":1,"minecraft:mob_kills":52,"minecraft:inspect_hopper":7,"minecraft:damage_dealt_resisted":15,"minecraft:climb_one_cm":60039,"minecraft:walk_one_cm":4484832,"minecraft:damage_dealt_absorbed":40,"minecraft:sneak_time":31828,"minecraft:walk_under_water_one_cm":579597,"minecraft:boat_one_cm":73513,"minecraft:interact_with_blast_furnace":6,"minecraft:total_world_time":873826,"minecraft:time_since_rest":121,"minecraft:damage_taken":11243,"minecraft:damage_absorbed":3,"minecraft:swim_one_cm":357554,"minecraft:fly_one_cm":2905134,"minecraft:open_chest":559,"minecraft:fall_one_cm":214606},"minecraft:mined":{"minecraft:large_amethyst_bud":1,"create:deepslate_zinc_ore":14,"minecraft:spruce_planks":50,"minecraft:white_bed":2,"minecraft:oak_sapling":60,"create:andesite_casing":2,"minecraft:sculk_vein":6,"minecraft:obsidian":28,"minecraft:grass_block":48,"chipped:glassblower":2,"minecraft:deepslate_bricks":89,"diagonalfences:createdeco/andesite_mesh_fence":4,"minecraft:nether_wart":20,"minecraft:glowstone":11,"minecraft:cobbled_deepslate":278,"minecraft:iron_ore":79,"minecraft:fire":39,"minecraft:barrel":2,"minecraft:nether_brick_stairs":2,"chunkloaders:single_chunk_loader":4,"minecraft:deepslate_brick_stairs":5,"create:limestone":1,"minecraft:spruce_slab":5,"minecraft:jungle_trapdoor":2,"minecraft:deepslate_redstone_ore":22,"minecraft:brown_mushroom":11,"minecraft:kelp_plant":15,"minecraft:smoker":3,"minecraft:crimson_nylium":1,"minecraft:amethyst_cluster":2,"minecraft:torch":8,"diagonalfences:minecraft/oak_fence":1,"minecraft:melon":3,"minecraft:chest":5,"minecraft:nether_quartz_ore":66,"minecraft:cobblestone":142,"chunkloaders:ultimate_chunk_loader":3,"minecraft:sugar_cane":3,"minecraft:oak_planks":483,"minecraft:wall_torch":23,"minecraft:deepslate_copper_ore":3,"minecraft:seagrass":1,"minecraft:birch_door":6,"minecraft:grass":4,"diagonalwindows:minecraft/glass_pane":3,"minecraft:oak_log":1,"minecraft:sand":60,"minecraft:dirt":132,"minecraft:netherrack":49,"minecraft:oak_leaves":6,"minecraft:deepslate":207,"create:zinc_ore":60,"minecraft:tuff":16,"minecraft:deepslate_diamond_ore":5,"minecraft:oak_door":9,"farmersdelight:wild_carrots":13,"minecraft:ladder":9,"minecraft:jungle_planks":27,"minecraft:spruce_leaves":11,"minecraft:kelp":43,"minecraft:redstone_ore":1,"minecraft:spruce_sapling":72,"minecraft:furnace":2,"minecraft:carrots":27,"minecraft:andesite":63,"treechop:chopped_log":39,"minecraft:polished_deepslate":2,"minecraft:potatoes":15,"minecraft:deepslate_iron_ore":13,"minecraft:lantern":4,"minecraft:stone":986,"minecraft:white_wool":3,"minecraft:soul_sand":20,"minecraft:spruce_door":4,"minecraft:crafting_table":9,"minecraft:sculk_sensor":1,"minecraft:copper_ore":46,"minecraft:diorite":2,"minecraft:birch_planks":12,"minecraft:cactus":13,"minecraft:spruce_log":24,"minecraft:birch_leaves":2,"minecraft:coal_ore":56,"minecraft:gravel":34,"minecraft:gold_ore":8,"minecraft:fern":1}},"DataVersion":3465}