{
  "jujutsucraft:skill_divine_dog_totality": {
    "criteria": {
      "skill_divine_dog_totality_0": "2024-08-31 04:31:18 +0000"
    },
    "done": true
  },
  "jjcr:skill_kamino_fuga_advanced": {
    "criteria": {
      "skill_kamino_fuga_advanced_0": "2024-08-31 04:31:18 +0000"
    },
    "done": true
  },
  "jjcr:skill_frost_calm_maximum_output_advanced": {
    "criteria": {
      "skill_frost_calm_maximum_output_advanced_0": "2024-08-31 04:31:18 +0000"
    },
    "done": true
  },
  "create:root": {
    "criteria": {
      "0": "2024-08-31 04:31:18 +0000"
    },
    "done": true
  },
  "jjcr:shikigami_buff": {
    "criteria": {
      "shikigami_buff_0": "2024-08-31 04:31:18 +0000"
    },
    "done": true
  },
  "minecraft:recipes/decorations/crafting_table": {
    "criteria": {
      "unlock_right_away": "2024-08-31 04:31:18 +0000"
    },
    "done": true
  },
  "jjcr:skill_reserve_ball_advanced": {
    "criteria": {
      "skill_reserve_ball_advanced_0": "2024-08-31 04:31:18 +0000"
    },
    "done": true
  },
  "jjcr:skill_hollow_purple_advanced": {
    "criteria": {
      "skill_hollow_purple_advanced_0": "2024-08-31 04:31:18 +0000"
    },
    "done": true
  },
  "jjcr:skill_itadori_piercing_blood": {
    "criteria": {
      "skill_itadori_piercing_blood_0": "2024-08-31 04:31:18 +0000"
    },
    "done": true
  },
  "jjcr:skills_mei_mei_advanced": {
    "criteria": {
      "skills_mei_mei_advanced_0": "2024-08-31 04:31:18 +0000"
    },
    "done": true
  },
  "jjcr:start_with_jjcr": {
    "criteria": {
      "start_with_jjcr_0": "2024-08-31 04:31:18 +0000"
    },
    "done": true
  },
  "jjcr:skill_lightning_explosion_advanced": {
    "criteria": {
      "skill_lightning_explosion_advanced_0": "2024-08-31 04:31:18 +0000"
    },
    "done": true
  },
  "jjcr:skill_crow_summon_advanced": {
    "criteria": {
      "skill_crow_summon_advanced_0": "2024-08-31 04:31:18 +0000"
    },
    "done": true
  },
  "jjcr:skill_itadori_dismantle": {
    "criteria": {
      "skill_itadori_dismantle_0": "2024-08-31 04:31:18 +0000"
    },
    "done": true
  },
  "jjcr:advanced_techniques": {
    "criteria": {
      "advanced_techniques_0": "2024-08-31 04:31:18 +0000"
    },
    "done": true
  },
  "jujutsucraft:skill_merged_beast_agito": {
    "criteria": {
      "skill_merged_beast_agito_0": "2024-08-31 04:31:18 +0000"
    },
    "done": true
  },
  "jjcr:skill_gojo_tp": {
    "criteria": {
      "skill_gojo_tp_0": "2024-08-31 04:31:18 +0000"
    },
    "done": true
  },
  "jjcr:skill_lightning_strike_advanced": {
    "criteria": {
      "skill_lightning_strike_advanced_0": "2024-08-31 04:31:18 +0000"
    },
    "done": true
  },
  "betterdungeons:root": {
    "criteria": {
      "always": "2024-08-31 04:31:18 +0000"
    },
    "done": true
  },
  "jjcr:skill_electromagnetic_waves_advanced": {
    "criteria": {
      "skill_electromagnetic_waves_advanced_0": "2024-08-31 04:31:18 +0000"
    },
    "done": true
  },
  "jjcr:skill_restore_ce_advanced": {
    "criteria": {
      "skill_restore_ce_advanced_0": "2024-08-31 04:31:18 +0000"
    },
    "done": true
  },
  "jjcr:skills_hakari_advanced": {
    "criteria": {
      "skills_hakari_advanced_0": "2024-08-31 04:31:18 +0000"
    },
    "done": true
  },
  "jujutsucraft:jujutsu_craft_skills": {
    "criteria": {
      "jujutsu_craft_skills_0": "2024-08-31 04:31:18 +0000"
    },
    "done": true
  },
  "jjcr:skills_okkotsu_advanced": {
    "criteria": {
      "skills_okkotsu_advanced_0": "2024-08-31 04:31:18 +0000"
    },
    "done": true
  },
  "jujutsucraft:battle_advancements": {
    "criteria": {
      "battle_advancements_0": "2024-08-31 04:31:18 +0000"
    },
    "done": true
  },
  "jjcr:skill_blue_advanced": {
    "criteria": {
      "skill_blue_advanced_0": "2024-08-31 04:31:18 +0000"
    },
    "done": true
  },
  "betterdeserttemples:root": {
    "criteria": {
      "always": "2024-08-31 04:31:18 +0000"
    },
    "done": true
  },
  "jjcr:skill_dismantle_advanced": {
    "criteria": {
      "skill_dismantle_advanced_0": "2024-08-31 04:31:18 +0000"
    },
    "done": true
  },
  "jjcr:skills_itadori_advanced": {
    "criteria": {
      "skills_itadori_advanced_0": "2024-08-31 04:31:18 +0000"
    },
    "done": true
  },
  "jjcr:skills_kashimo_advanced": {
    "criteria": {
      "skills_kashimo_advanced_0": "2024-08-31 04:31:18 +0000"
    },
    "done": true
  },
  "jjcr:skills_gojo_advanced": {
    "criteria": {
      "skills_gojo_advanced_0": "2024-08-31 04:31:18 +0000"
    },
    "done": true
  },
  "jjcr:skills_sukuna_advanced": {
    "criteria": {
      "skills_sukuna_advanced_0": "2024-08-31 04:31:18 +0000"
    },
    "done": true
  },
  "jujutsucraft:start_jujutsu_craft": {
    "criteria": {
      "start_jujutsu_craft_0": "2024-08-31 04:31:18 +0000"
    },
    "done": true
  },
  "jjcr:skills_uraume_advanced": {
    "criteria": {
      "skills_uraume_advanced_0": "2024-08-31 04:31:18 +0000"
    },
    "done": true
  },
  "inventorypets:root": {
    "criteria": {
      "auto": "2024-08-31 04:31:19 +0000"
    },
    "done": true
  },
  "minecraft:adventure/adventuring_time": {
    "criteria": {
      "minecraft:river": "2024-08-31 04:48:12 +0000",
      "minecraft:snowy_plains": "2024-08-31 04:32:15 +0000",
      "minecraft:snowy_taiga": "2024-08-31 04:31:19 +0000",
      "minecraft:forest": "2024-08-31 04:48:03 +0000"
    },
    "done": false
  },
  "jujutsucraft:skill_dismantle": {
    "criteria": {
      "skill_dismantle_0": "2024-08-31 04:31:43 +0000"
    },
    "done": true
  },
  "jujutsucraft:skill_sukuna": {
    "criteria": {
      "skill_sukuna_0": "2024-08-31 04:31:43 +0000"
    },
    "done": true
  },
  "jujutsucraft:skill_cleave": {
    "criteria": {
      "skill_cleave_0": "2024-08-31 04:31:43 +0000"
    },
    "done": true
  },
  "minecraft:adventure/root": {
    "criteria": {
      "killed_something": "2024-08-31 04:32:09 +0000"
    },
    "done": true
  },
  "jujutsucraft:fame_3": {
    "criteria": {
      "fame_3_0": "2024-08-31 04:32:09 +0000"
    },
    "done": true
  },
  "jujutsucraft:fame_4": {
    "criteria": {
      "fame_4_0": "2024-08-31 04:32:09 +0000"
    },
    "done": true
  },
  "jujutsucraft:advancement_insect": {
    "criteria": {
      "advancement_insect_0": "2024-08-31 04:32:26 +0000"
    },
    "done": true
  },
  "minecraft:recipes/building_blocks/stone_bricks": {
    "criteria": {
      "has_stone": "2024-08-31 04:35:38 +0000"
    },
    "done": true
  },
  "create_dd:recipes/create_dd.palettes/cut_stone_brick_wall_from_stone_types_stone_stonecutting": {
    "criteria": {
      "has_stone_types_stone": "2024-08-31 04:35:38 +0000"
    },
    "done": true
  },
  "minecraft:recipes/building_blocks/stone_bricks_from_stone_stonecutting": {
    "criteria": {
      "has_stone": "2024-08-31 04:35:38 +0000"
    },
    "done": true
  },
  "minecraft:recipes/building_blocks/stone_slab": {
    "criteria": {
      "has_stone": "2024-08-31 04:35:38 +0000"
    },
    "done": true
  },
  "minecraft:recipes/building_blocks/stone_stairs_from_stone_stonecutting": {
    "criteria": {
      "has_stone": "2024-08-31 04:35:38 +0000"
    },
    "done": true
  },
  "create_dd:recipes/create_dd.palettes/polished_cut_stone_slab_from_stone_types_stone_stonecutting": {
    "criteria": {
      "has_stone_types_stone": "2024-08-31 04:35:38 +0000"
    },
    "done": true
  },
  "minecraft:recipes/redstone/stone_button": {
    "criteria": {
      "has_stone": "2024-08-31 04:35:38 +0000"
    },
    "done": true
  },
  "minecraft:recipes/redstone/stone_pressure_plate": {
    "criteria": {
      "has_stone": "2024-08-31 04:35:38 +0000"
    },
    "done": true
  },
  "create_dd:recipes/create_dd.palettes/polished_cut_stone_wall_from_stone_types_stone_stonecutting": {
    "criteria": {
      "has_stone_types_stone": "2024-08-31 04:35:38 +0000"
    },
    "done": true
  },
  "create_dd:recipes/create_dd.palettes/cut_stone_stairs_from_stone_types_stone_stonecutting": {
    "criteria": {
      "has_stone_types_stone": "2024-08-31 04:35:38 +0000"
    },
    "done": true
  },
  "create_dd:recipes/create_dd.palettes/small_stone_brick_wall_from_stone_types_stone_stonecutting": {
    "criteria": {
      "has_stone_types_stone": "2024-08-31 04:35:38 +0000"
    },
    "done": true
  },
  "create_dd:recipes/create_dd.palettes/small_stone_brick_stairs_from_stone_types_stone_stonecutting": {
    "criteria": {
      "has_stone_types_stone": "2024-08-31 04:35:38 +0000"
    },
    "done": true
  },
  "create_dd:recipes/create_dd.palettes/polished_cut_stone_stairs_from_stone_types_stone_stonecutting": {
    "criteria": {
      "has_stone_types_stone": "2024-08-31 04:35:38 +0000"
    },
    "done": true
  },
  "create_dd:recipes/create_dd.palettes/cut_stone_wall_from_stone_types_stone_stonecutting": {
    "criteria": {
      "has_stone_types_stone": "2024-08-31 04:35:38 +0000"
    },
    "done": true
  },
  "minecraft:recipes/building_blocks/stone_stairs": {
    "criteria": {
      "has_stone": "2024-08-31 04:35:38 +0000"
    },
    "done": true
  },
  "create_dd:recipes/create_dd.palettes/cut_stone_bricks_from_stone_types_stone_stonecutting": {
    "criteria": {
      "has_stone_types_stone": "2024-08-31 04:35:38 +0000"
    },
    "done": true
  },
  "create_dd:recipes/create_dd.palettes/cut_stone_from_stone_types_stone_stonecutting": {
    "criteria": {
      "has_stone_types_stone": "2024-08-31 04:35:38 +0000"
    },
    "done": true
  },
  "create_dd:recipes/create_dd.palettes/layered_stone_from_stone_types_stone_stonecutting": {
    "criteria": {
      "has_stone_types_stone": "2024-08-31 04:35:38 +0000"
    },
    "done": true
  },
  "create_dd:recipes/create_dd.palettes/stone_pillar_from_stone_types_stone_stonecutting": {
    "criteria": {
      "has_stone_types_stone": "2024-08-31 04:35:38 +0000"
    },
    "done": true
  },
  "minecraft:recipes/decorations/stonecutter": {
    "criteria": {
      "has_stone": "2024-08-31 04:35:38 +0000"
    },
    "done": true
  },
  "minecraft:recipes/building_blocks/smooth_stone": {
    "criteria": {
      "has_stone": "2024-08-31 04:35:38 +0000"
    },
    "done": true
  },
  "create_dd:recipes/create_dd.palettes/cut_stone_brick_slab_from_stone_types_stone_stonecutting": {
    "criteria": {
      "has_stone_types_stone": "2024-08-31 04:35:38 +0000"
    },
    "done": true
  },
  "create_dd:recipes/create_dd.palettes/cut_stone_brick_stairs_from_stone_types_stone_stonecutting": {
    "criteria": {
      "has_stone_types_stone": "2024-08-31 04:35:38 +0000"
    },
    "done": true
  },
  "minecraft:recipes/decorations/stone_brick_walls_from_stone_stonecutting": {
    "criteria": {
      "has_stone": "2024-08-31 04:35:38 +0000"
    },
    "done": true
  },
  "minecraft:recipes/building_blocks/stone_brick_slab_from_stone_stonecutting": {
    "criteria": {
      "has_stone": "2024-08-31 04:35:38 +0000"
    },
    "done": true
  },
  "minecraft:recipes/building_blocks/stone_brick_stairs_from_stone_stonecutting": {
    "criteria": {
      "has_stone": "2024-08-31 04:35:38 +0000"
    },
    "done": true
  },
  "create_dd:recipes/create_dd.palettes/polished_cut_stone_from_stone_types_stone_stonecutting": {
    "criteria": {
      "has_stone_types_stone": "2024-08-31 04:35:38 +0000"
    },
    "done": true
  },
  "minecraft:recipes/building_blocks/stone_slab_from_stone_stonecutting": {
    "criteria": {
      "has_stone": "2024-08-31 04:35:38 +0000"
    },
    "done": true
  },
  "create_dd:recipes/create_dd.palettes/small_stone_brick_slab_from_stone_types_stone_stonecutting": {
    "criteria": {
      "has_stone_types_stone": "2024-08-31 04:35:38 +0000"
    },
    "done": true
  },
  "minecraft:recipes/building_blocks/chiseled_stone_bricks_stone_from_stonecutting": {
    "criteria": {
      "has_stone": "2024-08-31 04:35:38 +0000"
    },
    "done": true
  },
  "create_dd:recipes/create_dd.palettes/cut_stone_slab_from_stone_types_stone_stonecutting": {
    "criteria": {
      "has_stone_types_stone": "2024-08-31 04:35:38 +0000"
    },
    "done": true
  },
  "create_dd:recipes/create_dd.palettes/small_stone_bricks_from_stone_types_stone_stonecutting": {
    "criteria": {
      "has_stone_types_stone": "2024-08-31 04:35:38 +0000"
    },
    "done": true
  },
  "create_dd:recipes/building_blocks/stone_from_stone_types_stone_stonecutting": {
    "criteria": {
      "has_stone_types_stone": "2024-08-31 04:35:38 +0000"
    },
    "done": true
  },
  "minecraft:recipes/decorations/chest": {
    "criteria": {
      "has_lots_of_items": "2024-08-31 04:37:42 +0000"
    },
    "done": true
  },
  "minecraft:recipes/food/cooked_rabbit": {
    "criteria": {
      "has_rabbit": "2024-08-31 04:38:53 +0000"
    },
    "done": true
  },
  "minecraft:recipes/food/cooked_rabbit_from_campfire_cooking": {
    "criteria": {
      "has_rabbit": "2024-08-31 04:38:53 +0000"
    },
    "done": true
  },
  "minecraft:recipes/misc/leather": {
    "criteria": {
      "has_rabbit_hide": "2024-08-31 04:38:53 +0000"
    },
    "done": true
  },
  "minecraft:recipes/food/cooked_rabbit_from_smoking": {
    "criteria": {
      "has_rabbit": "2024-08-31 04:38:53 +0000"
    },
    "done": true
  },
  "jujutsucraft:skill_naoya": {
    "criteria": {
      "skill_naoya_0": "2024-08-31 04:39:46 +0000"
    },
    "done": true
  },
  "minecraft:story/form_obsidian": {
    "criteria": {
      "obsidian": "2024-08-31 04:41:28 +0000"
    },
    "done": true
  },
  "minecraft:recipes/tools/flint_and_steel": {
    "criteria": {
      "has_obsidian": "2024-08-31 04:41:28 +0000"
    },
    "done": true
  },
  "minecraft:recipes/decorations/enchanting_table": {
    "criteria": {
      "has_obsidian": "2024-08-31 04:41:28 +0000"
    },
    "done": true
  },
  "minecraft:recipes/misc/iron_nugget_from_smelting": {
    "criteria": {
      "has_iron_sword": "2024-08-31 04:41:29 +0000"
    },
    "done": true
  },
  "minecraft:story/iron_tools": {
    "criteria": {
      "iron_pickaxe": "2024-08-31 04:41:29 +0000"
    },
    "done": true
  },
  "minecraft:recipes/misc/iron_nugget_from_blasting": {
    "criteria": {
      "has_iron_sword": "2024-08-31 04:41:29 +0000"
    },
    "done": true
  },
  "minecraft:story/obtain_armor": {
    "criteria": {
      "iron_helmet": "2024-08-31 04:41:30 +0000"
    },
    "done": true
  },
  "jujutsucraft:reverse_cursed_technique_1": {
    "criteria": {
      "reverse_cursed_technique_1_0": "2024-08-31 04:42:33 +0000"
    },
    "done": true
  },
  "jujutsucraft:reverse_cursed_technique_2": {
    "criteria": {
      "reverse_cursed_technique_2_0": "2024-08-31 04:46:23 +0000"
    },
    "done": true
  },
  "jujutsucraft:update": {
    "criteria": {
      "update_0": "2024-08-31 04:51:08 +0000"
    },
    "done": true
  },
  "minecraft:recipes/tools/golden_axe": {
    "criteria": {
      "has_gold_ingot": "2024-08-31 04:50:06 +0000"
    },
    "done": true
  },
  "minecraft:recipes/tools/golden_pickaxe": {
    "criteria": {
      "has_gold_ingot": "2024-08-31 04:50:06 +0000"
    },
    "done": true
  },
  "minecraft:recipes/misc/gold_nugget": {
    "criteria": {
      "has_gold_ingot": "2024-08-31 04:50:06 +0000"
    },
    "done": true
  },
  "minecraft:recipes/tools/golden_shovel": {
    "criteria": {
      "has_gold_ingot": "2024-08-31 04:50:06 +0000"
    },
    "done": true
  },
  "minecraft:recipes/food/golden_apple": {
    "criteria": {
      "has_gold_ingot": "2024-08-31 04:50:06 +0000"
    },
    "done": true
  },
  "minecraft:recipes/decorations/snow": {
    "criteria": {
      "has_snowball": "2024-08-31 04:54:36 +0000"
    },
    "done": true
  },
  "minecraft:recipes/combat/golden_boots": {
    "criteria": {
      "has_gold_ingot": "2024-08-31 04:50:06 +0000"
    },
    "done": true
  },
  "minecraft:recipes/misc/stick": {
    "criteria": {
      "has_planks": "2024-08-31 04:54:23 +0000"
    },
    "done": true
  },
  "minecraft:recipes/transportation/cherry_boat": {
    "criteria": {
      "in_water": "2024-08-31 04:51:57 +0000"
    },
    "done": true
  },
  "minecraft:recipes/combat/golden_chestplate": {
    "criteria": {
      "has_gold_ingot": "2024-08-31 04:50:06 +0000"
    },
    "done": true
  },
  "minecraft:recipes/transportation/bamboo_raft": {
    "criteria": {
      "in_water": "2024-08-31 04:51:57 +0000"
    },
    "done": true
  },
  "minecraft:recipes/decorations/spruce_hanging_sign": {
    "criteria": {
      "has_stripped_logs": "2024-08-31 04:52:12 +0000"
    },
    "done": true
  },
  "minecraft:recipes/decorations/spruce_fence": {
    "criteria": {
      "has_planks": "2024-08-31 04:54:23 +0000"
    },
    "done": true
  },
  "minecraft:recipes/redstone/light_weighted_pressure_plate": {
    "criteria": {
      "has_gold_ingot": "2024-08-31 04:50:06 +0000"
    },
    "done": true
  },
  "create:recipes/building_blocks/spruce_window": {
    "criteria": {
      "has_ingredient": "2024-08-31 04:54:23 +0000"
    },
    "done": true
  },
  "minecraft:recipes/building_blocks/stripped_spruce_wood": {
    "criteria": {
      "has_log": "2024-08-31 04:52:12 +0000"
    },
    "done": true
  },
  "minecraft:recipes/redstone/spruce_button": {
    "criteria": {
      "has_planks": "2024-08-31 04:54:23 +0000"
    },
    "done": true
  },
  "minecraft:recipes/redstone/spruce_pressure_plate": {
    "criteria": {
      "has_planks": "2024-08-31 04:54:23 +0000"
    },
    "done": true
  },
  "minecraft:recipes/misc/charcoal": {
    "criteria": {
      "has_log": "2024-08-31 04:52:12 +0000"
    },
    "done": true
  },
  "minecraft:recipes/combat/golden_sword": {
    "criteria": {
      "has_gold_ingot": "2024-08-31 04:50:06 +0000"
    },
    "done": true
  },
  "minecraft:recipes/building_blocks/gold_block": {
    "criteria": {
      "has_gold_ingot": "2024-08-31 04:50:06 +0000"
    },
    "done": true
  },
  "minecraft:recipes/transportation/acacia_boat": {
    "criteria": {
      "in_water": "2024-08-31 04:51:57 +0000"
    },
    "done": true
  },
  "minecraft:recipes/misc/blue_dye_from_cornflower": {
    "criteria": {
      "has_cornflower": "2024-08-31 04:52:40 +0000"
    },
    "done": true
  },
  "minecraft:recipes/decorations/barrel": {
    "criteria": {
      "has_planks": "2024-08-31 04:54:23 +0000"
    },
    "done": true
  },
  "minecraft:recipes/transportation/jungle_boat": {
    "criteria": {
      "in_water": "2024-08-31 04:51:57 +0000"
    },
    "done": true
  },
  "jujutsucraft:sorcerer_grade_4": {
    "criteria": {
      "sorcerer_grade_4_0": "2024-08-31 04:51:08 +0000"
    },
    "done": true
  },
  "minecraft:recipes/decorations/spruce_sign": {
    "criteria": {
      "has_planks": "2024-08-31 04:54:23 +0000"
    },
    "done": true
  },
  "minecraft:recipes/combat/golden_helmet": {
    "criteria": {
      "has_gold_ingot": "2024-08-31 04:50:06 +0000"
    },
    "done": true
  },
  "minecraft:recipes/transportation/spruce_boat": {
    "criteria": {
      "in_water": "2024-08-31 04:51:57 +0000"
    },
    "done": true
  },
  "minecraft:recipes/transportation/birch_boat": {
    "criteria": {
      "in_water": "2024-08-31 04:51:57 +0000"
    },
    "done": true
  },
  "minecraft:recipes/transportation/oak_boat": {
    "criteria": {
      "in_water": "2024-08-31 04:51:57 +0000"
    },
    "done": true
  },
  "minecraft:recipes/building_blocks/spruce_slab": {
    "criteria": {
      "has_planks": "2024-08-31 04:54:23 +0000"
    },
    "done": true
  },
  "minecraft:recipes/transportation/mangrove_boat": {
    "criteria": {
      "in_water": "2024-08-31 04:51:57 +0000"
    },
    "done": true
  },
  "minecraft:recipes/building_blocks/spruce_planks": {
    "criteria": {
      "has_logs": "2024-08-31 04:52:12 +0000"
    },
    "done": true
  },
  "minecraft:nether/get_wither_skull": {
    "criteria": {
      "wither_skull": "2024-08-31 04:58:26 +0000"
    },
    "done": true
  },
  "minecraft:recipes/redstone/spruce_trapdoor": {
    "criteria": {
      "has_planks": "2024-08-31 04:54:23 +0000"
    },
    "done": true
  },
  "minecraft:recipes/redstone/spruce_door": {
    "criteria": {
      "has_planks": "2024-08-31 04:54:23 +0000"
    },
    "done": true
  },
  "minecraft:recipes/redstone/spruce_fence_gate": {
    "criteria": {
      "has_planks": "2024-08-31 04:54:23 +0000"
    },
    "done": true
  },
  "minecraft:recipes/tools/golden_hoe": {
    "criteria": {
      "has_gold_ingot": "2024-08-31 04:50:06 +0000"
    },
    "done": true
  },
  "minecraft:recipes/building_blocks/spruce_stairs": {
    "criteria": {
      "has_planks": "2024-08-31 04:54:23 +0000"
    },
    "done": true
  },
  "minecraft:recipes/misc/skull_banner_pattern": {
    "criteria": {
      "has_wither_skeleton_skull": "2024-08-31 04:58:26 +0000"
    },
    "done": true
  },
  "minecraft:recipes/building_blocks/snow_block": {
    "criteria": {
      "has_snowball": "2024-08-31 04:54:36 +0000"
    },
    "done": true
  },
  "minecraft:recipes/transportation/dark_oak_boat": {
    "criteria": {
      "in_water": "2024-08-31 04:51:57 +0000"
    },
    "done": true
  },
  "minecraft:recipes/combat/golden_leggings": {
    "criteria": {
      "has_gold_ingot": "2024-08-31 04:50:06 +0000"
    },
    "done": true
  },
  "DataVersion": 3465
}